,nav_long,nav_rest,nav_hs300,rel_vs_rest_pct,rel_vs_hs300_pct
2024-09-02,1.0,1.0,1.0,0.0,0.0
2024-09-03,0.9971698683434227,1.0047795772063832,1.002578000502908,-0.7573510683923312,-0.5394225842550338
2024-09-04,0.993038662343296,0.9977603789900023,0.9960655262723466,-0.4732315239342255,-0.30388200868454174
2024-09-05,0.989259236973977,1.0008291793258721,0.9977785067186603,-1.1560356743084088,-0.8538237381661151
2024-09-06,0.9832928637649093,0.9903691609020071,0.9896890699602543,-0.7145110547114419,-0.6462844129017098
2024-09-09,0.9699471910528616,0.980510704335077,0.9779298140190034,-1.0773480835559957,-0.8162776972035934
2024-09-10,0.9667089095987467,0.9828188924177719,0.9787884941275848,-1.6391608813495662,-1.234136343174419
2024-09-11,0.957590819166153,0.9809765700824038,0.9758404795573429,-2.383925531910147,-1.8701479159245582
2024-09-12,0.9521163129077038,0.9772519012316104,0.9716581965573775,-2.5720685006832666,-2.0111890908666608
2024-09-13,0.9581810647938753,0.9729370095543994,0.9676068472663644,-1.5166392701293385,-0.974133502580965
2024-09-18,0.9645410176067581,0.9762155866812644,0.9712096528924403,-1.1959007040847403,-0.6866318992837184
2024-09-19,0.9648678546564633,0.9856491653784355,0.9788744050173181,-2.1083882026109446,-1.4308832970872376
2024-09-20,0.9650539672374356,0.9871950407542733,0.9804100813136614,-2.2428266556040133,-1.566294999297635
2024-09-23,0.9710011936954887,0.9884516274193184,0.9839978793333312,-1.765431229992498,-1.320804232489592
2024-09-24,1.0053179263168437,1.0295273305935975,1.0266149179895563,-2.351506711608642,-2.074486869372494
2024-09-25,1.0213469404313598,1.0421278086738937,1.041813641669201,-1.994080579135249,-1.9645261320488494
2024-09-26,1.062002444791691,1.0838479876013318,1.0858525132074592,-2.015554123783292,-2.1964371888147594
2024-09-27,1.0813375292634435,1.1380429971946826,1.1343560251404972,-4.982717530973801,-4.673884979848985
2024-09-30,1.168438223743011,1.2476423723531698,1.230579161907877,-6.34830544114755,-5.049731060659535
2024-10-08,1.2161439267158065,1.3345059262446188,1.3035472774823726,-8.869349862078934,-6.705038802687236
2024-10-09,1.147323140775254,1.2404824925218052,1.2116295779707937,-7.509928782401875,-5.307433754071811
2024-10-10,1.1723052615857086,1.247891869124592,1.224433210179077,-6.057144004945558,-4.257312539386648
2024-10-11,1.1475173755884132,1.2098327306621588,1.1905524973729027,-5.150741378904467,-3.614718534415884
2024-10-14,1.178117999610881,1.2363211403104788,1.213270766928503,-4.7077687828731225,-2.8973555018237285
2024-10-15,1.1544834748027384,1.2053407011369446,1.1810051788493205,-4.219323738610569,-2.24568905552327
2024-10-16,1.1662896074700462,1.1963670370390884,1.1735301963760607,-2.5140637143832967,-0.6169921258416644
2024-10-17,1.1548645549535765,1.1869329114037845,1.1602477602678822,-2.7017834068044144,-0.46397032587788267
2024-10-18,1.1678792156859459,1.2336488268643733,1.2022115698844502,-5.33130739852421,-2.8557664107162206
2024-10-21,1.1604277380506915,1.2438031814943584,1.205263136938895,-6.703266616788683,-3.71996765802326
2024-10-22,1.1580996258098848,1.252145649830359,1.2121783050654342,-7.510789502260817,-4.4612809047618
2024-10-23,1.1682501036125774,1.2567974426191881,1.2169052110391048,-7.045474155491316,-3.9982660099697642
2024-10-24,1.1571340872832838,1.2446510968007427,1.2033139857721762,-7.031449194269223,-3.837726398505903
2024-10-25,1.1653374279892033,1.2551426900614553,1.2117634519454905,-7.154984272573417,-3.8312777862502867
2024-10-28,1.1540245202241943,1.2604497434637525,1.2141327854638155,-8.443432496332504,-4.950715931508187
2024-10-29,1.1438794792393083,1.2481551314921435,1.2020323974406204,-8.354382369776092,-4.83788276631577
2024-10-30,1.1431706821647698,1.2409840503086116,1.1912513311593735,-7.881919845747998,-4.036146507203453
2024-10-31,1.123131380177282,1.24560591374364,1.191738588323285,-9.832526661523588,-5.756900784972463
2024-11-01,1.1366709396825818,1.2402584750167347,1.1914263994822674,-8.352092521097687,-4.595790375593445
2024-11-04,1.145593168817039,1.2603637724430137,1.2081925298260854,-9.106149044851563,-5.181240527787178
2024-11-05,1.156876606816676,1.2966164528032333,1.2387622890091325,-10.77726922903418,-6.610282127489986
2024-11-06,1.1445929196493114,1.2974815026871844,1.2325480986128368,-11.783488452145862,-7.136044350927473
2024-11-07,1.1881318321996508,1.330623059921333,1.2697339151384166,-10.708609523880208,-6.426707357018979
2024-11-08,1.1616209838696194,1.3250957433270414,1.256978000992951,-12.336826246756383,-7.586212093449863
2024-11-11,1.151379803474134,1.3404974903678522,1.2652732869812677,-14.108022450815739,-9.001492774645126
2024-11-12,1.1213365516544613,1.325506833801548,1.251371894306021,-15.403185931643016,-10.391422665256034
2024-11-13,1.1379964819896546,1.3355988469717532,1.2590738897970009,-14.795038602356458,-9.616386201676175
2024-11-14,1.1324101211279394,1.3062660535187396,1.2372451731403036,-13.30938149410511,-8.4732641749798
2024-11-15,1.135022890769379,1.281351548389768,1.2155642967205917,-11.419868170001857,-6.625844981503759
2024-11-18,1.1317794211612333,1.2684226193590036,1.2099134122365884,-10.772686966653334,-6.457816756566103
2024-11-19,1.1114767016233345,1.2826944561898523,1.2180330173466476,-13.348288342580616,-8.748228841565764
2024-11-20,1.124283176603426,1.289508345883598,1.2207532225771967,-12.81303605421462,-7.902501848007216
2024-11-21,1.116302383478194,1.290087502853918,1.2218329126609362,-13.470800933369132,-8.637067154535504
2024-11-22,1.091883327216072,1.2492431171908243,1.183977297473116,-12.596410403173374,-7.778356092941485
2024-11-25,1.0927563656450083,1.2435591003250963,1.1785843600526908,-12.126704282945976,-7.282295380522907
2024-11-26,1.1042073158134884,1.239475711171088,1.176162867445162,-10.913355876073961,-6.117822082580626
2024-11-27,1.1129356536742847,1.265543416753434,1.1966405932476174,-12.058674641968603,-6.994994156613233
2024-11-28,1.1062086638192135,1.2550117213960552,1.1860757896374612,-11.856706598032051,-6.73372869727491
2024-11-29,1.1047018900985959,1.2723689356432366,1.1995620229150825,-13.177549439296698,-7.907897299546452
2024-12-02,1.1044208680399439,1.2878341556921664,1.2090715774005039,-14.241995899980164,-8.655460215644005
2024-12-03,1.1159556877054508,1.2877719046531975,1.210376075302655,-13.34213119007418,-7.800913247033092
2024-12-04,1.115878719904058,1.278804461199219,1.2038418247289202,-12.740473327906198,-7.306865654436756
2024-12-05,1.1021404851460344,1.2796715612080742,1.2010949120845218,-13.87317507426996,-8.238685048357276
2024-12-06,1.1087559011577983,1.2942516623747038,1.2168842616456716,-14.332279154778627,-8.885673345930556
2024-12-09,1.1104872635385576,1.2909707916524762,1.2148721091598147,-13.980450160525704,-8.592249738406444
2024-12-10,1.1145552611103984,1.2975059930446478,1.2237744068856111,-14.100183961767176,-8.924777733599198
2024-12-11,1.1083492881470718,1.3001993973305754,1.2216898503557863,-14.755437479619582,-9.277359730516455
2024-12-12,1.1196741527204663,1.3103855464956842,1.2338411111019216,-14.553838317679125,-9.252970852907861
2024-12-13,1.108726755563924,1.2833114442172266,1.2046454973658578,-13.604233753233064,-7.962404044316351
2024-12-16,1.1235608359432578,1.27443053538012,1.1981097766592508,-11.838205005960777,-6.222212869663868
2024-12-17,1.1210780435917396,1.2727109640776622,1.2012312975362094,-11.91416784845658,-6.6725912077772565
2024-12-18,1.1310429025414845,1.2794076665205092,1.2073129309518396,-11.59636352520218,-6.317337158827918
2024-12-19,1.1317601200651561,1.2847296439777256,1.208407414247608,-11.9067482119391,-6.342835477401875
2024-12-20,1.1210197596115503,1.2830722598650481,1.2029803574934348,-12.630036929528998,-6.813128524613655
2024-12-23,1.135864640059178,1.2787547095494873,1.2047652519394259,-11.174157828959252,-5.719007231436324
2024-12-24,1.1452088104275162,1.2947653657707645,1.220114786749569,-11.550861592147887,-6.139256497464885
2024-12-25,1.1589288753159162,1.2933944052181157,1.2207092411020966,-10.396328402203302,-5.061022207909483
2024-12-26,1.152956380607275,1.3002315293153814,1.2212761610910339,-11.326840288640916,-5.5941303580940405
2024-12-27,1.148561228086008,1.2980296621553513,1.2193008538102925,-11.51502453504445,-5.801654735435024
2024-12-30,1.1624817690489873,1.3005038044648094,1.224821264001866,-10.612966678142222,-5.0896809832641665
2024-12-31,1.1485997738302292,1.2748385684488166,1.2051753883830703,-9.902335695113996,-4.694388476414712
2025-01-02,1.1151351930440474,1.234385121996968,1.1701017852619784,-9.66067451947249,-4.697590663501494
2025-01-03,1.1090321563827903,1.215838163542634,1.1562487232049132,-8.784557876406762,-4.083599477735822
2025-01-06,1.1073332527051563,1.214297559650972,1.1543513023386436,-8.808739348579497,-4.073114444297133
2025-01-07,1.1100537155574504,1.2281133035109029,1.162662392255339,-9.613085992631653,-4.524845479506567
2025-01-08,1.1207739123440208,1.2265690075830147,1.160552077772478,-8.625286843621282,-3.427520935105821
2025-01-09,1.1206309367539713,1.2256210614895728,1.1576920567802058,-8.566279418207824,-3.2012934535725845
2025-01-10,1.0999771025572889,1.207441226502217,1.1431755053811445,-8.900153612961859,-3.7788075952041145
2025-01-13,1.0846453583723692,1.206006098987174,1.1401226519604364,-10.063028762186665,-4.8659057420422425
2025-01-14,1.1104810876903064,1.2428027048391583,1.170145981131456,-10.647033244587023,-5.098927347804716
2025-01-15,1.1125144322061753,1.2325723127710093,1.162638043179639,-9.740433021323158,-4.3111965299521104
2025-01-16,1.1217110564227875,1.2371865355647609,1.1639726788056755,-9.333716123030733,-3.6308087940905676
2025-01-17,1.1202103855025376,1.243953374041736,1.1676355454851444,-9.947558415083058,-4.0616406519982995
2025-01-20,1.1143960179724328,1.2470805386887882,1.1729444096819264,-10.6396112039294,-4.991574300215174
2025-01-21,1.1206149044818734,1.2487774030383303,1.1738442841387047,-10.263037931710794,-4.534620168627201
2025-01-22,1.0969903368156853,1.243482809611698,1.16294144185119,-11.780820101707556,-5.671059836901393
2025-01-23,1.0870649354914366,1.2451151883923786,1.1650018636996924,-12.69362500549105,-6.689854380211191
2025-01-24,1.086787800416841,1.2567265919169106,1.1739206085369993,-13.522335931545658,-7.422376563330612
2025-01-27,1.0813286824308899,1.24938874464502,1.1690864747469447,-13.451382760926013,-7.506527037279298
2025-02-05,1.056390226531319,1.2459673117087606,1.1623497746255669,-15.215253513950488,-9.115977858590895
2025-02-06,1.0526642760363714,1.267008498581906,1.1769734925854756,-16.917346867478667,-10.561768581213515
2025-02-07,1.0532830773954258,1.2844162024701837,1.1922479893635876,-17.995189147430846,-11.65570529016703
2025-02-10,1.0651823506456766,1.2893847299808354,1.1948081645054172,-17.388322827314017,-10.849090064043743
2025-02-11,1.0583089751735153,1.2848160662342334,1.1893176470155835,-17.629534453488372,-11.015448410339745
2025-02-12,1.0642428625605762,1.2974562497243776,1.2005661542947321,-17.974662900066463,-11.35491711527038
2025-02-13,1.060288831464752,1.2887707237779402,1.1960571648916336,-17.728668730416974,-11.351324787154516
2025-02-14,1.0703571396115645,1.298153065994058,1.2064303918118493,-17.5476939006464,-11.278997373062394
2025-02-17,1.0777256978376093,1.303109434400611,1.209000000306277,-17.295841056255657,-10.858089531465009
2025-02-18,1.0826972477397117,1.2856493001914073,1.1983980758410917,-15.785957525234927,-9.654623987957912
2025-02-19,1.0821999509247313,1.2974504842662684,1.206783131817932,-16.590269605800422,-10.323576590395756
2025-02-20,1.079802714695677,1.2960289074310285,1.203333128127286,-16.683747676890338,-10.265687077347907
2025-02-21,1.095558276354531,1.3132110331560067,1.218508605330885,-16.574088345754777,-10.090230667100364
2025-02-24,1.0812971388200066,1.313731684883335,1.2158356893743996,-17.69269545203742,-11.06552075499766
2025-02-25,1.0676053505943248,1.3004594178140352,1.202339134538903,-17.90552354268147,-11.20597176571555
2025-02-26,1.0749255388542,1.3136987853352957,1.2128416412685892,-18.17564643786692,-11.371319859213758
2025-02-27,1.0959765914679245,1.3124667192436519,1.2153453388059021,-16.494904183207503,-9.821796614224853
2025-02-28,1.0844738782236982,1.283431695790074,1.1914350977684294,-15.502018394823757,-8.97751121694087
2025-03-03,1.0931899665484581,1.2849029921366293,1.190952741047426,-14.920427982611894,-8.20878706009669
2025-03-04,1.0862478734638343,1.289126278622622,1.1899564197486616,-15.737667327327687,-8.71532306256495
2025-03-05,1.0966465687690425,1.2954935186969159,1.1952702762716565,-15.349127344757797,-8.251163729281853
2025-03-06,1.092781389726901,1.3119768465371002,1.2117070662242784,-16.70726563420346,-9.814721710582575
2025-03-07,1.1021157733325775,1.3067754583440958,1.207963556631202,-15.661427042015053,-8.762498066896596
2025-03-10,1.1023975552405498,1.3048847657668565,1.2033043073974323,-15.517631582380286,-8.385804948635878
2025-03-11,1.1095740777491865,1.3098599788953544,1.2071676634473814,-15.29063444743729,-8.084509604862255
2025-03-12,1.0965547667610505,1.306034923849962,1.202823359553765,-16.03939935016445,-8.834929247810674
2025-03-13,1.096874546769475,1.2988171155014918,1.1980294400233253,-15.548191221213159,-8.443439691422016
2025-03-14,1.1011301875465236,1.3253029434130277,1.2271188979148913,-16.914831207512158,-10.267033665804226
2025-03-17,1.103762791032833,1.324341517254373,1.2241268406140124,-16.65572840145073,-9.832645244573335
2025-03-18,1.1099642683816016,1.3280688196343327,1.2274760789473596,-16.422684429319222,-9.573450153630036
2025-03-19,1.11973137483181,1.3210743178817497,1.2282249585070302,-15.240849082039453,-8.833364191450688
2025-03-20,1.1247471078786417,1.3128446720628772,1.2174512735179137,-14.327480484700228,-7.614609936001515
2025-03-21,1.10380699258398,1.295392285965878,1.198983893162993,-14.789750985667405,-7.938130038421997
2025-03-24,1.1139205777736367,1.3000768371481104,1.2051563072834968,-14.318865935865134,-7.570447829751769
2025-03-25,1.1204827937403163,1.2975364679332944,1.2043742272231235,-13.645371715446863,-6.965561997804636
2025-03-26,1.1080380415548858,1.2954673396797758,1.2004114534376753,-14.46808363159663,-7.695145828395367
2025-03-27,1.107648885007743,1.297350533095328,1.2044099392008165,-14.62223533642668,-8.033897018259339
2025-03-28,1.1101428965549827,1.2905087058107867,1.1991280274400293,-13.976334173002403,-7.420819866500617
2025-03-31,1.1148747087245445,1.2801575828509517,1.1905949474595945,-12.91113503060436,-6.3598656198412655
2025-04-01,1.0985179929997864,1.285100630829294,1.1907108735621406,-14.518912632476354,-7.742675624230189
2025-04-02,1.0984251018402875,1.2844293231022954,1.1897006778843926,-14.481467988658958,-7.672146258369594
2025-04-03,1.1054315255229006,1.274574043468988,1.1826923094592938,-13.270513299151688,-6.532619119821237
2025-04-07,1.054497184697672,1.1734287804476518,1.0993655457822342,-10.135391063495858,-4.081295912601746
2025-04-08,1.0831595482895096,1.1880868465741534,1.1181460031834498,-8.831618546001208,-3.128970169756995
2025-04-09,1.0883221586622822,1.208097703350526,1.129182811328966,-9.91439221811775,-3.618603848440949
2025-04-10,1.086057757730903,1.2294455170836183,1.1439823939337412,-11.662798990299873,-5.063420251045681
2025-04-11,1.0714031360437843,1.2344843522220963,1.148699560277132,-13.210472525209616,-6.729037505220193
2025-04-14,1.0862721539253875,1.2398836859200153,1.1513413584211503,-12.38918890046089,-5.651599677179419
2025-04-15,1.1045491854248948,1.2365021470650484,1.1519822750980009,-10.671470482550804,-4.117519053760688
2025-04-16,1.1197269684933806,1.237869554501454,1.1555306858077965,-9.544025505632113,-3.0984652985988514
2025-04-17,1.1144304460726997,1.2366703700459143,1.1553474398707997,-9.884600369998042,-3.5415315242898426
2025-04-18,1.1186201794564814,1.2377735474955633,1.1554395988252413,-9.62642708596978,-3.186615674778237
2025-04-21,1.1064772891427606,1.2471956908497444,1.1592244559053553,-11.282784469140438,-4.550211694886919
2025-04-22,1.1148733359972145,1.2437895772467042,1.1589401077056096,-10.36479510745405,-3.802333823413495
2025-04-23,1.1012310741777578,1.2457930388083662,1.1598375625687019,-11.604011270514548,-5.052991063778601
2025-04-24,1.1198761473721088,1.240663075650174,1.1590642114222585,-9.73567527306044,-3.3810088918251546
2025-04-25,1.1154738948918987,1.2449103725006772,1.1598716512746816,-10.397252723405037,-3.827816322089639
2025-04-28,1.120225890347104,1.2411749542094526,1.1582254393629914,-9.744723211836416,-3.280842202601464
2025-04-29,1.1222640609167123,1.2388175945070725,1.156221740141151,-9.40844996932233,-2.936952147283889
2025-04-30,1.111923841748261,1.2412983471930132,1.1548415916516053,-10.422514920551595,-3.7163321977315533
2025-05-06,1.1161180344605692,1.260398694509357,1.1664715371556174,-11.447223856809273,-4.316736507590457
2025-05-07,1.1309459524238585,1.2659285042347315,1.1735418349279678,-10.66273105940303,-3.629685899243962
2025-05-08,1.1380141435919346,1.2722128501514927,1.18005614682462,-10.548447655089943,-3.5627121087259295
2025-05-09,1.150740478051415,1.2643839011531068,1.177991927132864,-8.98804730098588,-2.313381650057389
2025-05-12,1.1523019055734167,1.2822594007608594,1.191606888920129,-10.135039377393474,-3.2984857432581394
2025-05-13,1.1602883818576877,1.2828091667148658,1.1933369596610852,-9.550975159535257,-2.769425478348009
2025-05-14,1.1626670555066594,1.2950814815836647,1.2077174625139087,-10.22440888546139,-3.730210782369181
2025-05-15,1.158301870066156,1.2791183592751594,1.1966879131494503,-9.44529396618673,-3.2076903812180757
2025-05-16,1.1447207781127362,1.275838152254175,1.191140060477591,-10.276959809500774,-3.897046527529502
2025-05-19,1.143835992087161,1.2738485154822379,1.1874830743296119,-10.206278204583718,-3.6755961567782047
2025-05-20,1.1613609073589224,1.2790670825740371,1.1939226238441465,-9.202502106319466,-2.727288673061834
2025-05-21,1.164965457163809,1.283342451642892,1.1995000016845276,-9.22411584901136,-2.8790783219858063
2025-05-22,1.1634459593765214,1.2797029504066966,1.198729529548293,-9.084685707196972,-2.9434137811777394
2025-05-23,1.1510552740582811,1.2681371499326446,1.1890539113038214,-9.23258780649886,-3.195703481928258
2025-05-26,1.1317937141899737,1.2682094864586722,1.1822645314211808,-10.75656456802131,-4.268995295878241
2025-05-27,1.1203522755131123,1.2611523462123908,1.1759215818874733,-11.164398268150732,-4.725596266816245
2025-05-28,1.1161066363590115,1.2605826247483785,1.174953652529808,-11.461048689149223,-5.0084542521394155
2025-05-29,1.109837168232975,1.274264067585389,1.1818336293507132,-12.903675426082394,-6.091928620891607
2025-05-30,1.1135833346450745,1.267708453676459,1.1761774462628156,-12.157773231251145,-5.321825530376179
2025-06-03,1.114817271088022,1.2711456071749054,1.1797855198650178,-12.298224153432734,-5.50678472341557
2025-06-04,1.110325775753162,1.279768427662546,1.1849096067363944,-13.24010252533464,-6.2944743260761715
2025-06-05,1.1046742178200162,1.2878261151724844,1.1876087706902063,-14.221787801526132,-6.983322699948635
2025-06-06,1.1072335038319654,1.2887923399868326,1.1865148693220333,-14.087516702397707,-6.68186868449181
2025-06-09,1.1076132855592973,1.297208591136807,1.189964107318475,-14.615637521438096,-6.920445856535218
2025-06-10,1.1171547835440698,1.2866612479407338,1.1839057203788905,-13.174133025919165,-5.63819700216146
2025-06-11,1.1184944639249599,1.2959223666049045,1.1928367775790039,-13.691244726701912,-6.232396171161825
2025-06-12,1.1302164008434847,1.2969972588624954,1.192093747923055,-12.858998496672413,-5.190644375694198
2025-06-13,1.1303791467085857,1.2901742968122927,1.1835127661131928,-12.385547479787961,-4.489484264635745
2025-06-16,1.1401898064113145,1.2948625468684167,1.1864569828401808,-11.94510883268446,-3.8996084222211125
2025-06-17,1.1394054351003573,1.294749262196736,1.1854105851404488,-11.99798537307638,-3.880946451531875
2025-06-18,1.1463564313548196,1.2993030379061288,1.186817073510626,-11.771434537533898,-3.409172572494523
2025-06-19,1.1407069244494323,1.2862131597572404,1.1770530635271985,-11.312762134642663,-3.0878929934433086
2025-06-20,1.1509687241880433,1.2841492970427935,1.1781412987582591,-10.371112857472674,-2.30639351993307
2025-06-23,1.1639388403303201,1.2889786499699543,1.181589158505133,-9.700688963509885,-1.4937779386147154
2025-06-24,1.1718127796460478,1.3046688915110725,1.1957185442866816,-10.183128664250606,-1.9992802449087188
2025-06-25,1.1804643512697055,1.3239563507805396,1.2128798953510425,-10.838121621323715,-2.6726095638641034
2025-06-26,1.1882855405840587,1.3205593284404662,1.208577704638668,-10.016497177193706,-1.6790119474093923
2025-06-27,1.165594774693473,1.3212760276020594,1.201146887407118,-11.782644175504132,-2.9598472165540457
2025-06-30,1.1656885850021144,1.3308307479747634,1.2055331819709036,-12.408953071151963,-3.3051431154842326
2025-07-01,1.1826177787182035,1.3314593804395611,1.2075800050903356,-11.178831581945802,-2.0671281626814197
2025-07-02,1.1725025456075062,1.330398893634097,1.2078626687628315,-11.86834631193081,-2.9274953245755464
2025-07-03,1.1667443454725264,1.3387745497156327,1.2153305455938743,-12.849826304185951,-3.9977765964572365
2025-07-04,1.1799446414311603,1.340233062316484,1.2196600256476935,-11.959742330806122,-3.2562667777393584
2025-07-07,1.192028414759238,1.3359050547757638,1.2144444842605435,-10.769974969566686,-1.8457879130600485
2025-07-08,1.195512407961894,1.3522471340979143,1.2246368235819118,-11.590686508688986,-2.3782083846566437
2025-07-09,1.1977910833508147,1.3474168091641188,1.2224769227423742,-11.104635536358309,-2.019329684864879
2025-07-10,1.208419184491371,1.3519307265380371,1.2281809464041626,-10.6153029315462,-1.6090269085064057
2025-07-11,1.1857362865320882,1.3559610402623241,1.2296457806727148,-12.55380860332862,-3.5709059333009385
2025-07-14,1.191850142972368,1.3587925661557931,1.2305219798646931,-12.28608599587262,-3.1427180924128995
2025-07-15,1.1833760156051827,1.362091825045363,1.2309497272750387,-13.120687324749813,-3.864797287470889
2025-07-16,1.173144575671948,1.3595351774897881,1.2273165082751638,-13.709877089167122,-4.413851866080365
2025-07-17,1.1753991882809103,1.3724325255734875,1.235674550560473,-14.356504499938493,-4.877931835063132
2025-07-18,1.176702103230555,1.3802259167145627,1.2430428565171758,-14.745688442691197,-5.336964283958645
2025-07-21,1.1812334497191426,1.3946834004369653,1.2513303017968396,-15.304545149884706,-5.6017865128848765
2025-07-22,1.2073048312666588,1.4090343252727149,1.2615449687612084,-14.316861582986052,-4.299500916547705
2025-07-23,1.2135777799315306,1.406295376622542,1.2617931455667384,-13.703920235722844,-3.821178281448956
2025-07-24,1.2228746941257018,1.4224032117265224,1.2707573726397865,-14.027563770657657,-3.7680425504529214
2025-07-25,1.210921857033378,1.4172535049937611,1.2640580383955835,-14.558556195723893,-4.203618801368414
2025-07-28,1.2131097957434005,1.4197121350767827,1.266710648141768,-14.55241060697199,-4.231499314938148
2025-07-29,1.2216582367994013,1.427393194636733,1.2716724997251163,-14.4133346446065,-3.9329515214432953
2025-07-30,1.2245370135946445,1.4264998846554608,1.2714315204451077,-14.157931117505552,-3.6883234445883595
2025-07-31,1.1908633333722551,1.4017912619785078,1.2482626245363342,-15.04702835060806,-4.598334519981318
2025-08-01,1.1881617826097022,1.3964261917850127,1.2419341313092058,-14.914100752370729,-4.329726298996118
2025-08-04,1.1860031362119519,1.40210738578194,1.2467652635779791,-15.412817289274106,-4.873581991821907
2025-08-05,1.2009759400531077,1.4124543239728564,1.2567951532169421,-14.972405148289436,-4.441393095840429
2025-08-06,1.2003139496835327,1.4194701933326772,1.2598687110089375,-15.439298738256879,-4.727060907617253
2025-08-07,1.208092104321745,1.4197778796700282,1.2602303636955596,-14.909781197427963,-4.137200695666621
2025-08-08,1.2146754344240793,1.4183911550339887,1.257259745832404,-14.362450011543382,-3.38707347860967
2025-08-11,1.199430713444721,1.4285979661831736,1.2626329895978918,-16.041409701199928,-5.005593602722092
2025-08-12,1.2070211029552484,1.4348611150365203,1.269161175873528,-15.878889579879152,-4.896152994556447
2025-08-13,1.2015639415057775,1.4458391788004525,1.279192505017595,-16.895048970615058,-6.068559908483029
2025-08-14,1.1945878616996695,1.4369248277627034,1.2781926615254906,-16.86497173553284,-6.540860571522988
2025-08-15,1.2132838746037842,1.4538296942288473,1.2870870266593293,-16.545666977359097,-5.734122909085892
2025-08-18,1.2160404550824555,1.4711019804614782,1.2984374325231993,-17.338126708184497,-6.345856594770627
2025-08-19,1.2009931903978808,1.4687856975315712,1.293525228552064,-18.23223820763915,-7.153477652520235
2025-08-20,1.2095433007580405,1.488910805910876,1.308233203502225,-18.763212950283204,-7.543754621116882
2025-08-21,1.2015517631951225,1.4927739895396492,1.3133403532178003,-19.508795597003648,-8.51177607912419
2025-08-22,1.2322369341214856,1.5237825981337823,1.3408829863054068,-19.133022280826705,-8.10257519064198
2025-08-25,1.2385034944472737,1.5564911362543536,1.368822861546256,-20.429775306803677,-9.520542851817249
2025-08-26,1.2390565653384686,1.5564749790588983,1.3637290961653739,-20.393415762606892,-9.142030567322202
2025-08-27,1.2246959242773185,1.5321434541421213,1.3433726869526637,-20.066497626813206,-8.834239658731946
2025-08-28,1.2367846301491452,1.5597997916290847,1.367156802840788,-20.708757829912017,-9.536007312456418
2025-08-29,1.243075698786714,1.569306810392476,1.3772569525799467,-20.788230156483756,-9.742644866804095
2025-09-01,1.2685503294699,1.5803173829496087,1.385511748658735,-19.728129098840007,-8.441748639234635
2025-09-02,1.2501464538649494,1.5616844523259712,1.3753254736354652,-19.948844210942706,-9.101774246907823
2025-09-03,1.2630848692936594,1.5456450955096748,1.365946270931401,-18.281054754218427,-7.530413445003459
2025-09-04,1.2465910897173687,1.5150347025425437,1.3369659397778457,-17.718644488781067,-6.759697264650888
2025-09-05,1.2740084855924374,1.549787242488566,1.3660979702671763,-17.794620405656303,-6.7410600615070315
2025-09-08,1.2814558541858279,1.5623527814167202,1.3683179934156435,-17.97909733140929,-6.34809595779614
2025-09-09,1.2687995741283493,1.551750378690674,1.3587269384391059,-18.23429905015206,-6.618501611078997
2025-09-10,1.2648044752120933,1.5529495427854918,1.3615160561480508,-18.55469605641913,-7.103227354480879
2025-09-11,1.2708607142051986,1.5873772492548655,1.3929614632232492,-19.93959124702358,-8.765551111192627
2025-09-12,1.2487496174837236,1.5815204793717936,1.384987064362112,-21.04119840548965,-9.836730636985102
2025-09-15,1.266552417856305,1.583230385459351,1.3883737910837066,-20.0020142685151,-8.774393035200767
2025-09-16,1.2520549968834884,1.583875580910988,1.3853970782946838,-20.94991475508754,-9.624827675782976
2025-09-17,1.2605073289871505,1.593955245105975,1.393876774075188,-20.919528145011068,-9.568237850618166
2025-09-18,1.238309346963388,1.5764682662708047,1.377670396822554,-21.450410803849827,-10.115703304693724
2025-09-19,1.2321204288763945,1.5784519817204257,1.3788374679288995,-21.941215624852195,-10.640633320828108
2025-09-22,1.2300201872809369,1.585161231061832,1.3851738937479856,-22.404095988582895,-11.201027334354086
2025-09-23,1.226568861714977,1.5810875454080315,1.3843071585363738,-22.42245754972182,-11.394746884656238
2025-09-24,1.2559813356296647,1.5981392859717163,1.3984855793747721,-21.409770308850728,-10.18989726077958
2025-09-25,1.2833355242267748,1.6038326911097056,1.406882702692274,-19.983204523732212,-8.781626089301808
2025-09-26,1.3029576666414657,1.5928382478771719,1.3935783677298497,-18.19899676706279,-6.502734484606398
2025-09-29,1.3396076567360733,1.6157230380903373,1.4150190611915257,-17.089276741427884,-5.329356085984571
2025-09-30,1.398978791174654,1.6264102597828982,1.4213408469374238,-13.98364694518116,-1.5733070509409086
2025-10-09,1.4320653165326263,1.65507969593903,1.4424092292491526,-13.474540226286425,-0.7171274633282043
2025-10-10,1.425642492338555,1.6280346099629306,1.414033245217246,-12.43168396948171,0.8210024170630659
2025-10-13,1.3937736230164168,1.6247097219857078,1.4070330850340185,-14.21399132683484,-0.942370308035867
2025-10-14,1.3861879979611427,1.6066851983714683,1.3902141217900967,-13.723733848660647,-0.28960458434775793
2025-10-15,1.4150473025862713,1.6255265928638205,1.4108031795298714,-12.948375695701841,0.30083027299485643
2025-10-16,1.428106619334026,1.6239910246924922,1.4145195222925757,-12.06191428278106,0.9605450350680833
2025-10-17,1.385073492717195,1.585291867582562,1.3826092775797707,-12.629748436840426,0.17822932171682737
2025-10-20,1.385192119430937,1.5925265263376782,1.389955531543387,-13.019212143583358,-0.342702482514734
2025-10-21,1.3845539604122399,1.612634049387655,1.4112882008667063,-14.143325887359326,-1.8943147429453577
2025-10-22,1.3609120361393432,1.6065592446051873,1.4066016929192597,-15.290267650615775,-3.2482299011806437
2025-10-23,1.3651683113343114,1.6123539549061838,1.4108205761021955,-15.33073075051037,-3.2358661009900924
2025-10-24,1.3580140566059216,1.629830688176969,1.4274633377958008,-16.677599307881806,-4.865223459757539
2025-10-27,1.405954834664874,1.6505503135156796,1.4444112439437435,-14.819025924136541,-2.662427992035721
2025-10-28,1.3891524357848386,1.6415694240031906,1.437046613319222,-15.376564921805059,-3.3328200414988407
2025-10-29,1.410978696604733,1.6664457126400458,1.4541567547551926,-15.33005330432231,-2.969284983153586
2025-10-30,1.406320536162036,1.6562742790824476,1.4425406223746278,-15.09132551758774,-2.5108538124194
2025-10-31,1.3893953332299638,1.6374660915800157,1.4213329143454663,-15.149672999377028,-2.247016219293707
2025-11-03,1.392664396009057,1.6448455976613237,1.4252334218782128,-15.331603283057282,-2.2851713529307593
2025-11-04,1.3887355380439392,1.6293776211192257,1.4146044224659595,-14.768957174579855,-1.8287009436125823
2025-11-05,1.4015566421697216,1.6318092669915027,1.4172255468664592,-14.110265793887056,-1.1056041666326233
2025-11-06,1.4192776368244846,1.65444230651898,1.4374846516596744,-14.214135407918349,-1.2665884685564177
2025-11-07,1.4115985862570053,1.652709133236799,1.433010302262383,-14.588807076268962,-1.4941773950664317
2025-11-10,1.4353351289492968,1.6621018422652092,1.4379892441403737,-13.643370553447042,-0.18457128256640365
2025-11-11,1.4450288686996067,1.6466734059796695,1.4248544645025716,-12.245569555433288,1.4158922682730335
2025-11-12,1.4404018492493413,1.6390201568841718,1.422937901281192,-12.118112568695317,1.2273162414484284
2025-11-13,1.4415954574217607,1.6557697745840736,1.4401402629271407,-12.935030005370951,0.10104533093617807
2025-11-14,1.4314278947384387,1.631383840377564,1.4174959288039173,-12.256830102770166,0.9828575625100422
2025-11-17,1.4199902444240515,1.6237080102045558,1.4082808603095078,-12.54645321081096,0.8314665380008357
2025-11-18,1.4072330056606552,1.6116955029002333,1.399135500615467,-12.686174086336377,0.5787505957518757
2025-11-19,1.4234349162312063,1.6138270631084972,1.4052914982522287,-11.797555712727004,1.291078612625407
2025-11-20,1.403221597581273,1.6052401020829987,1.3981417826769977,-12.584940049752158,0.3633261638565033
2025-11-21,1.388331626258978,1.563883969372251,1.3640406111954928,-11.225407162638824,1.7808131857742548
2025-11-24,1.3775190089642362,1.5686938666280805,1.3623377685404452,-12.18688118382053,1.114352165399879
2025-11-25,1.374142714243269,1.584531858560932,1.3753107416789734,-13.277684710532611,-0.08492825659738301
2025-11-26,1.373825260195183,1.5881220813948098,1.3836478651986184,-13.493724677098818,-0.7099064184242665
2025-11-27,1.375526227158747,1.5869565543688766,1.3829670711676028,-13.323006646153225,-0.5380347922943507
2025-11-28,1.3801741064247497,1.5946676413110823,1.3864154209587674,-13.45067331459634,-0.45017636414499407
2025-12-01,1.4346260815024483,1.6137393661994954,1.4016754001747638,-11.099269711618632,2.350806850400322
2025-12-02,1.3963744691193911,1.6037366361755498,1.3948910738738725,-12.92993889262627,0.10634488049299229
2025-12-03,1.4090363730222935,1.595716584828496,1.3877590611486472,-11.698832586005025,1.5332136873986713
2025-12-04,1.4051980988230302,1.5972027149107095,1.392511816958658,-12.021305391934122,0.9110358497409266
2025-12-05,1.4411187457531505,1.6095333228074244,1.4041413030461476,-10.463565722300006,2.6334559511057787
2025-12-08,1.4429294348899468,1.6206058988336096,1.4155402539225765,-10.96358245218908,1.9348924123826716
2025-12-09,1.4030244097301086,1.6108519526712883,1.408333141909784,-12.901715927186096,-0.3769514486094194
2025-12-10,1.4007671613927783,1.6155981404766422,1.406374220485017,-13.297302943198686,-0.39868898409591846
2025-12-11,1.3966778243028364,1.60068046417821,1.394232607485857,-12.744744778284566,0.1753808370174692
2025-12-12,1.4095531873083342,1.613495481022661,1.403042746257212,-12.639780905061137,0.46402300061703095
2025-12-15,1.4238225196643326,1.6042659777658577,1.3941942615201008,-11.247727035439304,2.125116919641301
2025-12-16,1.4139643226486784,1.586889446019429,1.377500565848019,-10.89711219672661,2.647095595072324
2025-12-17,1.4345171841032442,1.6149677903372661,1.4027134977493205,-11.173634998400617,2.267297377900279
2025-12-18,1.4381171279894447,1.6081086066694041,1.394418763060831,-10.570895396924296,3.13380500077991
2025-12-19,1.4406923281735158,1.6156552636512398,1.3991309983335452,-10.829224489531452,2.97051025883015
2025-12-22,1.443096314406397,1.6306651336341587,1.412437354728669,-11.502595803329585,2.170642087246244
2025-12-23,1.4491712481583745,1.6297854658596724,1.4152277281761092,-11.082085433006872,2.3984493312613653
2025-12-24,1.4511300686130788,1.63816631605044,1.419308725146717,-11.41741504539654,2.242031131251765
2025-12-25,1.4644948038435799,1.6426262313128643,1.4219050716827621,-10.844306761551803,2.9952584746332445
2025-12-26,1.484201515319091,1.6494582065010215,1.4264086705986616,-10.018846826830963,4.051633021564149
2025-12-29,1.4534917352054109,1.6452901781897586,1.420936131608747,-11.65742344583709,2.291137713544189
2025-12-30,1.4641755544502906,1.6467957369281117,1.4245838069152008,-11.089425262812247,2.779179950165367
2025-12-31,1.4800203712403184,1.6440479238025543,1.4180471367477805,-9.977054207936531,4.3703225997600015
2026-01-05,1.4908652906443847,1.671676346088297,1.4449402161279112,-10.816152054015005,3.1783373459935538
2026-01-06,1.5287133853175197,1.7010472536738035,1.4672825910846878,-10.131045330109977,4.186705042783823
2026-01-07,1.5388661649524618,1.7000329144583735,1.4629861277649625,-9.480213479117205,5.18665459278298
2026-01-08,1.5557563029462784,1.6960559501944774,1.4510375615886157,-8.272111968482621,7.216818098286515
2026-01-09,1.5618156877189944,1.7104414055866035,1.4575516284631225,-8.6893194576658,7.153369885484628
2026-01-12,1.5845337049205495,1.7315410566244906,1.4670442151649743,-8.489972047819705,8.008585463278827
2026-01-13,1.5929947088183976,1.7187268559656528,1.45819796625494,-7.315423431643165,9.244063267325298
2026-01-14,1.5915789090272516,1.7162264858747678,1.452347511233502,-7.262886214227304,9.586644843388626
2026-01-15,1.6470996217155263,1.7123693886317388,1.4552567510492331,-3.811663963951495,13.182750777687534
2026-01-16,1.7322264947553163,1.7054620135370044,1.4492670315658993,1.5693390416127828,19.52431519011966
2026-01-19,1.733219799899636,1.7128009378947964,1.4500580855623482,1.1921328131648812,19.527611835457925
2026-01-20,1.7375544619666945,1.7125248861141686,1.445287075602504,1.4615598322381018,20.222099214604228
2026-01-21,1.7274680472052921,1.714086272686786,1.446570685366759,0.7806943402872246,19.418156656984607
2026-01-22,1.7042882293629387,1.7188571183140824,1.446766672455317,-0.847591623289401,17.799798807265876
2026-01-23,1.717078302681728,1.7247868283154606,1.440269757130989,-0.44692628139219037,19.219215301870985
2026-01-26,1.7181395526007266,1.7240882827182182,1.4416380220464822,-0.3450362824873876,19.1796780000111
2026-01-27,1.7209503436169094,1.7169053622453534,1.4412483755797474,0.2355972239649784,19.406923385058516
2026-01-28,1.7567575254709815,1.7200002943711175,1.4450154685543195,2.1370479540123277,21.573613826331382
2026-01-29,1.7720312568008063,1.7260991657841749,1.4560041911037995,2.661034309449084,21.70509313283131
2026-01-30,1.718947400498274,1.7046306183612145,1.4414469354008326,0.8398759228450015,19.251521390225523
2026-02-02,1.6175146881466955,1.6684838539087132,1.4107088460038901,-3.0548192385927875,14.65971116071354
2026-02-03,1.6650059082440503,1.6956132280955802,1.4272868912233396,-1.805088527523846,16.65530724639106
2026-02-04,1.7092945661738694,1.7118205931605275,1.4391017978193665,-0.14756376905095125,18.7750976868988
2026-02-05,1.6897466397589553,1.6988830287600003,1.430445042911037,-0.5377879963703869,18.127337232070452
2026-02-06,1.6932942840486838,1.6925073120103418,1.422229787280964,0.046497408475421054,19.059121050048056
2026-02-09,1.7250086104512634,1.718071684341441,1.4453415011465527,0.403762321039669,19.349552274175895
2026-02-10,1.7887145949383318,1.72091614371281,1.4469463043156692,3.939671986529758,23.619970527123435
2026-02-11,1.7807470788791704,1.720003610537993,1.4437374024161045,3.5315895832438216,23.34286525368656
2026-02-12,1.8181528604440587,1.7239228792723755,1.4455014087241997,5.466020684838013,25.780082224116363
2026-02-13,1.776757943974014,1.7046154660306674,1.4273782232280405,4.232184875767686,24.47702473391007
2026-02-24,1.856915780609838,1.721834217206141,1.441815663101903,7.845213090426406,28.790096274505306
2026-02-25,1.8544721437786955,1.732633582134675,1.450496123902801,7.0319866185388324,27.850885860275866
2026-02-26,1.8740816688262643,1.7362033949025601,1.4477359800625502,7.941366450987863,29.449132620527507
2026-02-27,1.8753655499461266,1.7397739220524473,1.4427660121206352,7.7936349185944165,29.98403997538308
2026-03-02,1.960766604471093,1.7419502238593139,1.4482857178735409,12.561574815093657,35.385344222686044
2026-03-03,1.9887652704289496,1.7097256520758162,1.425997094649913,16.320724790807528,39.464889366916836
2026-03-04,1.9787080878373187,1.693314836565487,1.4096812231260498,16.854116264089924,40.365641208543515
2026-03-05,1.972471633314659,1.7084181497916302,1.423484361920988,15.45602190864306,38.566442040347695
2026-03-06,1.9777168939766447,1.7195652284442438,1.4273884529026108,15.012612564046822,38.5549175457413
2026-03-09,1.9660513217674425,1.7048355690099757,1.4136108882940996,15.322049674805815,39.08009184479402
2026-03-10,1.9170875385951334,1.7241232562079534,1.4317734917279012,11.192023638239569,33.896007271481366
2026-03-11,1.9221008199616705,1.7347082408131906,1.4408820981001311,10.802541588240477,33.397508546747034
2026-03-12,1.9689658564807244,1.7318514862097556,1.4356950405373847,13.691380130400542,37.14373880846833
2026-03-13,1.956813096707422,1.7194118309654833,1.4300533750116025,13.807120636632654,36.83496930256507
2026-03-16,1.928836900952296,1.7137136716577075,1.4307942913515475,12.553043886642733,34.80882001075716
2026-03-17,1.889170148253062,1.696888853921831,1.4203441274776738,11.331401811428755,33.0079177085032
2026-03-18,1.9311884741637466,1.7024615546707818,1.4267432483382163,13.435071051410352,35.35641233368916
2026-03-19,1.8872878865320557,1.6725106880808867,1.4037475218307098,12.841603942012103,34.44639133330276
2026-03-20,1.878721027566695,1.6572719327683352,1.3987756549671677,13.362266651583688,34.31181911804095
2026-03-23,1.8564790149050978,1.5997941970480132,1.353133909809188,16.0448649164203,37.198469526707
2026-03-24,1.8599665420009854,1.6254702798930487,1.370507603190313,14.426364173411145,35.71369744110093
2026-03-25,1.8187494922833207,1.6501125381849475,1.3897244450325001,10.219724424606014,30.87123125626443
2026-03-26,1.8050126655713719,1.6255562692925372,1.3713688254036533,11.039691437869227,31.62124091891023
2026-03-27,1.8075547730524262,1.6361735214567537,1.379036640305349,10.47451565180475,31.073730764121965
2026-03-30,1.8266964869209352,1.6327241779918056,1.375784032580597,11.880286428275276,32.77494458883557
2026-03-31,1.8522735179402412,1.6135168502893384,1.3629507833204872,14.79728380946803,35.90171711319186
2026-04-01,1.8446995755741613,1.6408154554514824,1.3862332469936571,12.425780086681272,33.07281293207953
2026-04-02,1.87781457564516,1.6226979266831913,1.3717914273489455,15.721758484244152,36.88776137594978
2026-04-03,1.8869857397208079,1.605328702101118,1.3601145294763195,17.54513186309108,38.73726798928823
2026-04-07,1.875140982356027,1.6084294642439978,1.3600616353206798,16.582108450580414,37.87176504790535
2026-04-08,1.9005989300737298,1.6646090246678944,1.407516238076995,14.176896911448477,35.03211392220982
2026-04-09,1.9111362936063023,1.6491176400470318,1.3985324092323141,15.88841494362998,36.65298572918792
2026-04-10,1.9072850453150674,1.6678738068353172,1.4200765326671203,14.354277733638465,34.308609531973254
2026-04-13,1.926937982229178,1.6707793555291706,1.4230134599852826,15.331684932082279,35.41249161825266
2026-04-14,1.969016365578568,1.6867379838162966,1.4398982729307825,16.73516482528057,36.746907930573
2026-04-15,1.9259574887626212,1.6789573181836872,1.4349864058650972,14.711521722669008,34.21433686694313
2026-04-16,1.9686532797825316,1.6913420382590536,1.4507172257612628,16.395929105441166,35.70206824762021
2026-04-17,1.953225554514098,1.6865295567465604,1.4482865754510494,15.813301148543978,34.86457636367941
2026-04-20,1.957767887156695,1.699583665747349,1.4570982762385811,15.191027462353013,34.36073043820797
2026-04-21,1.9544850771841342,1.6990882294858498,1.4603310677973236,15.031405860281222,33.83849185186227
2026-04-22,2.0092046583615337,1.7058945717895786,1.4700186308713838,17.78011909925745,36.67885672785904
2026-04-23,2.0454491378962274,1.700559761648645,1.465945229587284,20.280932433284306,39.53107500967785
2026-04-24,2.013419265392121,1.6951240723951773,1.4607512195211616,18.7771029967853,37.834508606614456
2026-04-27,2.007570668639352,1.6993766097177134,1.4612345563307465,18.135712658351434,37.38866631244273
2026-04-28,2.03552979320279,1.6932945040865233,1.4573330074538822,20.21120887656169,39.674994170280954
2026-04-29,2.039273203094424,1.7118298192912473,1.4733018663643116,19.128267314489754,38.415164580410675
2026-04-30,2.039410483859277,1.7114441798580668,1.47237081283953,19.163131807688227,38.51201518496461
2026-05-06,2.0551798522749984,1.7351833907528333,1.493744799022119,18.441650791927543,37.58574112662505
2026-05-07,2.047957591801765,1.7405642068659901,1.5009167809848136,17.66055993356652,36.44711137535657
2026-05-08,2.0615080933224244,1.736911524400821,1.4921579743529216,18.688146423208217,38.156155632006914
2026-05-11,2.0998988047193414,1.7591164776700992,1.5166370343009588,19.372357167650378,38.45757140482971
2026-05-12,2.087628908338323,1.7490464312770904,1.5154762112593214,19.35811828700349,37.75398734920144
2026-05-13,2.1237923484284194,1.7644563579153194,1.5308805085189632,20.365252385026423,38.73011881789934
2026-05-14,2.084809296002923,1.72967550399544,1.5052314065710677,20.531816007519723,38.50423841156354
2026-05-15,2.0254939533092777,1.7106044574697312,1.488384786452483,18.40808343884013,36.08671438633668
2026-05-18,2.0118073012985334,1.7018827942560386,1.4804004335666887,18.210684548225608,35.89615726142017
2026-05-19,2.050471425503999,1.7142723662481856,1.4863298163467162,19.611764494087392,37.95534496804345
2026-05-20,2.0662641414047966,1.7074401719344803,1.4856611509118984,21.01531727836643,39.080445102607975
2026-05-21,1.9739615642235349,1.682874643850696,1.4649560445585048,17.29700553968676,34.74544656515135
2026-05-22,2.0363052660748666,1.6953501432239737,1.4839446482722443,20.111192028008638,37.22245425028052
2026-05-25,2.177392983626459,1.7087206780877282,1.5073754422266903,27.42825738278265,44.44928069214269
2026-05-26,2.2333796431031296,1.7134123214970367,1.5154158133004785,30.346888199787703,47.37734841495234
2026-05-27,2.1426235392174515,1.696883544931814,1.5032633580713843,26.26815467784789,42.531481773515445
2026-05-28,2.232729501410291,1.6900092415279466,1.5051138571968083,32.113449237216486,48.342897165841435
2026-05-29,2.1865453107999886,1.6840061672460533,1.4983475706513725,29.841882608765303,45.930447222565185
2026-06-01,2.137030210534935,1.683579673017949,1.4836873750195663,26.933714203387837,44.03507413458665
2026-06-02,2.177057549555716,1.686104188943911,1.5052197680191612,29.11761703879716,44.63386648320995
2026-06-03,2.166392878450774,1.683405296765386,1.5126470018018345,28.69110502464465,43.218667400273205
2026-06-04,2.132809551936457,1.6683219060165777,1.5022140507336756,27.841608040077116,41.97773951686852
2026-06-05,2.1207487779018757,1.6521292679533695,1.4753150601942868,28.36457891270363,43.74887338454951
2026-06-08,2.1212084859687215,1.6125351918825583,1.4436814454836473,31.54494219083126,46.9305082921597
2026-06-09,2.1495254081060193,1.635538818445458,1.4706874188172747,31.426132101780002,46.157870163509344
2026-06-10,2.0622654114551926,1.6260385861781417,1.454388116915995,26.827581398444124,41.79608506621955
2026-06-11,2.068970894271227,1.6209992440851237,1.4463694609298434,27.635524928263244,43.045808844797165
2026-06-12,2.064896115455934,1.645286175690388,1.4631866783909793,25.503766211946143,41.1232172867126
2026-06-15,2.0770879497036345,1.6727932366020324,1.4982223949628377,24.168839534696552,38.636824325079935
2026-06-16,2.1013898381064746,1.6643171673859454,1.4959313153922025,26.26138090055372,40.4736846193726
2026-06-17,2.203652727082769,1.6707960446095564,1.5103735025701321,31.892383525347313,45.90117764466313
2026-06-18,2.2460260173109203,1.6524781461709044,1.5135013633951035,35.918651784616664,48.3993388861315
2026-06-22,2.331601676705843,1.691144536552962,1.5496603839925838,37.871224269116375,50.45888123555473
2026-06-23,2.316826735272881,1.6575070469433508,1.5066981397612473,39.77779096296439,53.76847386564157
2026-06-24,2.4286917602974056,1.6501334422615057,1.513936614608652,47.18153684400741,60.4222882822089
2026-06-25,2.5553954284490277,1.6596201844180423,1.5375457540571866,53.97471375928675,66.19963482101254
2026-06-26,2.509386791750858,1.6176829864605649,1.49102728903517,55.122283707842556,68.29918608496153
2026-06-29,2.5732337252816913,1.6359674398000816,1.5090059420933066,57.291255478540904,70.52508896764702
2026-06-30,2.6426277094810695,1.639066635793626,1.5250891344623367,61.22759452067825,73.27693508305768
2026-07-01,2.548357190401528,1.6586261094344563,1.5188240713431007,53.64265496040239,67.78488295540433
2026-07-02,2.4120817246193673,1.6363276206961967,1.4738987709382936,47.40823867491255,63.65314716178374
2026-07-03,2.3665293879243925,1.6533537301932104,1.483049735513911,43.13509231009147,59.57181551327646
2026-07-06,2.3031312452363943,1.6617351003874108,1.4829959225252256,38.59797778234635,55.30260132574425
2026-07-07,2.268275556947146,1.636127789385004,1.4677630182562966,38.63682113728763,54.53963131199879
2026-07-08,2.2288991274314656,1.624147132990068,1.4565138677940166,37.23504983985313,53.02972231958738
2026-07-09,2.3624938299518847,1.6403888146953576,1.4935056880359698,44.020357173102994,58.18445479499146
2026-07-10,2.192885394393047,1.6420228154825398,1.4642482674637265,33.547802973043694,49.761856859931086
2026-07-13,2.11776054917928,1.6115934494539346,1.4380910202140234,31.407865296105086,47.26192705550063
2026-07-14,2.1481248453020187,1.6323165881110062,1.469061513115885,31.599768142277497,46.224295315302214
2026-07-15,2.110993768987461,1.6434983641903942,1.4660847390713259,28.445139647422792,43.98852349589595
2026-07-16,2.067539381526173,1.629555489449846,1.439025595932145,26.87750708165173,43.67634511649538
2026-07-17,2.0555627227430247,1.5866861200251556,1.3871608089528666,29.55068408302679,48.184890279211245
2026-07-20,2.113998148589873,1.6107887079721168,1.4083630346115248,31.23994091386857,50.10321178821528
2026-07-21,2.0797278296139172,1.64105114718735,1.4515199795651557,26.731444853405662,43.27931126631541
2026-07-22,2.1126208716014916,1.6477646874611631,1.444786617870509,28.21132092935963,46.22372919783218
2026-07-23,2.085515418023791,1.6574519095610918,1.4480814306598075,25.82660202648379,44.01920871767147
2026-07-24,2.0811337107067853,1.6188899501712581,1.4239436559325556,28.553130525433644,46.15281314230295
2026-07-27,2.0718609709311027,1.6389529933979332,1.4402485014598754,26.41369089150323,43.854409071143465
2026-07-28,2.0476316404712573,1.617685788909321,1.3995430643265856,26.577834491073517,46.307155003944864
2026-07-29,2.0540447121479497,1.6340145944347997,1.4089577033584293,25.70540796536993,45.78469653502542
2026-07-30,2.1175606612898332,1.6295589813009586,1.3934777248836248,29.946855903262758,51.9622899940277
2026-07-31,2.0801270263342784,1.6468539952713788,1.4052622793613891,26.30913440456524,48.02411314132593
2026-08-03,2.061185233260218,1.6393843694936991,1.3914740562895527,25.729223214247554,48.12962009198285
2026-08-04,2.035730426136628,1.644694776345514,1.4091622968498447,23.775575590991348,44.4638726630328
2026-08-05,2.055564232174719,1.66424482836633,1.426688884049704,23.513331520610414,44.07936132087404
2026-08-06,2.065433598876408,1.6610737881775104,1.4245923826902904,24.343278039595795,44.984181017163124
2026-08-07,2.0469655599055794,1.6754492685304272,1.4378011283882377,22.17412955159288,42.36778087663693
2026-08-10,2.1115893823497367,1.6862273375399892,1.440125224692967,25.22566414029923,46.62540077373654
2026-08-11,2.095769753848495,1.6709180704713815,1.4284143912532021,25.426242667736474,46.7200111313494
2026-08-12,2.094565604640192,1.677383297394786,1.4367230309484436,24.87101832320313,45.787709914935924
2026-08-13,2.078395785077934,1.6636706464839959,1.4284641920042562,24.92831976511811,45.49862689674909
2026-08-14,2.078515460764398,1.661386401891304,1.4290552773022844,25.10728740756749,45.446820271930946
2026-08-17,2.1113261579011726,1.6791676293176458,1.4520925350634377,25.736473300115993,45.39887141620316
2026-08-18,2.1113261579011726,1.6775890141556693,1.4474111725810448,25.854791613773376,45.86913503895544
2026-08-19,2.032635860061135,1.6654572578139615,1.405415020041283,22.046714229647858,44.6288698409832
