ts_code,name,last_launch,bars_ago,last_quality,last_excess_mfe_20,last_mae_20,last_excess_ret_20,last_efficiency_20,n_hist,n_high,n_low,hit_rate,med_excess_mfe_20,med_mae_20,recent_launch,hist_ok,last_is_low,score,l2_flow,env_level,rating_kind,live_filter,archive_only,note,recommend_rank
601688.SH,华泰证券,2026-08-13,4,watching,,,,,0,0,0,,,,1,0,0,0.0,0.0530378533848241,2,subjective/semi-quantitative,0,1,事后主观评级档案；禁止进入实时筛选与生产决策。,
600015.SH,华夏银行,2026-07-02,34,high_value,0.09582156595341051,-0.006051437216338829,0.1683743086771513,19.069056286431998,11,2,6,0.18181818181818182,0.024856142167851036,-0.023215821152192673,1,0,0,0.08332002220944168,0.0076887568087676,2,subjective/semi-quantitative,0,1,事后主观评级档案；禁止进入实时筛选与生产决策。,
600522.SH,中天科技,2026-06-16,45,low_value,0.22075764640881523,-0.26131117266851334,-0.2238436330639978,0.9858657243816256,3,1,2,0.3333333333333333,0.22075764640881523,-0.05770411295273181,1,0,1,0.0883030585635261,-0.0625635695098216,4,subjective/semi-quantitative,0,1,事后主观评级档案；禁止进入实时筛选与生产决策。,
000988.SZ,华工科技,2026-06-15,46,neutral,0.13046035674769962,-0.11479686917629517,0.01238202864393989,1.4437229437229435,6,2,3,0.3333333333333333,0.06563398700068035,-0.09504661350106708,1,1,0,0.13814056159924032,0.3747933384358621,4,subjective/semi-quantitative,0,1,事后主观评级档案；禁止进入实时筛选与生产决策。,
601995.SH,中金公司,2026-06-15,46,high_value,0.09447607667454916,-0.016923990498812325,0.07172018575703776,7.666666666666679,1,1,0,1.0,0.09447607667454916,-0.016923990498812325,1,0,0,0.037790430669819665,-0.0208539269577408,2,subjective/semi-quantitative,0,1,事后主观评级档案；禁止进入实时筛选与生产决策。,
002594.SZ,比亚迪,2026-06-12,47,low_value,-0.05678885220586816,-0.15283842794759817,-0.03328530980333888,0.0214285714285724,9,4,5,0.4444444444444444,0.09527999591561298,-0.031112614135948458,1,1,1,0.10019343425498142,0.1333138487041425,2,subjective/semi-quantitative,0,1,事后主观评级档案；禁止进入实时筛选与生产决策。,
600926.SH,杭州银行,2026-06-08,51,low_value,-0.03278587383260789,-0.09585053769295637,-0.0494803379380373,0.4340127646343942,3,0,3,0.0,-0.03278587383260789,-0.09585053769295637,0,0,1,-0.013114349533043157,-0.0331024442093143,2,subjective/semi-quantitative,0,1,事后主观评级档案；禁止进入实时筛选与生产决策。,
000001.SZ,平安银行,2026-05-29,57,neutral,0.027958926597866585,-0.05309044600522983,-0.03941343391690466,1.1894221858528935,4,1,2,0.25,0.01651524104121249,-0.023528877623174793,0,1,0,0.06772186752535626,0.0593587418836054,2,subjective/semi-quantitative,0,1,事后主观评级档案；禁止进入实时筛选与生产决策。,
600886.SH,国投电力,2026-05-19,65,neutral,0.04565343589171489,-0.04734158776402042,-0.01811318502446424,1.5692307692307699,9,3,4,0.3333333333333333,0.04565343589171489,-0.04242046163443547,0,1,0,0.10078178050288575,-0.0196394796824763,2,subjective/semi-quantitative,0,1,事后主观评级档案；禁止进入实时筛选与生产决策。,
600025.SH,华能水电,2026-05-19,65,low_value,0.006717095061710365,-0.07070707070707072,-0.04282350747695718,0.49999999999999845,9,2,7,0.2222222222222222,0.006963222332709185,-0.06498951781970652,0,0,1,0.04775199699196245,-0.0152914780939607,2,subjective/semi-quantitative,0,1,事后主观评级档案；禁止进入实时筛选与生产决策。,
601088.SH,中国神华,2026-05-14,68,high_value,0.11733333168843596,-0.020588886429045883,0.08603872024580572,6.462365591397837,4,2,2,0.5,0.0593711793460433,-0.013775859278736313,0,1,0,0.17069927030284449,0.0058574290773686,2,subjective/semi-quantitative,0,1,事后主观评级档案；禁止进入实时筛选与生产决策。,
601919.SH,中远海控,2026-05-14,68,neutral,0.04721748340123488,-0.023076923076923106,0.03420980972749965,2.727272727272723,6,3,2,0.5,0.05367646130120307,-0.020804075814370993,0,1,0,0.1403519810410287,-0.0323018282313097,2,subjective/semi-quantitative,0,1,事后主观评级档案；禁止进入实时筛选与生产决策。,
601390.SH,中国中铁,2026-05-11,71,low_value,-0.008137540274943955,-0.12403100775193798,-0.07205151288809708,0.06250000000000011,3,0,3,0.0,-0.0013474331939988815,-0.12403100775193798,0,0,1,-0.003255016109977582,0.0325148563832181,2,subjective/semi-quantitative,0,1,事后主观评级档案；禁止进入实时筛选与生产决策。,
601727.SH,上海电气,2026-04-30,75,high_value,0.10827119370294547,-0.017326732673267342,-0.033448859957802446,8.928571428571422,28,8,17,0.2857142857142857,0.030910600477804473,-0.06049091437352749,0,1,0,0.10987952077644202,-0.0413403258584274,2,subjective/semi-quantitative,0,1,事后主观评级档案；禁止进入实时筛选与生产决策。,
601018.SH,宁波港,2026-04-28,77,low_value,-0.05982701148190617,-0.09163937555774437,-0.10113625317065111,-0.02834373959440389,8,0,6,0.0,0.001679553820942481,-0.02400309717382887,0,0,1,-0.02481673766228118,-0.0047316803882081,2,subjective/semi-quantitative,0,1,事后主观评级档案；禁止进入实时筛选与生产决策。,
601009.SH,南京银行,2026-04-15,86,low_value,-0.0057757364174853,-0.024128686327077653,-0.04862715180479238,2.814814814814834,13,2,8,0.15384615384615385,0.009497998244037298,-0.05200729927007297,0,0,1,0.030011299205026116,-0.0303451467767193,2,subjective/semi-quantitative,0,1,事后主观评级档案；禁止进入实时筛选与生产决策。,
601229.SH,上海银行,2026-04-14,87,low_value,-0.05164476435791143,-0.06230847803881512,-0.06431708256399937,0.2950819672131135,3,0,2,0.0,0.0023447650431898115,-0.06144578313253013,0,0,1,-0.020657905743164576,-0.009060913394429,2,subjective/semi-quantitative,0,1,事后主观评级档案；禁止进入实时筛选与生产决策。,
000333.SZ,美的集团,2026-03-31,96,low_value,-0.010698469138646693,-0.011132940406024971,-0.016000851692498985,6.576470588235255,6,0,5,0.0,0.0038037209014586404,-0.0529272746293355,0,0,1,-0.006199796235737456,0.0513004750261412,2,subjective/semi-quantitative,0,1,事后主观评级档案；禁止进入实时筛选与生产决策。,
600219.SH,南山铝业,2026-03-12,109,low_value,0.008602748032887853,-0.25654450261780104,-0.17236736477797754,0.06122448979591865,4,1,3,0.25,0.015044778613262477,-0.0321917292018819,0,1,1,0.05897437240341884,0.092507956966021,4,subjective/semi-quantitative,0,1,事后主观评级档案；禁止进入实时筛选与生产决策。,
002920.SZ,德赛西威,2026-03-12,109,low_value,-0.00037458314889260436,-0.1399843076751064,-0.08152084492228628,0.04807306770813741,1,0,1,0.0,-0.00037458314889260436,-0.1399843076751064,0,0,1,-0.00014983325955704175,0.076676081058778,2,subjective/semi-quantitative,0,1,事后主观评级档案；禁止进入实时筛选与生产决策。,
601319.SH,中国人保,2026-03-03,116,low_value,-0.00817284225587156,-0.1595375722543353,-0.1153254826463237,0.036231884057971335,1,0,1,0.0,-0.00817284225587156,-0.1595375722543353,0,0,1,-0.003269136902348624,-0.010104717374156,2,subjective/semi-quantitative,0,1,事后主观评级档案；禁止进入实时筛选与生产决策。,
688072.SH,拓荆科技,2026-03-02,117,low_value,0.056280331150473595,-0.15503573749187782,0.056220190848164875,0.3847443419949705,1,0,1,0.0,0.056280331150473595,-0.15503573749187782,0,0,1,0.02251213246018944,0.0152955567871788,4,subjective/semi-quantitative,0,1,事后主观评级档案；禁止进入实时筛选与生产决策。,
600426.SH,华鲁恒升,2026-02-03,130,high_value,0.18108810379149487,-0.053235053235053176,0.08766288753305784,3.8307692307692367,6,4,2,0.6666666666666666,0.12387479941970547,-0.05321007469444966,0,1,0,0.25012132084343375,0.06469215091123,4,subjective/semi-quantitative,0,1,事后主观评级档案；禁止进入实时筛选与生产决策。,
002028.SZ,思源电气,2026-02-02,131,high_value,0.2434433122527886,-0.01047792152250615,0.20323333621391781,26.561224489795922,18,12,4,0.6666666666666666,0.09228656418364989,-0.02955148857466733,0,1,0,0.26605880176723984,0.1476377785409207,4,subjective/semi-quantitative,0,1,事后主观评级档案；禁止进入实时筛选与生产决策。,
600690.SH,海尔智家,2026-01-29,133,low_value,0.03778642275454924,-0.051453260015711044,-0.003912768859201221,0.7862595419847285,5,0,4,0.0,0.02146361822037557,-0.05451127819548873,0,0,1,0.018926886422814312,-0.0902371243736549,2,subjective/semi-quantitative,0,1,事后主观评级档案；禁止进入实时筛选与生产决策。,
688111.SH,金山办公,2026-01-29,133,low_value,-0.004134669029049798,-0.20269532484698705,-0.15864586437909256,-0.007229940459313522,3,1,1,0.3333333333333333,0.12461850847795897,-0.11098686049762374,0,0,1,-0.0016538676116199193,-0.0026288063991775,3,subjective/semi-quantitative,0,1,事后主观评级档案；禁止进入实时筛选与生产决策。,
603993.SH,洛阳钼业,2026-01-26,136,neutral,0.15347617796217428,-0.15409570154095698,-0.037001356716260925,1.0842105263157904,8,4,1,0.5,0.14160229179163442,-0.04472736497163865,0,1,0,0.21043558557781075,-0.0084539994250155,4,subjective/semi-quantitative,0,1,事后主观评级档案；禁止进入实时筛选与生产决策。,
601288.SH,农业银行,2026-01-20,140,low_value,-0.004063380907264991,-0.10041841004184104,-0.0956543708890415,0.06944444444444516,7,1,6,0.14285714285714285,0.00206176295321725,-0.040431266846361336,0,0,1,0.026629153400874014,0.001565159349799,2,subjective/semi-quantitative,0,1,事后主观评级档案；禁止进入实时筛选与生产决策。,
601988.SH,中国银行,2026-01-20,140,low_value,-0.003683940428144572,-0.03860294117647067,-0.031177691095785387,0.19047619047618938,17,2,14,0.11764705882352941,0.0068750076378498726,-0.041095890410958846,0,0,1,0.023035305277516273,-0.0075210864686439,2,subjective/semi-quantitative,0,1,事后主观评级档案；禁止进入实时筛选与生产决策。,
002050.SZ,三花智控,2026-01-16,142,low_value,0.04934490375589751,-0.14584058475461192,-0.054162211482328804,0.3949880668257756,2,1,1,0.5,0.0878883214771945,-0.10645425626380639,0,0,1,0.019737961502359003,0.7794389902531382,4,subjective/semi-quantitative,0,1,事后主观评级档案；禁止进入实时筛选与生产决策。,
600362.SH,江西铜业,2026-01-13,145,high_value,0.22381137753370162,-0.09089320048942495,-0.020425791662186166,2.5942307692307676,7,4,3,0.5714285714285714,0.10410696598146485,-0.09089320048942495,0,1,0,0.23842625775799853,0.0150556449335834,4,subjective/semi-quantitative,0,1,事后主观评级档案；禁止进入实时筛选与生产决策。,
601398.SH,工商银行,2026-01-13,145,low_value,-0.014547379352053524,-0.08450704225352101,-0.057584754720541476,-0.030303030303029707,10,1,6,0.1,0.017990039912354483,-0.038452380952380905,0,0,1,0.01881061857311271,-0.0014492812264473,2,subjective/semi-quantitative,0,1,事后主观评级档案；禁止进入实时筛选与生产决策。,
688271.SH,联影医疗,2025-12-25,156,high_value,0.12298872896562507,-0.03865144267859899,0.01952751325168678,4.2654690618762485,1,1,0,1.0,0.12298872896562507,-0.03865144267859899,0,0,0,0.04919549158625003,-0.0453368881559212,2,subjective/semi-quantitative,0,1,事后主观评级档案；禁止进入实时筛选与生产决策。,
000938.SZ,紫光股份,2025-12-22,159,high_value,0.09088868097843905,-0.028997180829641533,0.04671573596225409,4.81944444444445,4,3,1,0.75,0.13466344186400747,-0.03677312862561394,0,1,0,0.23608802048896124,0.0149225982054717,2,subjective/semi-quantitative,0,1,事后主观评级档案；禁止进入实时筛选与生产决策。,
601728.SH,中国电信,2025-12-19,160,low_value,-0.05441198156577376,-0.12684365781710916,-0.15540798252379506,0.03488372093023173,10,4,5,0.4,0.0516825755973509,-0.042802819514004775,0,1,1,0.07672228814997599,0.0003785080962977,2,subjective/semi-quantitative,0,1,事后主观评级档案；禁止进入实时筛选与生产决策。,
002236.SZ,大华股份,2025-12-19,160,low_value,0.06321891419136572,0.001605995717344877,0.04302802715323728,,2,1,1,0.5,0.07248049370655829,-0.008814788801332574,0,0,1,0.02528756567654629,0.0102425807710338,2,subjective/semi-quantitative,0,1,事后主观评级档案；禁止进入实时筛选与生产决策。,
600989.SH,宝丰能源,2025-12-18,161,high_value,0.1303828388732049,-0.004986149584487509,0.13627584109287705,38.666666666666856,2,2,0,1.0,0.11138755574551851,-0.0047309264546478436,0,0,0,0.05215313554928196,0.0069945603118985,2,subjective/semi-quantitative,0,1,事后主观评级档案；禁止进入实时筛选与生产决策。,
600009.SH,上海机场,2025-12-18,161,low_value,-0.030702471487374483,-0.05496828752642713,-0.0818827187650969,0.5769230769230747,5,1,4,0.2,-0.02039107294491682,-0.05496828752642713,0,0,1,0.01969186008164202,-0.043731789995409,2,subjective/semi-quantitative,0,1,事后主观评级档案；禁止进入实时筛选与生产决策。,
600010.SH,包钢股份,2025-12-17,162,high_value,0.09705897482800863,-0.008510638297872353,0.030641588866183067,17.999999999999975,9,5,4,0.5555555555555556,0.06320236399942902,-0.03448275862068961,0,1,0,0.1742780712004403,-0.0327481735931245,2,subjective/semi-quantitative,0,1,事后主观评级档案；禁止进入实时筛选与生产决策。,
600066.SH,宇通客车,2025-12-11,166,low_value,-0.014926751256335358,-0.0637152258450493,-0.10666554692462338,0.6291079812206581,1,0,1,0.0,-0.014926751256335358,-0.0637152258450493,0,0,1,-0.005970700502534143,-0.0331630058705938,4,subjective/semi-quantitative,0,1,事后主观评级档案；禁止进入实时筛选与生产决策。,
600150.SH,中国船舶,2025-12-09,168,low_value,0.0038742430969296304,-0.06018518518518512,0.007871775462217068,0.802884615384617,3,0,2,0.0,0.0038742430969296304,-0.06018518518518512,0,0,1,0.0015496972387718522,0.0664929874248549,2,subjective/semi-quantitative,0,1,事后主观评级档案；禁止进入实时筛选与生产决策。,
600031.SH,三一重工,2025-12-03,172,neutral,0.028274509647268076,-0.002941176470588225,0.013959145043785925,20.500000000000075,21,11,5,0.5238095238095238,0.06638732566106298,-0.03005008347245408,0,1,0,0.14141461631871077,-0.0354799669496289,2,subjective/semi-quantitative,0,1,事后主观评级档案；禁止进入实时筛选与生产决策。,
601066.SH,中信建投,2025-12-01,174,high_value,0.07418224576955912,-0.003568596352101494,0.0465284062871294,26.888888888889014,3,2,1,0.6666666666666666,0.07418224576955912,-0.013043478260869712,0,0,0,0.029672898307823648,-0.010330982129198,2,subjective/semi-quantitative,0,1,事后主观评级档案；禁止进入实时筛选与生产决策。,
600372.SH,中航机载,2025-12-01,174,high_value,0.06913217862334342,-0.012155591572123203,0.059307218197342415,7.4784944126629345,3,2,1,0.6666666666666666,0.06913217862334342,-0.012155591572123203,0,0,0,0.02765287144933737,-0.014408832807075,2,subjective/semi-quantitative,0,1,事后主观评级档案；禁止进入实时筛选与生产决策。,
601878.SH,浙商证券,2025-12-01,174,low_value,-0.0018458087995085748,-0.025362318840579712,-0.025516583311647634,0.7857142857142848,3,0,3,0.0,-0.009610851516643537,-0.032590051457976,0,0,1,-0.0007383235198034299,-0.024941224098776,2,subjective/semi-quantitative,0,1,事后主观评级档案；禁止进入实时筛选与生产决策。,
600930.SH,华电新能,2025-11-28,175,low_value,0.0713140817881821,0.011235955056179803,-0.007979738729759545,,1,0,1,0.0,0.0713140817881821,0.011235955056179803,0,0,1,0.028525632715272843,-0.0935725874464601,2,subjective/semi-quantitative,0,1,事后主观评级档案；禁止进入实时筛选与生产决策。,
300628.SZ,亿联网络,2025-11-24,179,neutral,0.041591224923828385,-0.01212658976634129,0.03864675572285625,7.0000000000000275,1,0,0,0.0,0.041591224923828385,-0.01212658976634129,0,0,0,0.016636489969531355,-0.0457205006929024,2,subjective/semi-quantitative,0,1,事后主观评级档案；禁止进入实时筛选与生产决策。,
300498.SZ,温氏股份,2025-11-24,179,low_value,-0.02127344663649544,-0.06549971767363072,-0.07517110343661793,0.3362068965517246,1,0,1,0.0,-0.02127344663649544,-0.06549971767363072,0,0,1,-0.008509378654598177,0.0494574100388699,2,subjective/semi-quantitative,0,1,事后主观评级档案；禁止进入实时筛选与生产决策。,
601136.SH,首创证券,2025-11-18,183,high_value,0.06561454392503552,-0.04719324391455537,-0.025768918776823524,1.7263157894736847,1,1,0,1.0,0.06561454392503552,-0.04719324391455537,0,0,0,0.026245817570014207,-0.0321142555374919,2,subjective/semi-quantitative,0,1,事后主观评级档案；禁止进入实时筛选与生产决策。,
000725.SZ,京东方A,2025-11-10,189,neutral,0.06885633083487552,-0.06650246305418717,0.052557188420929046,1.074074074074074,8,1,4,0.125,0.03039713640564834,-0.0558795251233174,0,0,0,0.06047081584041512,0.2776819711893342,2,subjective/semi-quantitative,0,1,事后主观评级档案；禁止进入实时筛选与生产决策。,
300014.SZ,亿纬锂能,2025-11-05,192,low_value,0.0323596747541024,-0.1957968476357268,-0.1710355338548213,0.2534287418008358,11,4,5,0.36363636363636365,0.08583059953595784,-0.12423963133640559,0,1,1,0.11017722623195905,0.3516571182240186,4,subjective/semi-quantitative,0,1,事后主观评级档案；禁止进入实时筛选与生产决策。,
600809.SH,山西汾酒,2025-10-31,195,high_value,0.05434022353597512,-0.023517060367454046,0.04451423053906611,2.9196428571428577,3,2,0,0.6666666666666666,0.09198655278559054,-0.033274751025190286,0,0,0,0.02173608941439005,-0.0278741017243922,2,subjective/semi-quantitative,0,1,事后主观评级档案；禁止进入实时筛选与生产决策。,
600999.SH,招商证券,2025-10-27,199,low_value,0.009239797803135996,-0.06950028719126933,-0.003488762176984128,0.2727272727272733,4,1,3,0.25,0.013362886057198486,-0.02726168034864085,0,1,1,0.05896997069921145,-0.0947068064813836,2,subjective/semi-quantitative,0,1,事后主观评级档案；禁止进入实时筛选与生产决策。,
000776.SZ,广发证券,2025-10-27,199,low_value,0.019759757535018796,-0.10807347287483982,-0.03929136792556953,0.27272727272727254,7,1,5,0.14285714285714285,0.019759757535018796,-0.0495988329686361,0,0,1,0.041448693022445554,0.1997348392440363,4,subjective/semi-quantitative,0,1,事后主观评级档案；禁止进入实时筛选与生产决策。,
600111.SH,北方稀土,2025-10-24,200,low_value,0.06249322088532261,-0.13869896464153153,-0.09407324234741066,0.6070422535211265,3,1,2,0.3333333333333333,0.06249322088532261,-0.10897943037974678,0,0,1,0.024997288354129045,0.0134800844521273,3,subjective/semi-quantitative,0,1,事后主观评级档案；禁止进入实时筛选与生产决策。,
000100.SZ,TCL科技,2025-10-23,201,neutral,0.033070333950018904,-0.007159904534606243,0.0018269174893729145,9.333333333333291,6,2,1,0.3333333333333333,0.037417273125470496,-0.019448340345955994,0,1,0,0.09440893329065544,0.1415737327075389,2,subjective/semi-quantitative,0,1,事后主观评级档案；禁止进入实时筛选与生产决策。,
600026.SH,中远海能,2025-10-10,210,high_value,0.09379782276803317,-0.026186579378068675,0.02422269096973806,4.781250000000014,6,3,2,0.5,0.08041163531049822,-0.04524763052504727,0,1,0,0.16634011092817483,-0.0485559155708219,4,subjective/semi-quantitative,0,1,事后主观评级档案；禁止进入实时筛选与生产决策。,
601225.SH,陕西煤业,2025-10-09,211,high_value,0.1955438614876086,-0.01273261508325163,0.1826501765389803,16.23076923076934,8,2,5,0.25,0.05236045972621162,-0.07727004474211524,0,1,0,0.14336029362016636,-0.0333179102690836,2,subjective/semi-quantitative,0,1,事后主观评级档案；禁止进入实时筛选与生产决策。,
600011.SH,华能国际,2025-10-09,211,high_value,0.15509251557592973,-0.02472527472527475,0.13940314443298663,6.722222222222219,7,2,5,0.2857142857142857,0.006500527210150597,-0.026798307475317307,0,1,0,0.12257428176120255,-0.054233443663633,2,subjective/semi-quantitative,0,1,事后主观评级档案；禁止进入实时筛选与生产决策。,
600028.SH,中国石化,2025-10-09,211,neutral,0.039256858695496666,-0.016791044776119257,0.03886189463800549,3.0000000000000266,10,4,5,0.4,0.02925282479591762,-0.02298648885769433,0,1,0,0.1079769863293898,3.147424284125119e-05,2,subjective/semi-quantitative,0,1,事后主观评级档案；禁止进入实时筛选与生产决策。,
600018.SH,上港集团,2025-10-09,211,neutral,0.021433453119398926,-0.018083182640144524,0.017880679556091295,1.8000000000000185,9,3,4,0.3333333333333333,0.024843140762990323,-0.021327014218009532,0,1,0,0.0854919968464658,-0.0320284188879771,2,subjective/semi-quantitative,0,1,事后主观评级档案；禁止进入实时筛选与生产决策。,
601872.SH,招商轮船,2025-09-29,213,neutral,0.06067893125599366,-0.0778032036613272,-0.037550327501872593,1.1743363514307723,7,5,1,0.7142857142857143,0.07547954036809035,-0.02863961813842486,0,1,0,0.19746144373556182,0.0089762907213663,3,subjective/semi-quantitative,0,1,事后主观评级档案；禁止进入实时筛选与生产决策。,
601318.SH,中国平安,2025-09-29,213,high_value,0.05997122783198572,-0.03142296018568114,0.06990145658957148,2.8851332388019943,8,2,3,0.25,0.029559142683752815,-0.026190973458341205,0,1,0,0.08467154981093224,-0.0123016681166581,2,subjective/semi-quantitative,0,1,事后主观评级档案；禁止进入实时筛选与生产决策。,
601800.SH,中国交建,2025-09-29,213,low_value,0.009403438968507816,-0.0068728522336770626,-0.000852448418128593,5.833333333333272,2,0,2,0.0,-0.00046960617135893834,-0.01473961760620024,0,0,1,0.0037613755874031265,0.0027534929800866,2,subjective/semi-quantitative,0,1,事后主观评级档案；禁止进入实时筛选与生产决策。,
000625.SZ,长安汽车,2025-09-26,214,high_value,0.08049013100912816,-0.016286644951140072,-0.011314292222606825,7.8,4,2,2,0.5,0.029489402705815293,-0.038562065410618795,0,1,0,0.14461383137193318,0.1633674787988446,2,subjective/semi-quantitative,0,1,事后主观评级档案；禁止进入实时筛选与生产决策。,
000708.SZ,中信特钢,2025-09-26,214,high_value,0.1162690515831204,-0.015060240963855498,0.117179674432347,10.810899479207496,3,1,2,0.3333333333333333,0.019599514503830573,-0.12474645030425957,0,0,0,0.04650762063324816,0.0034301485403008,2,subjective/semi-quantitative,0,1,事后主观评级档案；禁止进入实时筛选与生产决策。,
600875.SH,东方电气,2025-09-25,215,high_value,0.12712147587786848,-0.013691416535018597,0.08872838852873688,11.961538461538309,2,1,1,0.5,0.07103731154480653,-0.06420708494054939,0,0,0,0.050848590351147395,0.0536614587814485,2,subjective/semi-quantitative,0,1,事后主观评级档案；禁止进入实时筛选与生产决策。,
600919.SH,江苏银行,2025-09-23,217,neutral,0.043567302250882456,-0.03428011753183147,-0.02009577316537614,2.7428571428571527,4,0,1,0.0,0.03381882347383969,-0.02865321666065257,0,0,0,0.026867939647080924,-0.0300611063613058,2,subjective/semi-quantitative,0,1,事后主观评级档案；禁止进入实时筛选与生产决策。,
600036.SH,招商银行,2025-09-23,217,low_value,-0.02783481761225648,-0.044524669073405465,-0.06923072615617942,0.5081081081081095,12,2,9,0.16666666666666666,0.006990495125675955,-0.04307595799933278,0,0,1,0.023588378866610506,0.0085827789631283,2,subjective/semi-quantitative,0,1,事后主观评级档案；禁止进入实时筛选与生产决策。,
601998.SH,中信银行,2025-09-23,217,neutral,0.031311274018034796,-0.0442359249329759,-0.015605616062394079,1.848484848484846,5,0,4,0.0,0.012301213159328084,-0.0442359249329759,0,0,0,0.013929754453813633,0.0004188535397345,2,subjective/semi-quantitative,0,1,事后主观评级档案；禁止进入实时筛选与生产决策。,
601825.SH,沪农商行,2025-09-22,218,low_value,0.018948962600151775,-0.03961735567912272,0.004363071431504606,1.6599111035612797,2,0,2,0.0,0.006312438007984866,-0.031156195570057832,0,0,1,0.007579585040060711,0.0050501418062905,2,subjective/semi-quantitative,0,1,事后主观评级档案；禁止进入实时筛选与生产决策。,
603259.SH,药明康德,2025-09-19,219,low_value,0.0015756433207561038,-0.12496427511972952,-0.06375328877481079,0.4115311367316939,1,0,1,0.0,0.0015756433207561038,-0.12496427511972952,0,0,1,0.0006302573283024416,0.0550985336832207,3,subjective/semi-quantitative,0,1,事后主观评级档案；禁止进入实时筛选与生产决策。,
002837.SZ,英维克,2025-09-18,220,neutral,0.10179544951852426,-0.13550204918032782,-0.08839695305804074,1.1257088846880907,3,1,1,0.3333333333333333,0.10179544951852426,-0.1105263157894737,0,0,0,0.04071817980740971,0.6503674405265418,4,subjective/semi-quantitative,0,1,事后主观评级档案；禁止进入实时筛选与生产决策。,
300433.SZ,蓝思科技,2025-09-17,221,low_value,0.05026142248009435,-0.15264797507788164,-0.11090977639580823,0.5816326530612241,1,0,1,0.0,0.05026142248009435,-0.15264797507788164,0,0,1,0.020104568992037743,0.4465157418145182,4,subjective/semi-quantitative,0,1,事后主观评级档案；禁止进入实时筛选与生产决策。,
003816.SZ,中国广核,2025-09-11,225,neutral,0.035460631620098715,-0.04799999999999993,0.06343178179497111,1.5555555555555576,2,0,1,0.0,0.00585421351118387,-0.045959459459459395,0,0,0,0.014184252648039486,0.0023411219662284,4,subjective/semi-quantitative,0,1,事后主观评级档案；禁止进入实时筛选与生产决策。,
600482.SH,中国动力,2025-09-11,225,low_value,0.006920252459029941,-0.058217644424540915,-0.014959619906775412,0.7923076923076937,2,0,2,0.0,-0.034827746864622755,-0.05862689450142711,0,0,1,0.0027681009836119765,0.0002230332300672,2,subjective/semi-quantitative,0,1,事后主观评级档案；禁止进入实时筛选与生产决策。,
601901.SH,方正证券,2025-09-11,225,low_value,-0.03568490828600468,-0.07042253521126773,-0.045385119613479685,0.04999999999999827,1,0,1,0.0,-0.03568490828600468,-0.07042253521126773,0,0,1,-0.014273963314401873,-0.0278863645219956,2,subjective/semi-quantitative,0,1,事后主观评级档案；禁止进入实时筛选与生产决策。,
600803.SH,新奥股份,2025-09-08,228,low_value,-0.01865375950823589,-0.03604088219472845,-0.017615992900975264,1.089552238805963,5,1,4,0.2,0.015076692537435488,-0.09999999999999998,0,0,1,0.03351380473405935,-0.0165108620669165,2,subjective/semi-quantitative,0,1,事后主观评级档案；禁止进入实时筛选与生产决策。,
600023.SH,浙能电力,2025-09-08,228,low_value,-0.038504707663888915,-0.04660194174757282,-0.0004682414739110019,0.41666666666666646,6,1,4,0.16666666666666666,0.01109182761099159,-0.020420906567992614,0,0,1,0.022033165651992093,-0.0548717898122881,2,subjective/semi-quantitative,0,1,事后主观评级档案；禁止进入实时筛选与生产决策。,
600406.SH,国电南瑞,2025-09-08,228,neutral,0.027003937914569454,-0.011235955056179692,0.04856456836661005,7.5584247962886755,1,0,0,0.0,0.027003937914569454,-0.011235955056179692,0,0,0,0.010801575165827783,-0.0245921966605902,2,subjective/semi-quantitative,0,1,事后主观评级档案；禁止进入实时筛选与生产决策。,
600085.SH,同仁堂,2025-09-08,228,low_value,-0.05596139907831876,-0.05882352941176483,-0.05325712401721938,0.033333333333333146,4,0,4,0.0,-0.038227895666134715,-0.02741642943894307,0,0,1,-0.036644750967488544,-0.066418936788729,2,subjective/semi-quantitative,0,1,事后主观评级档案；禁止进入实时筛选与生产决策。,
601138.SH,工业富联,2025-09-05,229,neutral,0.27870716294110043,-0.1492029374888053,0.10705811384493691,2.267707082833134,8,3,3,0.375,0.08786605393975244,-0.1121251435269024,0,1,0,0.21250115436494432,-0.0166409077926847,4,subjective/semi-quantitative,0,1,事后主观评级档案；禁止进入实时筛选与生产决策。,
002463.SZ,沪电股份,2025-09-05,229,high_value,0.25700968058997664,-0.09354536950420966,0.06919309966233289,3.384999999999996,3,1,1,0.3333333333333333,0.15896424868929593,-0.12220538410336168,0,0,0,0.10280387223599066,0.3246187385713905,4,subjective/semi-quantitative,0,1,事后主观评级档案；禁止进入实时筛选与生产决策。,
688303.SH,大全能源,2025-09-04,230,low_value,0.048640068216964316,-0.16112693890471663,-0.18268300163622386,0.8153241650294701,2,0,1,0.0,0.05033768295495944,-0.10376446200818956,0,0,1,0.019456027286785728,0.0211166049709479,4,subjective/semi-quantitative,0,1,事后主观评级档案；禁止进入实时筛选与生产决策。,
300059.SZ,东方财富,2025-08-29,234,low_value,-0.021218265144893778,-0.11103424420615704,-0.11043247378815724,0.04361370716510749,2,0,2,0.0,0.01242315144344297,-0.15321827152836587,0,0,1,-0.008487306057957512,0.8370197966432513,4,subjective/semi-quantitative,0,1,事后主观评级档案；禁止进入实时筛选与生产决策。,
601838.SH,成都银行,2025-08-27,236,low_value,-0.0012212249731338165,-0.055432372505543115,-0.0748395124217528,0.7500000000000006,2,0,2,0.0,0.003110387424869243,-0.0999541465927149,0,0,1,-0.0004884899892535266,-0.0056642170368513,2,subjective/semi-quantitative,0,1,事后主观评级档案；禁止进入实时筛选与生产决策。,
601818.SH,光大银行,2025-08-25,238,low_value,-0.023407073316590976,-0.14250000000000007,-0.14944532372381547,0.0,5,0,4,0.0,0.013456807934263848,-0.03693931398416883,0,0,1,-0.007138441547379451,-0.0212029739189196,2,subjective/semi-quantitative,0,1,事后主观评级档案；禁止进入实时筛选与生产决策。,
601169.SH,北京银行,2025-08-25,238,low_value,-0.021819771729289394,-0.11746031746031749,-0.12623103800952962,0.013513513513513462,3,0,2,0.0,-0.004762910943776788,-0.023060796645702264,0,0,1,-0.008727908691715759,-0.0254638859280575,2,subjective/semi-quantitative,0,1,事后主观评级档案；禁止进入实时筛选与生产决策。,
601788.SH,光大证券,2025-08-22,239,low_value,-0.0028645474936608295,-0.11886429258902798,-0.14380125710402214,0.3522267206477723,3,0,2,0.0,0.0430792270298177,-0.006785934608266486,0,0,1,-0.0011458189974643319,0.222521342170293,4,subjective/semi-quantitative,0,1,事后主观评级档案；禁止进入实时筛选与生产决策。,
600000.SH,浦发银行,2025-08-22,239,low_value,-0.022493563916305304,-0.09899569583931134,-0.10936728116147731,0.2246376811594201,6,0,5,0.0,-0.01836568886526113,-0.03922058807349876,0,0,1,-0.01741133817646822,-0.0075384519805039,3,subjective/semi-quantitative,0,1,事后主观评级档案；禁止进入实时筛选与生产决策。,
601916.SH,浙商银行,2025-08-21,240,low_value,-0.06068887102137954,-0.1071428571428572,-0.15612486203377474,0.055555555555555323,1,0,1,0.0,-0.06068887102137954,-0.1071428571428572,0,0,1,-0.02427554840855182,-0.0816354019891227,2,subjective/semi-quantitative,0,1,事后主观评级档案；禁止进入实时筛选与生产决策。,
601077.SH,渝农商行,2025-08-20,241,low_value,-0.03874195657391599,-0.05327245053272445,-0.08372990431929417,0.5714285714285721,3,1,2,0.3333333333333333,-0.014437761501149948,-0.05327245053272445,0,0,1,-0.015496782629566398,0.0311929878919491,2,subjective/semi-quantitative,0,1,事后主观评级档案；禁止进入实时筛选与生产决策。,
002352.SZ,顺丰控股,2025-08-07,250,low_value,-0.052900121560035984,-0.11735993208828521,-0.17549113709602593,0.44846292947558725,4,0,3,0.0,-0.022227386405209715,-0.05218421052631589,0,0,1,-0.031626138769312556,0.0049257899235558,2,subjective/semi-quantitative,0,1,事后主观评级档案；禁止进入实时筛选与生产决策。,
600660.SH,福耀玻璃,2025-08-05,252,high_value,0.09470877226316565,-0.013264025811077329,0.09694134561239043,15.324324324324236,2,1,1,0.5,0.04045399914250103,-0.04269274677310514,0,0,0,0.03788350890526626,-0.0644245061528882,2,subjective/semi-quantitative,0,1,事后主观评级档案；禁止进入实时筛选与生产决策。,
601006.SH,大秦铁路,2025-07-22,262,low_value,0.003832793603300244,-0.022900763358778664,-0.04672412097344758,1.800000000000001,4,0,4,0.0,-0.0011482704539033106,-0.040370690162679856,0,0,1,-0.0012680532182287865,-0.0319800062971773,2,subjective/semi-quantitative,0,1,事后主观评级档案；禁止进入实时筛选与生产决策。,
601328.SH,交通银行,2025-07-04,274,low_value,-0.0388121066751681,-0.08150851581508511,-0.09247179857904708,0.14925373134328485,7,1,5,0.14285714285714285,0.012701423827468084,-0.014705882352941124,0,0,1,0.017784274251820754,-0.0120752994522355,4,subjective/semi-quantitative,0,1,事后主观评级档案；禁止进入实时筛选与生产决策。,
000538.SZ,云南白药,2025-06-25,281,low_value,-0.030062119776014917,-0.009846043680630134,-0.0283339180703277,1.9636363636363612,3,1,2,0.3333333333333333,-0.007256918796276324,-0.03389639639639652,0,0,1,-0.012024847910405968,-0.0134300442497884,2,subjective/semi-quantitative,0,1,事后主观评级档案；禁止进入实时筛选与生产决策。,
002179.SZ,中航光电,2025-06-23,283,low_value,0.002278102131131554,-0.011026516145970056,-0.02909405941756682,5.571428571428582,4,0,3,0.0,0.022980117553316082,-0.07617610616590237,0,0,1,0.003924113275092786,-0.0010018396489122,2,subjective/semi-quantitative,0,1,事后主观评级档案；禁止进入实时筛选与生产决策。,
688396.SH,华润微,2025-06-23,283,low_value,-0.00542727479240579,-0.0015350877192982226,-0.013409139583194785,35.000000000000654,2,0,2,0.0,0.00705090736028624,-0.011890654010837054,0,0,1,-0.002170909916962316,-0.0085958052813596,2,subjective/semi-quantitative,0,1,事后主观评级档案；禁止进入实时筛选与生产决策。,
002371.SZ,北方华创,2025-06-19,285,neutral,0.03313454198240939,-0.007224478232127796,-0.03187898623723884,12.612938359122559,4,1,2,0.25,0.037326748575548074,-0.06803573558168086,0,1,0,0.07398949968799376,0.0974158954890202,2,subjective/semi-quantitative,0,1,事后主观评级档案；禁止进入实时筛选与生产决策。,
601658.SH,邮储银行,2025-04-08,333,low_value,-0.004635040874376939,-0.017578125,-0.004611900551894976,3.111111111111111,3,2,1,0.6666666666666666,0.07693790593382022,-0.0065359477124183885,0,0,1,-0.0018540163497507756,0.0051003783216454,2,subjective/semi-quantitative,0,1,事后主观评级档案；禁止进入实时筛选与生产决策。,
600016.SH,民生银行,2025-04-01,337,low_value,0.022021229111305773,-0.06075949367088607,0.03771919500443588,0.4166666666666653,5,0,5,0.0,0.004945311069766367,-0.0286624203821656,0,0,1,0.008720699074615276,0.0202862905977083,2,subjective/semi-quantitative,0,1,事后主观评级档案；禁止进入实时筛选与生产决策。,
601238.SH,广汽集团,2025-03-26,341,low_value,0.0006684221435437898,-0.1410404624277457,-0.04185635318410319,0.06557377049180323,3,0,2,0.0,0.028803214168508617,-0.12435233160621773,0,0,1,0.0002673688574175159,0.0215574119004803,2,subjective/semi-quantitative,0,1,事后主观评级档案；禁止进入实时筛选与生产决策。,
000895.SZ,双汇发展,2025-03-25,342,high_value,0.06059300323093164,-0.01979444232965366,0.059818832571299385,3.3269230769230695,8,3,4,0.375,0.03407963883928511,-0.04445241829662544,0,1,0,0.11156633701153919,0.000931182894552,2,subjective/semi-quantitative,0,1,事后主观评级档案；禁止进入实时筛选与生产决策。,
001391.SZ,国货航,2025-03-18,347,high_value,0.15002620701176128,-0.06470588235294117,0.14096540163375415,2.386363636363635,1,1,0,1.0,0.15002620701176128,-0.06470588235294117,0,0,0,0.060010482804704515,0.0838326362788245,2,subjective/semi-quantitative,0,1,事后主观评级档案；禁止进入实时筛选与生产决策。,
600941.SH,中国移动,2025-03-05,356,low_value,-0.02951046531983592,-0.03487728363166631,-0.0019835942278564334,0.05555555555555573,2,0,2,0.0,-0.00573926261837876,-0.04012108757520194,0,0,1,-0.01180418612793437,-0.0469556108031363,2,subjective/semi-quantitative,0,1,事后主观评级档案；禁止进入实时筛选与生产决策。,
601117.SH,中国化学,2025-02-26,361,neutral,0.024534957332441598,-0.025991792065663377,0.03487261654628171,1.5789473684210553,5,0,3,0.0,0.024534957332441598,-0.06144393241167434,0,0,0,0.014223882907981907,-0.0203073633544569,2,subjective/semi-quantitative,0,1,事后主观评级档案；禁止进入实时筛选与生产决策。,
002027.SZ,分众传媒,2025-02-24,363,high_value,0.0763506931069684,-0.030627871362940318,0.08994743257014093,2.9499999999999997,5,3,2,0.6,0.05214817050404985,-0.03975535168195732,0,1,0,0.17136385240820634,0.0895286615727818,2,subjective/semi-quantitative,0,1,事后主观评级档案；禁止进入实时筛选与生产决策。,
601021.SH,春秋航空,2025-02-24,363,neutral,0.023734321642898237,-0.03068420049552134,0.011832934998276534,1.2298136645962694,2,0,0,0.0,0.03659289576174474,-0.017233992139652543,0,0,0,0.009493728657159296,-0.0138501131303108,2,subjective/semi-quantitative,0,1,事后主观评级档案；禁止进入实时筛选与生产决策。,
600160.SH,巨化股份,2025-02-18,367,low_value,0.037049859636982596,-0.07214832728738407,-0.006529275880991392,0.8994413407821225,12,2,9,0.16666666666666666,0.03027098613311585,-0.10540424792931119,0,0,1,0.053485114402962594,0.0116824696792618,2,subjective/semi-quantitative,0,1,事后主观评级档案；禁止进入实时筛选与生产决策。,
300442.SZ,润泽科技,2025-02-17,368,high_value,0.22452106636031477,-0.08942819148936165,0.06710914934474665,2.7211895910780695,5,2,3,0.4,0.03558731379496094,-0.07805390269513479,0,1,0,0.1808690059347549,0.6050933494223593,4,subjective/semi-quantitative,0,1,事后主观评级档案；禁止进入实时筛选与生产决策。,
600048.SH,保利发展,2025-02-07,374,neutral,0.03264945985267165,-0.03431952662721882,0.02823865994878605,1.7241379310344909,5,2,1,0.4,0.08921551204378564,-0.03431952662721882,0,1,0,0.12444173131788479,-0.0321831147263299,2,subjective/semi-quantitative,0,1,事后主观评级档案；禁止进入实时筛选与生产决策。,
601127.SH,赛力斯,2025-02-07,374,low_value,0.013737210832321933,-0.11783775633293125,0.0011430289397282856,0.3416506717850285,2,1,1,0.5,0.1280990519845593,-0.0659037442898649,0,0,1,0.005494884332928773,-0.0008125038603297,3,subjective/semi-quantitative,0,1,事后主观评级档案；禁止进入实时筛选与生产决策。,
600176.SH,中国巨石,2025-01-27,377,low_value,-0.001726476414630529,-0.04424778761061943,-0.011656807850795925,1.020000000000002,5,1,4,0.2,0.001160545935694035,-0.04424778761061943,0,0,1,0.03903752233628965,-0.0153680371575969,2,subjective/semi-quantitative,0,1,事后主观评级档案；禁止进入实时筛选与生产决策。,
600039.SH,四川路桥,2025-01-24,378,low_value,0.016773716826659735,-0.02824858757062143,0.032101409370470124,2.100000000000005,2,1,1,0.5,0.06719445202920782,-0.016176277369441994,0,0,1,0.006709486730663895,-0.0168280712228769,2,subjective/semi-quantitative,0,1,事后主观评级档案；禁止进入实时筛选与生产决策。,
000157.SZ,中联重科,2025-01-14,386,low_value,0.018574860766532142,-0.03389830508474578,0.006825695756904837,1.6666666666666634,3,0,3,0.0,0.018574860766532142,-0.06327160493827155,0,0,1,0.0074299443066128575,0.1661132845089414,2,subjective/semi-quantitative,0,1,事后主观评级档案；禁止进入实时筛选与生产决策。,
000792.SZ,盐湖股份,2025-01-14,386,low_value,-0.006388051184898602,-0.02910855063674933,-0.034948466293027614,1.083333333333345,1,0,1,0.0,-0.006388051184898602,-0.02910855063674933,0,0,1,-0.002555220473959441,0.0365785545134838,2,subjective/semi-quantitative,0,1,事后主观评级档案；禁止进入实时筛选与生产决策。,
600089.SH,特变电工,2025-01-14,386,low_value,-0.01676690347153742,-0.037428803905614316,-0.028868888513067903,0.5652173913043476,1,0,1,0.0,-0.01676690347153742,-0.037428803905614316,0,0,1,-0.006706761388614969,0.0521502657151797,2,subjective/semi-quantitative,0,1,事后主观评级档案；禁止进入实时筛选与生产决策。,
002304.SZ,洋河股份,2025-01-14,386,low_value,-0.01975366080355423,-0.015531114348452668,-0.032233507846732956,1.169822922137367,3,1,2,0.3333333333333333,0.00921402236271407,-0.03493082626308952,0,0,1,-0.007901464321421692,0.0087696257293439,2,subjective/semi-quantitative,0,1,事后主观评级档案；禁止进入实时筛选与生产决策。,
600893.SH,航发动力,2025-01-09,389,low_value,-0.020021236347177895,-0.04730077120822618,-0.05238234397314534,0.48369565217391336,2,0,1,0.0,0.012181573371637167,-0.027493061915143835,0,0,1,-0.00800849453887116,0.040597027825546,2,subjective/semi-quantitative,0,1,事后主观评级档案；禁止进入实时筛选与生产决策。,
600188.SH,兖矿能源,2024-12-25,399,low_value,0.001598049393966905,-0.09090909090909094,-0.03128782200183999,0.07692307692307551,4,0,4,0.0,-0.0039016567452079265,-0.07108761987794249,0,0,1,-0.004913584161008403,0.0455025097785298,2,subjective/semi-quantitative,0,1,事后主观评级档案；禁止进入实时筛选与生产决策。,
601600.SH,中国铝业,2024-12-24,400,neutral,0.06604967092577652,-0.05307529337424444,0.09310194751377099,1.3583140174939166,6,2,3,0.3333333333333333,0.0623825235995642,-0.05168557568120502,0,1,0,0.11390496661729449,0.0116041667715052,2,subjective/semi-quantitative,0,1,事后主观评级档案；禁止进入实时筛选与生产决策。,
600958.SH,东方证券,2024-12-24,400,low_value,0.0442829442101611,-0.13047530288909592,-0.039813891163715254,0.38571428571428634,2,0,2,0.0,0.03022207529374732,-0.07077511072793563,0,0,1,0.01771317768406444,0.0003553446062681,2,subjective/semi-quantitative,0,1,事后主观评级档案；禁止进入实时筛选与生产决策。,
002142.SZ,宁波银行,2024-12-23,401,high_value,0.0725012019327329,-0.02491694352159468,0.08961904251298847,3.666666666666662,4,3,1,0.75,0.07164621505072444,-0.027548194436164353,0,1,0,0.20849084007366234,-0.0383630234879037,2,subjective/semi-quantitative,0,1,事后主观评级档案；禁止进入实时筛选与生产决策。,
002648.SZ,卫星化学,2024-12-23,401,low_value,0.13485529190310208,0.0028153153153154253,0.1416565451318864,,4,1,3,0.25,0.0663951462008715,-0.05794756894295772,0,1,1,0.12487566087095096,-0.0266478319309774,2,subjective/semi-quantitative,0,1,事后主观评级档案；禁止进入实时筛选与生产决策。,
601899.SH,紫金矿业,2024-12-23,401,high_value,0.055284788130470774,-0.03288201160541582,0.0733767082350284,2.254901960784321,5,2,2,0.4,0.029521091407880062,-0.04021447721179627,0,1,0,0.11344300678408095,0.1311266769402738,2,subjective/semi-quantitative,0,1,事后主观评级档案；禁止进入实时筛选与生产决策。,
000338.SZ,潍柴动力,2024-11-29,417,low_value,0.0079791276837069,-0.02608047690014903,0.017822166693336028,2.0857142857142863,2,1,1,0.5,0.02902074175803615,-0.026979632389468433,0,0,1,0.00319165107348276,0.1446661404501456,2,subjective/semi-quantitative,0,1,事后主观评级档案；禁止进入实时筛选与生产决策。,
601607.SH,上海医药,2024-07-30,498,low_value,0.001182601494704727,-0.04974358974358983,0.009778146380197028,0.49484536082473873,13,3,7,0.23076923076923078,0.018075701602284555,-0.04523646333104869,0,0,1,0.052185372788311334,0.0029601023961126,4,subjective/semi-quantitative,0,1,事后主观评级档案；禁止进入实时筛选与生产决策。,
000651.SZ,格力电器,2024-07-11,511,high_value,0.05815257690088527,-0.050155118924508746,0.08264467319453495,1.603092783505156,5,2,2,0.4,0.02294662975024453,-0.015997156061144602,0,1,0,0.1138735892142661,0.0743801658358163,2,subjective/semi-quantitative,0,1,事后主观评级档案；禁止进入实时筛选与生产决策。,
600115.SH,中国东航,2024-07-11,511,neutral,0.03372891146306567,-0.025445292620865145,0.05137617141441719,2.1999999999999975,5,0,3,0.0,0.023334395470673286,-0.03258655804480659,0,0,0,0.019236721607860056,-0.008524903550482,3,subjective/semi-quantitative,0,1,事后主观评级档案；禁止进入实时筛选与生产决策。,
600346.SH,恒力石化,2024-07-11,511,low_value,0.015723951241466194,-0.07594936708860767,-0.00397539234375599,0.4999999999999993,3,0,3,0.0,0.015723951241466194,-0.07594936708860767,0,0,1,0.006289580496586478,0.0128179948586274,2,subjective/semi-quantitative,0,1,事后主观评级档案；禁止进入实时筛选与生产决策。,
002493.SZ,荣盛石化,2024-07-11,511,low_value,0.0026972926451873658,-0.10395010395010407,-0.002352542619640463,0.23999999999999974,3,1,2,0.3333333333333333,0.0026972926451873658,-0.10395010395010407,0,0,1,0.0010789170580749463,-0.0227360315797368,2,subjective/semi-quantitative,0,1,事后主观评级档案；禁止进入实时筛选与生产决策。,
601628.SH,中国人寿,2024-07-10,512,neutral,0.02734607013684265,-0.04118016876506003,-0.013723539407327512,1.4881963228241817,1,0,0,0.0,0.02734607013684265,-0.04118016876506003,0,0,0,0.01093842805473706,0.0015315783906051,4,subjective/semi-quantitative,0,1,事后主观评级档案；禁止进入实时筛选与生产决策。,
601360.SH,三六零,2024-06-26,522,low_value,-0.01364096883993704,-0.11125158027812898,-0.07570942639384803,0.04545454545454523,5,1,3,0.2,0.0304574217088871,-0.07407407407407407,0,0,1,0.04215011718351348,0.1326400122458925,2,subjective/semi-quantitative,0,1,事后主观评级档案；禁止进入实时筛选与生产决策。,
601766.SH,中国中车,2024-06-18,528,high_value,0.11661206178063177,-0.00990099009900991,0.098208259936155,11.714285714285705,2,1,1,0.5,0.06557102774737428,-0.014917272458142783,0,0,0,0.04664482471225271,0.0266178237644889,2,subjective/semi-quantitative,0,1,事后主观评级档案；禁止进入实时筛选与生产决策。,
601868.SH,中国能建,2024-06-18,528,low_value,0.009974829299039034,-0.032710280373831724,0.018015527712332058,0.2857142857142828,1,0,1,0.0,0.009974829299039034,-0.032710280373831724,0,0,1,0.003989931719615614,0.1244513430084219,2,subjective/semi-quantitative,0,1,事后主观评级档案；禁止进入实时筛选与生产决策。,
600050.SH,中国联通,2024-06-14,530,high_value,0.06364568453359731,-0.01552106430155209,0.07938723729649855,4.285714285714284,6,1,4,0.16666666666666666,0.01959802813617728,-0.051780371509826895,0,0,0,0.0638188008077878,-0.0047784150995999,2,subjective/semi-quantitative,0,1,事后主观评级档案；禁止进入实时筛选与生产决策。,
600104.SH,上汽集团,2024-06-03,538,low_value,0.003784363029552207,-0.046527777777777724,-0.012547414028420079,0.29850746268656647,3,0,3,0.0,0.000742060281707646,-0.046527777777777724,0,0,1,0.0015137452118208828,-0.0106414933633038,2,subjective/semi-quantitative,0,1,事后主观评级档案；禁止进入实时筛选与生产决策。,
000408.SZ,藏格矿业,2024-05-20,548,low_value,0.0018018382784694698,-0.15071770334928225,-0.10278765409929003,0.013605442176870718,2,0,1,0.0,0.010926001533252738,-0.08097682920273103,0,0,1,0.000720735311387788,-0.0536110861399218,2,subjective/semi-quantitative,0,1,事后主观评级档案；禁止进入实时筛选与生产决策。,
300124.SZ,汇川技术,2024-05-06,558,low_value,0.02339887980256461,-0.11246352405672666,-0.08652107907336826,0.31781551573199546,11,2,8,0.18181818181818182,0.025633602617660012,-0.11246352405672666,0,0,1,0.04925264752326823,-0.0401216767510898,2,subjective/semi-quantitative,0,1,事后主观评级档案；禁止进入实时筛选与生产决策。,
002202.SZ,金风科技,2024-04-26,561,high_value,0.06377073601642391,-0.008075370121130576,0.06047895301363426,11.999999999999973,2,2,0,1.0,0.1318371938684758,-0.017698887246357653,0,0,0,0.025508294406569567,0.0124604665299707,2,subjective/semi-quantitative,0,1,事后主观评级档案；禁止进入实时筛选与生产决策。,
601111.SH,中国国航,2024-04-18,567,low_value,0.003719140329877746,-0.03967168262653897,0.0030375622185074835,1.0344827586206935,1,0,1,0.0,0.003719140329877746,-0.03967168262653897,0,0,1,0.0014876561319510984,-0.0091691236186794,2,subjective/semi-quantitative,0,1,事后主观评级档案；禁止进入实时筛选与生产决策。,
688041.SH,海光信息,2024-04-17,568,low_value,-0.023108067044375513,-0.12168915542228886,-0.11230247583032937,0.12731006160164315,1,0,1,0.0,-0.023108067044375513,-0.12168915542228886,0,0,1,-0.009243226817750206,0.0238102275684445,4,subjective/semi-quantitative,0,1,事后主观评级档案；禁止进入实时筛选与生产决策。,
600519.SH,贵州茅台,2024-04-15,570,neutral,0.02695520219627401,-0.01894822412700692,-0.006879669194533866,3.3066246056782282,7,0,5,0.0,0.00034856933733795614,-0.031719307697487986,0,0,0,0.008993950297981852,-0.0007420177978164,2,subjective/semi-quantitative,0,1,事后主观评级档案；禁止进入实时筛选与生产决策。,
601166.SH,兴业银行,2024-04-10,573,neutral,0.04566988614919132,-0.01590330788804073,0.04595529259131692,5.920000000000001,8,3,3,0.375,0.03737004391019838,-0.028265498343357842,0,1,0,0.10765413904944052,-0.0234924636367514,2,subjective/semi-quantitative,0,1,事后主观评级档案；禁止进入实时筛选与生产决策。,
600027.SH,华电国际,2024-03-25,583,high_value,0.15093603146314538,-0.010703363914372988,0.04398809488597821,16.142857142857306,2,1,1,0.5,0.11480953691379736,-0.05237362553085423,0,0,0,0.06037441258525816,0.0269007567424474,3,subjective/semi-quantitative,0,1,事后主观评级档案；禁止进入实时筛选与生产决策。,
601689.SH,拓普集团,2023-08-17,727,high_value,0.15461824989591189,-0.04789550072568938,0.06988609714982297,3.6666666666666696,1,1,0,1.0,0.15461824989591189,-0.04789550072568938,0,0,0,0.06184729995836476,0.0046712066957007,2,subjective/semi-quantitative,0,1,事后主观评级档案；禁止进入实时筛选与生产决策。,
688009.SH,中国通号,2023-07-07,756,low_value,-0.009334570077107474,-0.030100334448160515,-0.01165550620727851,1.7624278178579145,3,0,1,0.0,0.027060939141299922,-0.028301886792452935,0,0,1,-0.0037338280308429894,0.002542786093507,2,subjective/semi-quantitative,0,1,事后主观评级档案；禁止进入实时筛选与生产决策。,
000768.SZ,中航西飞,2023-04-27,802,neutral,0.03525780074229967,-0.03702244978337921,0.013750518115131283,1.6595744680851126,5,1,3,0.2,0.03525780074229967,-0.06324110671936756,0,0,0,0.06394372813871671,0.0721615208111225,2,subjective/semi-quantitative,0,1,事后主观评级档案；禁止进入实时筛选与生产决策。,
000425.SZ,徐工机械,2023-04-17,810,low_value,0.015255399768657307,-0.13093525179856114,-0.046936693797607454,0.15384615384615358,5,1,4,0.2,0.007512949607197061,-0.08842133117308404,0,0,1,0.045276153407452904,0.1531947458492692,4,subjective/semi-quantitative,0,1,事后主观评级档案；禁止进入实时筛选与生产决策。,
300999.SZ,金龙鱼,2023-04-17,810,low_value,0.022301847202854885,-0.057866604694399304,0.0031304335370110348,0.4698795180722868,1,0,1,0.0,0.022301847202854885,-0.057866604694399304,0,0,1,0.008920738881141954,0.0990685070243794,2,subjective/semi-quantitative,0,1,事后主观评级档案；禁止进入实时筛选与生产决策。,
300033.SZ,同花顺,2023-04-12,813,low_value,0.06733460594760277,-0.17154999999999998,-0.11313401440016069,0.49548236665695117,3,1,2,0.3333333333333333,0.06733460594760277,-0.04816678648454353,0,0,1,0.026933842379041107,0.1145250869869537,4,subjective/semi-quantitative,0,1,事后主观评级档案；禁止进入实时筛选与生产决策。,
000002.SZ,万科A,2023-04-07,816,low_value,0.015930541019736788,-0.0802781289506953,-0.0022120555402143083,0.3385826771653532,3,0,3,0.0,0.013831356638448922,-0.0802781289506953,0,0,1,0.006372216407894715,0.4057755873658025,2,subjective/semi-quantitative,0,1,事后主观评级档案；禁止进入实时筛选与生产决策。,
300408.SZ,三环集团,2023-03-29,822,high_value,0.11896869756921546,-0.04027962716378164,-0.021207911166424398,3.966942148760334,2,1,1,0.5,0.05864716934585412,-0.0640408153497164,0,0,0,0.04758747902768619,-0.0102021556389676,2,subjective/semi-quantitative,0,1,事后主观评级档案；禁止进入实时筛选与生产决策。,
002422.SZ,科伦药业,2023-03-28,823,high_value,0.09776995373094688,-0.05626780626780625,0.10195216384414152,2.4936708860759476,1,1,0,1.0,0.09776995373094688,-0.05626780626780625,0,0,0,0.039107981492378756,-0.0523587244152216,2,subjective/semi-quantitative,0,1,事后主观评级档案；禁止进入实时筛选与生产决策。,
600221.SH,海航控股,2023-03-24,825,low_value,0.004356665319420028,-0.051136363636363646,-0.034428397924111453,0.777777777777778,2,0,2,0.0,-0.015505522578113218,-0.0378834527541424,0,0,1,0.0017426661277680112,0.0572010698243449,2,subjective/semi-quantitative,0,1,事后主观评级档案；禁止进入实时筛选与生产决策。,
002938.SZ,鹏鼎控股,2023-03-22,827,neutral,0.05915426037362037,-0.09917355371900816,-0.014412067576699661,1.0256410256410275,1,0,0,0.0,0.05915426037362037,-0.09917355371900816,0,0,0,0.02366170414944815,0.2113827527138842,4,subjective/semi-quantitative,0,1,事后主观评级档案；禁止进入实时筛选与生产决策。,
300251.SZ,光线传媒,2023-03-17,830,low_value,0.5619429518346921,0.11803713527851456,0.37494029931479833,,4,0,4,0.0,-0.013090122338471288,-0.11520605347088825,0,0,1,0.21354507715392804,0.0161869736097493,2,subjective/semi-quantitative,0,1,事后主观评级档案；禁止进入实时筛选与生产决策。,
600030.SH,中信证券,2023-03-17,830,neutral,0.03222051909501822,-0.007440476190476164,0.03222051909501822,10.80000000000006,5,2,2,0.4,0.03222051909501822,-0.009225092250922495,0,1,0,0.10696747340430794,0.0333902770781847,2,subjective/semi-quantitative,0,1,事后主观评级档案；禁止进入实时筛选与生产决策。,
600515.SH,海南机场,2023-03-17,830,high_value,0.16545560924758385,-0.01941747572815533,0.08778570633496252,11.0,1,1,0,1.0,0.16545560924758385,-0.01941747572815533,0,0,0,0.06618224369903354,-0.0308936569426886,2,subjective/semi-quantitative,0,1,事后主观评级档案；禁止进入实时筛选与生产决策。,
600196.SH,复星医药,2023-03-15,832,neutral,0.023810493581790215,-0.03214837712519325,0.026399528951523976,1.8750000000000022,2,0,1,0.0,0.01313234907654115,-0.051370029218718416,0,0,0,0.009524197432716087,-0.0076779274774809,2,subjective/semi-quantitative,0,1,事后主观评级档案；禁止进入实时筛选与生产决策。,
002709.SZ,天赐材料,2023-03-09,836,low_value,-0.03136759415194357,-0.12647861692447693,-0.09056132847965603,-0.0287769784172664,2,0,2,0.0,-0.0037102640283315225,-0.16645507609709326,0,0,1,-0.012547037660777428,0.0241854868067196,2,subjective/semi-quantitative,0,1,事后主观评级档案；禁止进入实时筛选与生产决策。,
600415.SH,小商品城,2023-02-13,854,high_value,0.08701452583626357,-0.035573122529644174,0.05626895454868153,2.611111111111122,2,1,0,0.5,0.06169630225274214,-0.03209085255220828,0,0,0,0.03480581033450543,0.039813002077613,3,subjective/semi-quantitative,0,1,事后主观评级档案；禁止进入实时筛选与生产决策。,
600600.SH,青岛啤酒,2023-02-09,856,high_value,0.13697623907463474,-0.00952661559615009,0.12685275066437873,15.319587628865959,4,1,3,0.25,0.0172141396338229,-0.06879071621596361,0,1,0,0.10884371873605764,-0.0210610387063157,2,subjective/semi-quantitative,0,1,事后主观评级档案；禁止进入实时筛选与生产决策。,
002736.SZ,国信证券,2022-09-23,944,low_value,0.001538253269907086,-0.05493273542600896,0.04685710613282801,0.2040816326530598,5,0,5,0.0,-0.01749059936209507,-0.04569288389513104,0,0,1,-0.007898169515236402,0.0056912872917924,2,subjective/semi-quantitative,0,1,事后主观评级档案；禁止进入实时筛选与生产决策。,
603288.SH,海天味业,2022-09-09,953,low_value,0.07448714900053255,-0.12569269521410575,0.014079443946380832,0.659318637274549,1,0,1,0.0,0.07448714900053255,-0.12569269521410575,0,0,1,0.02979485960021302,0.0011900749628215,2,subjective/semi-quantitative,0,1,事后主观评级档案；禁止进入实时筛选与生产决策。,
600741.SH,华域汽车,2022-08-11,974,low_value,0.005678537297170161,-0.11094890510948907,-0.05723749035003178,0.11403508771929688,1,0,1,0.0,0.005678537297170161,-0.11094890510948907,0,0,1,0.0022714149188680643,0.0006778983153061,2,subjective/semi-quantitative,0,1,事后主观评级档案；禁止进入实时筛选与生产决策。,
601377.SH,兴业证券,2022-08-05,978,neutral,0.04547353104168983,-0.014150943396226467,0.0701230311985197,4.333333333333305,5,0,3,0.0,0.04547353104168983,-0.034220532319391594,0,0,0,0.031142445721270083,0.018052946295158,2,subjective/semi-quantitative,0,1,事后主观评级档案；禁止进入实时筛选与生产决策。,
000166.SZ,申万宏源,2022-08-05,978,neutral,0.04136670667296749,-0.0024875621890547706,0.06689246932865767,22.999999999999552,2,0,1,0.0,-0.010541345337823804,-0.028735190029235247,0,0,0,0.016546682669186998,0.0094409331870318,2,subjective/semi-quantitative,0,1,事后主观评级档案；禁止进入实时筛选与生产决策。,
600918.SH,中泰证券,2022-08-05,978,neutral,0.0300498556014821,-0.006954102920723293,0.04458398393919327,6.599999999999927,1,0,0,0.0,0.0300498556014821,-0.006954102920723293,0,0,0,0.012019942240592841,0.0299836721929248,2,subjective/semi-quantitative,0,1,事后主观评级档案；禁止进入实时筛选与生产决策。,
000063.SZ,中兴通讯,2022-08-05,978,low_value,0.0026712948432274786,-0.0622537431048068,-0.011668625904396879,0.2974683544303817,1,0,1,0.0,0.0026712948432274786,-0.0622537431048068,0,0,1,0.0010685179372909915,0.3207745980650421,2,subjective/semi-quantitative,0,1,事后主观评级档案；禁止进入实时筛选与生产决策。,
000975.SZ,山金国际,2022-01-11,1115,low_value,0.05461051663020222,-0.10718358038768527,0.07540809504475776,0.6170212765957452,4,0,4,0.0,-0.006754746865253292,-0.11622600637136588,0,0,1,0.012641579804265352,0.0795695633543386,2,subjective/semi-quantitative,0,1,事后主观评级档案；禁止进入实时筛选与生产决策。,
002241.SZ,歌尔股份,2021-12-30,1122,low_value,0.04073639820757613,-0.14214876033057844,-0.06284835381490417,0.3436692506459945,14,2,10,0.14285714285714285,0.04063176507120725,-0.12581530278372077,0,0,1,0.052154123589505594,0.1160553192566626,4,subjective/semi-quantitative,0,1,事后主观评级档案；禁止进入实时筛选与生产决策。,
300476.SZ,胜宏科技,2021-12-22,1128,low_value,0.05323118921098691,-0.1019211983067404,-0.050852839313218046,0.623003194888179,3,0,3,0.0,0.011385327594031658,-0.1019211983067404,0,0,1,0.021292475684394765,0.0718319372880596,2,subjective/semi-quantitative,0,1,事后主观评级档案；禁止进入实时筛选与生产决策。,
601939.SH,建设银行,2021-11-11,1157,low_value,-0.03213774454945084,-0.022146507666098825,-0.029938079570129172,0.5384615384615334,5,2,3,0.4,-0.03213774454945084,-0.022146507666098825,0,1,1,0.05921065601893494,0.0747230253984117,2,subjective/semi-quantitative,0,1,事后主观评级档案；禁止进入实时筛选与生产决策。,
601668.SH,中国建筑,2021-11-01,1165,low_value,0.018092702746296485,-0.052410901467505266,-0.01922573419009177,0.5199999999999982,5,0,5,0.0,0.0139247198359842,-0.0382293762575453,0,0,1,0.009538476068940663,-0.0123415303369264,2,subjective/semi-quantitative,0,1,事后主观评级档案；禁止进入实时筛选与生产决策。,
300308.SZ,中际旭创,2021-10-25,1170,high_value,0.17453372486799879,-0.031014754591990323,0.15500374253290772,5.7766990291262195,1,1,0,1.0,0.17453372486799879,-0.031014754591990323,0,0,0,0.06981348994719952,0.0467091895724198,2,subjective/semi-quantitative,0,1,事后主观评级档案；禁止进入实时筛选与生产决策。,
002466.SZ,天齐锂业,2021-09-15,1191,low_value,-0.03014057095297651,-0.29712711530893354,-0.2605435760227207,-0.016688741721854545,1,0,1,0.0,-0.03014057095297651,-0.29712711530893354,0,0,1,-0.012056228381190604,-0.0960994264012965,4,subjective/semi-quantitative,0,1,事后主观评级档案；禁止进入实时筛选与生产决策。,
600795.SH,国电电力,2021-07-22,1230,high_value,0.09729681089192055,-0.03493449781659397,0.14791933365162369,2.749999999999994,1,1,0,1.0,0.09729681089192055,-0.03493449781659397,0,0,0,0.03891872435676822,0.0103901359803274,2,subjective/semi-quantitative,0,1,事后主观评级档案；禁止进入实时筛选与生产决策。,
600460.SH,士兰微,2021-07-02,1244,high_value,0.2866473364969473,-0.05529391243676951,0.2687215570085755,5.504731861198748,5,2,3,0.4,0.2818576948343554,-0.036375884136072734,0,1,0,0.28948942084595186,0.4116414163277034,4,subjective/semi-quantitative,0,1,事后主观评级档案；禁止进入实时筛选与生产决策。,
600019.SH,宝钢股份,2021-06-23,1251,high_value,0.07546314131648302,-0.021361815754339153,0.023347938299143056,4.562499999999996,3,1,1,0.3333333333333333,0.032570580537361726,-0.021361815754339153,0,0,0,0.030185256526593207,0.0191051266872374,2,subjective/semi-quantitative,0,1,事后主观评级档案；禁止进入实时筛选与生产决策。,
601985.SH,中国核电,2021-06-23,1251,low_value,-0.004422018062689492,-0.057065660148334585,-0.03434597504909542,0.3080333243198761,1,0,1,0.0,-0.004422018062689492,-0.057065660148334585,0,0,1,-0.001768807225075797,0.02219957785282,2,subjective/semi-quantitative,0,1,事后主观评级档案；禁止进入实时筛选与生产决策。,
601618.SH,中国中冶,2021-06-22,1252,high_value,0.14260551956429546,-0.0200668896321069,0.17221083262148862,8.453765695896854,6,2,3,0.3333333333333333,0.029432456189502187,-0.03820346320346324,0,1,0,0.13446271057604609,0.0559763475154741,2,subjective/semi-quantitative,0,1,事后主观评级档案；禁止进入实时筛选与生产决策。,
300122.SZ,智飞生物,2021-05-14,1278,low_value,0.017906193798369774,-0.20856481481481481,-0.12742130567016852,0.3371809100998888,6,2,4,0.3333333333333333,0.02281600339178569,-0.09992376451965829,0,1,1,0.07869633276745769,-0.0956344497705218,4,subjective/semi-quantitative,0,1,事后主观评级档案；禁止进入实时筛选与生产决策。,
601857.SH,中国石油,2021-04-30,1285,low_value,0.10081992311466337,0.004705882352941115,0.07574091382328119,,5,0,5,0.0,-0.016520654819446312,-0.0210280373831776,0,0,1,0.03361447091245741,-0.0062036230200806,2,subjective/semi-quantitative,0,1,事后主观评级档案；禁止进入实时筛选与生产决策。,
600029.SH,南方航空,2021-01-26,1347,high_value,0.09702836140250382,-0.012345679012345734,0.11252032372051135,13.999999999999947,2,1,0,0.5,0.06826439469849443,-0.023986107319440675,0,0,0,0.03881134456100153,0.0467819401264394,2,subjective/semi-quantitative,0,1,事后主观评级档案；禁止进入实时筛选与生产决策。,
002230.SZ,科大讯飞,2021-01-05,1362,high_value,0.2242443124723914,-0.023474178403755874,0.13351884425483407,11.830000000000002,4,3,1,0.75,0.17400186903894876,-0.05315514818208139,0,1,0,0.30142903288088474,0.0855842903122752,4,subjective/semi-quantitative,0,1,事后主观评级档案；禁止进入实时筛选与生产决策。,
601877.SH,正泰电器,2020-12-31,1364,low_value,-0.02854580908909843,-0.06537282941777312,-0.08240818217580015,0.8671875000000014,10,2,6,0.2,0.027330739402761428,-0.07041617930095362,0,0,1,0.03537584960921468,0.0723213638305145,4,subjective/semi-quantitative,0,1,事后主观评级档案；禁止进入实时筛选与生产决策。,
688256.SH,寒武纪,2020-12-18,1373,low_value,-0.10201893945468199,-0.14768883878241268,-0.13358719437143007,0.18235793044953455,1,0,1,0.0,-0.10201893945468199,-0.14768883878241268,0,0,1,-0.0408075757818728,-0.0206677554741218,2,subjective/semi-quantitative,0,1,事后主观评级档案；禁止进入实时筛选与生产决策。,
601211.SH,国泰海通,2020-12-17,1374,low_value,-0.11224762477131911,-0.05826859045504995,-0.1211099291863601,0.21904761904761774,4,0,4,0.0,-0.011580070356468575,-0.048425312602687565,0,0,1,-0.05162599188232353,0.013757636297858,2,subjective/semi-quantitative,0,1,事后主观评级档案；禁止进入实时筛选与生产决策。,
002475.SZ,立讯精密,2020-12-16,1375,high_value,0.06940959085430909,-0.031148480794955136,0.03885012573772206,6.705521472392629,8,5,3,0.625,0.08341342055256085,-0.05484207306900957,0,1,0,0.1832497407399281,0.1999246416847138,2,subjective/semi-quantitative,0,1,事后主观评级档案；禁止进入实时筛选与生产决策。,
002558.SZ,巨人网络,2020-10-28,1410,low_value,0.0030958102181184444,-0.0582788671023966,-0.08944154305716678,1.112149532710276,1,0,1,0.0,0.0030958102181184444,-0.0582788671023966,0,0,1,0.0012383240872473778,-9.71275651231781e-05,2,subjective/semi-quantitative,0,1,事后主观评级档案；禁止进入实时筛选与生产决策。,
603260.SH,合盛硅业,2020-10-09,1423,high_value,0.14968529675945597,-0.07864406779661015,0.13968753842636428,2.4913793103448283,1,1,0,1.0,0.14968529675945597,-0.07864406779661015,0,0,0,0.05987411870378239,0.1049266216870521,2,subjective/semi-quantitative,0,1,事后主观评级档案；禁止进入实时筛选与生产决策。,
601898.SH,中煤能源,2020-10-09,1423,low_value,0.011397203645314713,-0.020050125313283207,-0.013627104112185595,2.8750000000000027,10,2,8,0.2,0.004355808188020283,-0.05639664245435183,0,0,1,0.04461249961291146,0.0062588176628997,2,subjective/semi-quantitative,0,1,事后主观评级档案；禁止进入实时筛选与生产决策。,
601012.SH,隆基绿能,2020-10-09,1423,low_value,-0.030759101752325657,-0.19665239315761696,-0.17151378681472562,0.07875726620644491,2,1,1,0.5,0.10190029804525746,-0.10731959591874246,0,0,1,-0.012303640700930263,0.0972099736730687,4,subjective/semi-quantitative,0,1,事后主观评级档案；禁止进入实时筛选与生产决策。,
001979.SZ,招商蛇口,2020-09-18,1432,low_value,-0.013745950689038056,-0.061913696060037604,-0.04097712876286508,0.16161616161616119,4,1,3,0.25,-0.012977166706984289,-0.057232358234100444,0,1,1,0.03928521321703394,0.0278718303455147,2,subjective/semi-quantitative,0,1,事后主观评级档案；禁止进入实时筛选与生产决策。,
601669.SH,中国电建,2020-09-18,1432,low_value,0.010987249496561713,-0.0694789081885856,0.019605089962548172,0.4999999999999984,2,0,1,0.0,0.01598229851934252,-0.03621438034798008,0,0,1,0.004394899798624685,0.0717103320107822,2,subjective/semi-quantitative,0,1,事后主观评级档案；禁止进入实时筛选与生产决策。,
600585.SH,海螺水泥,2020-09-14,1436,low_value,-0.015658610138031825,-0.09292110153742184,-0.11289769715852238,0.29090909090909245,1,0,1,0.0,-0.015658610138031825,-0.09292110153742184,0,0,1,-0.00626344405521273,0.0572093982691891,2,subjective/semi-quantitative,0,1,事后主观评级档案；禁止进入实时筛选与生产决策。,
600436.SH,片仔癀,2020-08-21,1452,low_value,0.3816150029460361,4.83115126335143e-05,0.1763354011903493,,1,0,1,0.0,0.3816150029460361,4.83115126335143e-05,0,0,1,0.15264600117841445,0.0565256600617807,4,subjective/semi-quantitative,0,1,事后主观评级档案；禁止进入实时筛选与生产决策。,
002714.SZ,牧原股份,2020-06-18,1496,high_value,0.16690520721463464,-0.003882956594092324,0.18765434371763057,96.07142857142945,1,1,0,1.0,0.16690520721463464,-0.003882956594092324,0,0,0,0.06676208288585386,0.1088849825871304,2,subjective/semi-quantitative,0,1,事后主观评级档案；禁止进入实时筛选与生产决策。,
600570.SH,恒生电子,2020-06-08,1504,high_value,0.23485341484890876,-0.006314312441534131,0.22204111794605197,67.96296296296309,5,1,3,0.2,0.030912286717026394,-0.07930142302716692,0,0,0,0.1413843351745522,0.0880163910479642,4,subjective/semi-quantitative,0,1,事后主观评级档案；禁止进入实时筛选与生产决策。,
601816.SH,京沪高铁,2020-04-29,1529,low_value,0.011776321226103725,-0.047244094488189003,-0.033272922668577065,0.9666666666666681,1,0,1,0.0,0.011776321226103725,-0.047244094488189003,0,0,1,0.004710528490441491,1.1275804915614724,2,subjective/semi-quantitative,0,1,事后主观评级档案；禁止进入实时筛选与生产决策。,
600061.SH,国投资本,2020-04-28,1530,neutral,0.0277990914877686,-0.011935208866155178,0.011553455166613213,5.571428571428565,2,0,1,0.0,-0.012103302897359836,-0.05896444985894511,0,0,0,0.011119636595107441,0.0286098288905446,2,subjective/semi-quantitative,0,1,事后主观评级档案；禁止进入实时筛选与生产决策。,
300274.SZ,阳光电源,2020-04-27,1531,high_value,0.15764820767311494,-0.029958677685950508,0.1316375245100827,6.7931034482758355,2,1,1,0.5,0.0798967999639042,-0.057450381314017696,0,0,0,0.06305928306924598,-0.0080414246331154,2,subjective/semi-quantitative,0,1,事后主观评级档案；禁止进入实时筛选与生产决策。,
300661.SZ,圣邦股份,2020-02-24,1575,low_value,0.03419951685915179,-0.3511428571428572,-0.18952289490729068,0.15459723352318952,2,1,1,0.5,0.20460460906853106,-0.2061999090805774,0,0,1,0.013679806743660717,-0.2473195846037456,4,subjective/semi-quantitative,0,1,事后主观评级档案；禁止进入实时筛选与生产决策。,
300760.SZ,迈瑞医疗,2019-12-31,1607,high_value,0.2333928843484574,-0.032160527762506996,0.267612950701691,8.220512820512782,1,1,0,1.0,0.2333928843484574,-0.032160527762506996,0,0,0,0.09335715373938297,-0.0041515533340701,2,subjective/semi-quantitative,0,1,事后主观评级档案；禁止进入实时筛选与生产决策。,
601633.SH,长城汽车,2019-12-30,1608,low_value,0.026326845805204613,-0.16289592760181004,-0.07373564160577362,0.37499999999999983,1,0,1,0.0,0.026326845805204613,-0.16289592760181004,0,0,1,0.010530738322081845,-0.0088857820205338,2,subjective/semi-quantitative,0,1,事后主观评级档案；禁止进入实时筛选与生产决策。,
000568.SZ,泸州老窖,2019-12-06,1624,low_value,-0.011502470114091112,-0.029301368204383227,-0.021459242193074823,1.971074380165284,4,1,2,0.25,0.021154166444773526,-0.038881056554853355,0,1,1,0.05254702348784761,0.1014871069356562,2,subjective/semi-quantitative,0,1,事后主观评级档案；禁止进入实时筛选与生产决策。,
000807.SZ,云铝股份,2019-11-18,1638,high_value,0.07756645539250617,-0.006833712984054663,0.07757669099299935,14.33333333333335,1,1,0,1.0,0.07756645539250617,-0.006833712984054663,0,0,0,0.03102658215700247,-0.0916009815935386,2,subjective/semi-quantitative,0,1,事后主观评级档案；禁止进入实时筛选与生产决策。,
601186.SH,中国铁建,2019-11-14,1640,low_value,0.027838089962770596,-0.04875518672199175,0.008984352063667544,0.7872340425531879,3,0,3,0.0,-0.0005523458755369859,-0.04875518672199175,0,0,1,0.011135235985108238,0.0604604762407977,2,subjective/semi-quantitative,0,1,事后主观评级档案；禁止进入实时筛选与生产决策。,
300750.SZ,宁德时代,2019-11-04,1648,low_value,0.26807982260267393,0.0,0.2812423262148145,,1,0,1,0.0,0.26807982260267393,0.0,0,0,1,0.10723192904106958,0.0297276655278232,2,subjective/semi-quantitative,0,1,事后主观评级档案；禁止进入实时筛选与生产决策。,
600674.SH,川投能源,2019-10-30,1651,low_value,0.0061806616905693,-0.06557377049180324,-0.01853016439152877,0.6406250000000009,3,1,2,0.3333333333333333,0.04043588962409528,-0.06557377049180324,0,0,1,0.00247226467622772,-0.0030289847527493,2,subjective/semi-quantitative,0,1,事后主观评级档案；禁止进入实时筛选与生产决策。,
601888.SH,中国中免,2019-10-25,1654,low_value,0.004483988775838332,-0.07279566323708386,-0.05094007565731207,0.533434650455923,11,4,4,0.36363636363636365,0.030959767592962928,-0.053538602941176405,0,1,1,0.08516163900317887,0.0006360907039936,2,subjective/semi-quantitative,0,1,事后主观评级档案；禁止进入实时筛选与生产决策。,
000657.SZ,中钨高新,2019-08-02,1708,high_value,0.06401124045823625,-0.05238828967642539,0.007655737628946113,1.7352941176470575,1,1,0,1.0,0.06401124045823625,-0.05238828967642539,0,0,0,0.025604496183294502,0.1228409961139881,2,subjective/semi-quantitative,0,1,事后主观评级档案；禁止进入实时筛选与生产决策。,
000617.SZ,中油资本,2019-06-19,1740,low_value,-0.0037138516183168324,-0.0499259360679809,-0.03462636657437235,1.1464242571664292,3,0,3,0.0,-0.0037138516183168324,-0.06292749658002739,0,0,1,-0.001485540647326733,0.0868565138035701,2,subjective/semi-quantitative,0,1,事后主观评级档案；禁止进入实时筛选与生产决策。,
600547.SH,山东黄金,2019-04-22,1778,low_value,0.04833052807968419,-0.0683087027914614,0.07391270004632788,0.836538461538462,3,0,3,0.0,-0.009907574332196356,-0.0683087027914614,0,0,1,0.019332211231873675,0.1332513646855816,2,subjective/semi-quantitative,0,1,事后主观评级档案；禁止进入实时筛选与生产决策。,
600489.SH,中金黄金,2019-02-12,1826,low_value,-0.0572526293794513,-0.008443908323281124,-0.06971850817928948,12.999999999999908,6,1,5,0.16666666666666666,0.027611921636107095,-0.07175529376794243,0,0,1,0.016905564762058265,0.0402482672551475,4,subjective/semi-quantitative,0,1,事后主观评级档案；禁止进入实时筛选与生产决策。,
002532.SZ,天山铝业,2019-02-11,1827,low_value,0.002288461651875462,-0.009765625,0.04770455677531826,18.2,1,0,1,0.0,0.002288461651875462,-0.009765625,0,0,1,0.0009153846607501848,-0.0136299346602124,2,subjective/semi-quantitative,0,1,事后主观评级档案；禁止进入实时筛选与生产决策。,
001965.SZ,招商公路,2018-05-15,2007,low_value,0.05253070362022605,-0.06278538812785384,-0.01380219059396226,0.8909090909090922,1,0,1,0.0,0.05253070362022605,-0.06278538812785384,0,0,1,0.02101228144809042,0.1028544817565675,2,subjective/semi-quantitative,0,1,事后主观评级档案；禁止进入实时筛选与生产决策。,
601881.SH,中国银河,2018-03-29,2036,high_value,0.05839568916569893,-0.0461538461538461,0.012333919408425875,1.6250000000000058,1,1,0,1.0,0.05839568916569893,-0.0461538461538461,0,0,0,0.02335827566627957,0.0902524194189595,2,subjective/semi-quantitative,0,1,事后主观评级档案；禁止进入实时筛选与生产决策。,
600233.SH,圆通速递,2018-01-02,2093,low_value,-0.021837855971626796,-0.03362831858407067,-0.06251235360493579,1.6491228070175508,6,4,2,0.6666666666666666,0.06847417424388813,-0.05207725056273432,0,1,1,0.15073670007806828,0.0227442427925426,2,subjective/semi-quantitative,0,1,事后主观评级档案；禁止进入实时筛选与生产决策。,
002384.SZ,东山精密,2017-12-21,2100,low_value,0.01893578588544953,-0.14791528788881525,-0.15672251404698023,0.5413870246085003,2,1,1,0.5,0.10138207717267389,-0.0819943833244306,0,0,1,0.007574314354179813,0.1073072834337562,2,subjective/semi-quantitative,0,1,事后主观评级档案；禁止进入实时筛选与生产决策。,
600118.SH,中国卫星,2017-11-22,2121,low_value,0.019347897878531972,-0.06661648475724502,0.028928008394112137,0.2429378531073419,2,0,2,0.0,0.0066675948823811115,-0.049671317401777826,0,0,1,0.007739159151412789,0.0695629505257163,2,subjective/semi-quantitative,0,1,事后主观评级档案；禁止进入实时筛选与生产决策。,
002353.SZ,杰瑞股份,2017-11-07,2132,low_value,-0.030226597808899802,-0.23965936739659355,-0.22767163669506685,0.086294416243655,4,2,2,0.5,0.013251737097697669,-0.07228283888309134,0,1,1,0.09294546378569482,0.5972301152816808,2,subjective/semi-quantitative,0,1,事后主观评级档案；禁止进入实时筛选与生产决策。,
002602.SZ,世纪华通,2017-09-14,2165,low_value,-0.00187828678665114,-0.04055727554179556,-0.0091103690266785,0.7099236641221431,2,0,2,0.0,-0.0017659674079140153,-0.07677214426440432,0,0,1,-0.000751314714660456,0.0014999925422245,2,subjective/semi-quantitative,0,1,事后主观评级档案；禁止进入实时筛选与生产决策。,
603369.SH,今世缘,2017-04-26,2263,low_value,0.005279789261175782,-0.11192930780559662,-0.08450160130711726,0.1644736842105255,1,0,1,0.0,0.005279789261175782,-0.11192930780559662,0,0,1,0.002111915704470313,0.306803388145601,2,subjective/semi-quantitative,0,1,事后主观评级档案；禁止进入实时筛选与生产决策。,
601336.SH,新华保险,2017-03-07,2297,low_value,-0.014396940198776464,-0.0748129675810475,-0.06863298469518853,0.0545454545454543,1,0,1,0.0,-0.014396940198776464,-0.0748129675810475,0,0,1,-0.005758776079510586,0.0092231951302745,2,subjective/semi-quantitative,0,1,事后主观评级档案；禁止进入实时筛选与生产决策。,
000596.SZ,古井贡酒,2017-01-18,2326,high_value,0.13382682290433,-0.027935399388913207,0.09660509755001212,6.406249999999985,1,1,0,1.0,0.13382682290433,-0.027935399388913207,0,0,0,0.05353072916173201,-0.0108241051125639,2,subjective/semi-quantitative,0,1,事后主观评级档案；禁止进入实时筛选与生产决策。,
000301.SZ,东方盛虹,2017-01-09,2333,low_value,-0.0152136657572699,-0.1454545454545454,-0.07969672007696926,0.049999999999998816,9,2,7,0.2222222222222222,0.010997473564840599,-0.06349206349206349,0,0,1,0.04040084283063228,0.1406175748852031,4,subjective/semi-quantitative,0,1,事后主观评级档案；禁止进入实时筛选与生产决策。,
600183.SH,生益科技,2016-12-07,2355,low_value,0.04134190163036533,-0.08919382504288165,0.05593172855672435,0.5673076923076916,1,0,1,0.0,0.04134190163036533,-0.08919382504288165,0,0,1,0.016536760652146133,0.265373004185657,2,subjective/semi-quantitative,0,1,事后主观评级档案；禁止进入实时筛选与生产决策。,
002460.SZ,赣锋锂业,2016-09-06,2414,low_value,0.005307618539432735,-0.15664845173041897,-0.10279344227768372,0.06201550387596842,1,0,1,0.0,0.005307618539432735,-0.15664845173041897,0,0,1,0.0021230474157730938,0.5391478554736958,2,subjective/semi-quantitative,0,1,事后主观评级档案；禁止进入实时筛选与生产决策。,
601058.SH,赛轮轮胎,2016-06-15,2473,neutral,0.04378729963660888,-0.045454545454545414,0.046572420201978826,2.266666666666669,1,0,0,0.0,0.04378729963660888,-0.045454545454545414,0,0,0,0.01751491985464355,-0.0393929143343481,2,subjective/semi-quantitative,0,1,事后主观评级档案；禁止进入实时筛选与生产决策。,
600276.SH,恒瑞医药,2016-05-31,2482,high_value,0.07088928377725656,-0.013278188942098423,0.05483032256395137,6.1036149150549335,1,1,0,1.0,0.07088928377725656,-0.013278188942098423,0,0,0,0.028355713510902627,0.0150320740056052,2,subjective/semi-quantitative,0,1,事后主观评级档案；禁止进入实时筛选与生产决策。,
600438.SH,通威股份,2014-10-27,2873,low_value,-0.08309752685372773,-0.04413347685683522,-0.09470017054927626,0.9756097560975633,2,0,2,0.0,-0.03809220600881713,-0.05774409106543932,0,0,1,-0.0332390107414911,0.1120358835475622,2,subjective/semi-quantitative,0,1,事后主观评级档案；禁止进入实时筛选与生产决策。,
000858.SZ,五粮液,2014-10-17,2879,low_value,-0.0512583607457735,-0.06821963394342767,-0.04653665805405738,0.24390243902438985,1,0,1,0.0,-0.0512583607457735,-0.06821963394342767,0,0,1,-0.0205033442983094,0.0494750921931748,2,subjective/semi-quantitative,0,1,事后主观评级档案；禁止进入实时筛选与生产决策。,
002415.SZ,海康威视,2014-10-16,2880,low_value,-0.0055734143792249835,-0.02456874019864097,-0.05485088090415213,2.4893617021276455,1,0,1,0.0,-0.0055734143792249835,-0.02456874019864097,0,0,1,-0.0022293657516899933,0.0328009135262984,3,subjective/semi-quantitative,0,1,事后主观评级档案；禁止进入实时筛选与生产决策。,
601601.SH,中国太保,2014-09-24,2891,low_value,0.0005871961058685482,-0.05960945529290851,-0.002357037179108623,0.3275862068965514,2,0,2,0.0,-0.0020551573275434665,-0.07338566367049892,0,0,1,0.0002348784423474193,0.0102832140891705,2,subjective/semi-quantitative,0,1,事后主观评级档案；禁止进入实时筛选与生产决策。,
600584.SH,长电科技,2013-10-21,3122,low_value,0.01126584273518394,-0.171875,0.007789497382372779,0.07272727272727247,1,0,1,0.0,0.01126584273518394,-0.171875,0,0,1,0.004506337094073576,0.4985132838688654,2,subjective/semi-quantitative,0,1,事后主观评级档案；禁止进入实时筛选与生产决策。,
002311.SZ,海大集团,2012-06-27,3437,high_value,0.09474879239884548,-0.01449275362318836,0.12893000625886664,7.760000000000019,1,1,0,1.0,0.09474879239884548,-0.01449275362318836,0,0,0,0.03789951695953819,0.033325370281892,2,subjective/semi-quantitative,0,1,事后主观评级档案；禁止进入实时筛选与生产决策。,
600845.SH,宝信软件,2011-05-06,3715,low_value,0.010453921841931724,-0.08223789759025135,-0.022965482473782828,0.2956201928382992,2,0,2,0.0,-0.012883476260074134,-0.06757880280972417,0,0,1,0.00418156873677269,-0.0239236694601947,2,subjective/semi-quantitative,0,1,事后主观评级档案；禁止进入实时筛选与生产决策。,
