ts_code,name,action,position_hint,confidence,position,headline,signal_date,entry_date,entry_price,exit_date,exit_price,execution
600015.SH,华夏银行,持有,100%,信号,1.0,持有　仓位 100%,2026-07-02,2026-07-03,6.29256694,,,"T日收盘生成信号，T+1日开盘成交。禁止使用T日收盘价作为成交价。账本字段：signal_date, entry_date, entry_price, exit_date, exit_price。"
601009.SH,南京银行,持有,100%,信号,1.0,持有　仓位 100%,2025-09-23,2025-09-24,10.39008448,,,"T日收盘生成信号，T+1日开盘成交。禁止使用T日收盘价作为成交价。账本字段：signal_date, entry_date, entry_price, exit_date, exit_price。"
601088.SH,中国神华,持有,100%,信号,1.0,持有　仓位 100%,2026-05-14,2026-05-15,44.05358,,,"T日收盘生成信号，T+1日开盘成交。禁止使用T日收盘价作为成交价。账本字段：signal_date, entry_date, entry_price, exit_date, exit_price。"
601688.SH,华泰证券,持有,100%,信号,1.0,持有　仓位 100%,2026-08-13,2026-08-14,19.56,,,"T日收盘生成信号，T+1日开盘成交。禁止使用T日收盘价作为成交价。账本字段：signal_date, entry_date, entry_price, exit_date, exit_price。"
000333.SZ,美的集团,持有,100%,信号,1.0,持有　仓位 100%,2024-07-04,2024-07-05,58.246596,,,"T日收盘生成信号，T+1日开盘成交。禁止使用T日收盘价作为成交价。账本字段：signal_date, entry_date, entry_price, exit_date, exit_price。"
600011.SH,华能国际,观望,0%,常规,0.0,观望　仓位 0%,,,,,,"T日收盘生成信号，T+1日开盘成交。禁止使用T日收盘价作为成交价。账本字段：signal_date, entry_date, entry_price, exit_date, exit_price。"
600009.SH,上海机场,观望,0%,常规,0.0,观望　仓位 0%,,,,,,"T日收盘生成信号，T+1日开盘成交。禁止使用T日收盘价作为成交价。账本字段：signal_date, entry_date, entry_price, exit_date, exit_price。"
600000.SH,浦发银行,观望,0%,常规,0.0,观望　仓位 0%,,,,,,"T日收盘生成信号，T+1日开盘成交。禁止使用T日收盘价作为成交价。账本字段：signal_date, entry_date, entry_price, exit_date, exit_price。"
600019.SH,宝钢股份,观望,0%,常规,0.0,观望　仓位 0%,,,,,,"T日收盘生成信号，T+1日开盘成交。禁止使用T日收盘价作为成交价。账本字段：signal_date, entry_date, entry_price, exit_date, exit_price。"
600016.SH,民生银行,观望,0%,常规,0.0,观望　仓位 0%,,,,,,"T日收盘生成信号，T+1日开盘成交。禁止使用T日收盘价作为成交价。账本字段：signal_date, entry_date, entry_price, exit_date, exit_price。"
600010.SH,包钢股份,观望,0%,常规,0.0,观望　仓位 0%,,,,,,"T日收盘生成信号，T+1日开盘成交。禁止使用T日收盘价作为成交价。账本字段：signal_date, entry_date, entry_price, exit_date, exit_price。"
600018.SH,上港集团,观望,0%,常规,0.0,观望　仓位 0%,,,,,,"T日收盘生成信号，T+1日开盘成交。禁止使用T日收盘价作为成交价。账本字段：signal_date, entry_date, entry_price, exit_date, exit_price。"
600025.SH,华能水电,观望,0%,常规,0.0,观望　仓位 0%,,,,,,"T日收盘生成信号，T+1日开盘成交。禁止使用T日收盘价作为成交价。账本字段：signal_date, entry_date, entry_price, exit_date, exit_price。"
600023.SH,浙能电力,观望,0%,常规,0.0,观望　仓位 0%,,,,,,"T日收盘生成信号，T+1日开盘成交。禁止使用T日收盘价作为成交价。账本字段：signal_date, entry_date, entry_price, exit_date, exit_price。"
600029.SH,南方航空,观望,0%,常规,0.0,观望　仓位 0%,,,,,,"T日收盘生成信号，T+1日开盘成交。禁止使用T日收盘价作为成交价。账本字段：signal_date, entry_date, entry_price, exit_date, exit_price。"
600026.SH,中远海能,观望,0%,常规,0.0,观望　仓位 0%,,,,,,"T日收盘生成信号，T+1日开盘成交。禁止使用T日收盘价作为成交价。账本字段：signal_date, entry_date, entry_price, exit_date, exit_price。"
600030.SH,中信证券,观望,0%,常规,0.0,观望　仓位 0%,,,,,,"T日收盘生成信号，T+1日开盘成交。禁止使用T日收盘价作为成交价。账本字段：signal_date, entry_date, entry_price, exit_date, exit_price。"
600027.SH,华电国际,观望,0%,常规,0.0,观望　仓位 0%,,,,,,"T日收盘生成信号，T+1日开盘成交。禁止使用T日收盘价作为成交价。账本字段：signal_date, entry_date, entry_price, exit_date, exit_price。"
600031.SH,三一重工,观望,0%,常规,0.0,观望　仓位 0%,,,,,,"T日收盘生成信号，T+1日开盘成交。禁止使用T日收盘价作为成交价。账本字段：signal_date, entry_date, entry_price, exit_date, exit_price。"
600028.SH,中国石化,观望,0%,常规,0.0,观望　仓位 0%,,,,,,"T日收盘生成信号，T+1日开盘成交。禁止使用T日收盘价作为成交价。账本字段：signal_date, entry_date, entry_price, exit_date, exit_price。"
600036.SH,招商银行,观望,0%,常规,0.0,观望　仓位 0%,,,,,,"T日收盘生成信号，T+1日开盘成交。禁止使用T日收盘价作为成交价。账本字段：signal_date, entry_date, entry_price, exit_date, exit_price。"
600048.SH,保利发展,观望,0%,常规,0.0,观望　仓位 0%,,,,,,"T日收盘生成信号，T+1日开盘成交。禁止使用T日收盘价作为成交价。账本字段：signal_date, entry_date, entry_price, exit_date, exit_price。"
600050.SH,中国联通,观望,0%,常规,0.0,观望　仓位 0%,,,,,,"T日收盘生成信号，T+1日开盘成交。禁止使用T日收盘价作为成交价。账本字段：signal_date, entry_date, entry_price, exit_date, exit_price。"
600039.SH,四川路桥,观望,0%,常规,0.0,观望　仓位 0%,,,,,,"T日收盘生成信号，T+1日开盘成交。禁止使用T日收盘价作为成交价。账本字段：signal_date, entry_date, entry_price, exit_date, exit_price。"
600061.SH,国投资本,观望,0%,常规,0.0,观望　仓位 0%,,,,,,"T日收盘生成信号，T+1日开盘成交。禁止使用T日收盘价作为成交价。账本字段：signal_date, entry_date, entry_price, exit_date, exit_price。"
600066.SH,宇通客车,观望,0%,常规,0.0,观望　仓位 0%,,,,,,"T日收盘生成信号，T+1日开盘成交。禁止使用T日收盘价作为成交价。账本字段：signal_date, entry_date, entry_price, exit_date, exit_price。"
600085.SH,同仁堂,观望,0%,常规,0.0,观望　仓位 0%,,,,,,"T日收盘生成信号，T+1日开盘成交。禁止使用T日收盘价作为成交价。账本字段：signal_date, entry_date, entry_price, exit_date, exit_price。"
600089.SH,特变电工,观望,0%,常规,0.0,观望　仓位 0%,,,,,,"T日收盘生成信号，T+1日开盘成交。禁止使用T日收盘价作为成交价。账本字段：signal_date, entry_date, entry_price, exit_date, exit_price。"
600104.SH,上汽集团,观望,0%,常规,0.0,观望　仓位 0%,,,,,,"T日收盘生成信号，T+1日开盘成交。禁止使用T日收盘价作为成交价。账本字段：signal_date, entry_date, entry_price, exit_date, exit_price。"
600115.SH,中国东航,观望,0%,常规,0.0,观望　仓位 0%,,,,,,"T日收盘生成信号，T+1日开盘成交。禁止使用T日收盘价作为成交价。账本字段：signal_date, entry_date, entry_price, exit_date, exit_price。"
600111.SH,北方稀土,观望,0%,常规,0.0,观望　仓位 0%,,,,,,"T日收盘生成信号，T+1日开盘成交。禁止使用T日收盘价作为成交价。账本字段：signal_date, entry_date, entry_price, exit_date, exit_price。"
600176.SH,中国巨石,观望,0%,常规,0.0,观望　仓位 0%,,,,,,"T日收盘生成信号，T+1日开盘成交。禁止使用T日收盘价作为成交价。账本字段：signal_date, entry_date, entry_price, exit_date, exit_price。"
600160.SH,巨化股份,观望,0%,常规,0.0,观望　仓位 0%,,,,,,"T日收盘生成信号，T+1日开盘成交。禁止使用T日收盘价作为成交价。账本字段：signal_date, entry_date, entry_price, exit_date, exit_price。"
600150.SH,中国船舶,观望,0%,常规,0.0,观望　仓位 0%,,,,,,"T日收盘生成信号，T+1日开盘成交。禁止使用T日收盘价作为成交价。账本字段：signal_date, entry_date, entry_price, exit_date, exit_price。"
600118.SH,中国卫星,观望,0%,常规,0.0,观望　仓位 0%,,,,,,"T日收盘生成信号，T+1日开盘成交。禁止使用T日收盘价作为成交价。账本字段：signal_date, entry_date, entry_price, exit_date, exit_price。"
600183.SH,生益科技,观望,0%,常规,0.0,观望　仓位 0%,,,,,,"T日收盘生成信号，T+1日开盘成交。禁止使用T日收盘价作为成交价。账本字段：signal_date, entry_date, entry_price, exit_date, exit_price。"
600188.SH,兖矿能源,观望,0%,常规,0.0,观望　仓位 0%,,,,,,"T日收盘生成信号，T+1日开盘成交。禁止使用T日收盘价作为成交价。账本字段：signal_date, entry_date, entry_price, exit_date, exit_price。"
600196.SH,复星医药,观望,0%,常规,0.0,观望　仓位 0%,,,,,,"T日收盘生成信号，T+1日开盘成交。禁止使用T日收盘价作为成交价。账本字段：signal_date, entry_date, entry_price, exit_date, exit_price。"
600219.SH,南山铝业,观望,0%,常规,0.0,观望　仓位 0%,,,,,,"T日收盘生成信号，T+1日开盘成交。禁止使用T日收盘价作为成交价。账本字段：signal_date, entry_date, entry_price, exit_date, exit_price。"
600221.SH,海航控股,观望,0%,常规,0.0,观望　仓位 0%,,,,,,"T日收盘生成信号，T+1日开盘成交。禁止使用T日收盘价作为成交价。账本字段：signal_date, entry_date, entry_price, exit_date, exit_price。"
600233.SH,圆通速递,观望,0%,常规,0.0,观望　仓位 0%,,,,,,"T日收盘生成信号，T+1日开盘成交。禁止使用T日收盘价作为成交价。账本字段：signal_date, entry_date, entry_price, exit_date, exit_price。"
600276.SH,恒瑞医药,观望,0%,常规,0.0,观望　仓位 0%,,,,,,"T日收盘生成信号，T+1日开盘成交。禁止使用T日收盘价作为成交价。账本字段：signal_date, entry_date, entry_price, exit_date, exit_price。"
600309.SH,万华化学,观望,0%,常规,0.0,观望　仓位 0%,,,,,,"T日收盘生成信号，T+1日开盘成交。禁止使用T日收盘价作为成交价。账本字段：signal_date, entry_date, entry_price, exit_date, exit_price。"
600346.SH,恒力石化,观望,0%,常规,0.0,观望　仓位 0%,,,,,,"T日收盘生成信号，T+1日开盘成交。禁止使用T日收盘价作为成交价。账本字段：signal_date, entry_date, entry_price, exit_date, exit_price。"
600362.SH,江西铜业,观望,0%,常规,0.0,观望　仓位 0%,,,,,,"T日收盘生成信号，T+1日开盘成交。禁止使用T日收盘价作为成交价。账本字段：signal_date, entry_date, entry_price, exit_date, exit_price。"
600372.SH,中航机载,观望,0%,常规,0.0,观望　仓位 0%,,,,,,"T日收盘生成信号，T+1日开盘成交。禁止使用T日收盘价作为成交价。账本字段：signal_date, entry_date, entry_price, exit_date, exit_price。"
600406.SH,国电南瑞,观望,0%,常规,0.0,观望　仓位 0%,,,,,,"T日收盘生成信号，T+1日开盘成交。禁止使用T日收盘价作为成交价。账本字段：signal_date, entry_date, entry_price, exit_date, exit_price。"
600436.SH,片仔癀,观望,0%,常规,0.0,观望　仓位 0%,,,,,,"T日收盘生成信号，T+1日开盘成交。禁止使用T日收盘价作为成交价。账本字段：signal_date, entry_date, entry_price, exit_date, exit_price。"
600426.SH,华鲁恒升,观望,0%,常规,0.0,观望　仓位 0%,,,,,,"T日收盘生成信号，T+1日开盘成交。禁止使用T日收盘价作为成交价。账本字段：signal_date, entry_date, entry_price, exit_date, exit_price。"
600415.SH,小商品城,观望,0%,常规,0.0,观望　仓位 0%,,,,,,"T日收盘生成信号，T+1日开盘成交。禁止使用T日收盘价作为成交价。账本字段：signal_date, entry_date, entry_price, exit_date, exit_price。"
600438.SH,通威股份,观望,0%,常规,0.0,观望　仓位 0%,,,,,,"T日收盘生成信号，T+1日开盘成交。禁止使用T日收盘价作为成交价。账本字段：signal_date, entry_date, entry_price, exit_date, exit_price。"
600460.SH,士兰微,观望,0%,常规,0.0,观望　仓位 0%,,,,,,"T日收盘生成信号，T+1日开盘成交。禁止使用T日收盘价作为成交价。账本字段：signal_date, entry_date, entry_price, exit_date, exit_price。"
600489.SH,中金黄金,观望,0%,常规,0.0,观望　仓位 0%,,,,,,"T日收盘生成信号，T+1日开盘成交。禁止使用T日收盘价作为成交价。账本字段：signal_date, entry_date, entry_price, exit_date, exit_price。"
600482.SH,中国动力,观望,0%,常规,0.0,观望　仓位 0%,,,,,,"T日收盘生成信号，T+1日开盘成交。禁止使用T日收盘价作为成交价。账本字段：signal_date, entry_date, entry_price, exit_date, exit_price。"
600515.SH,海南机场,观望,0%,常规,0.0,观望　仓位 0%,,,,,,"T日收盘生成信号，T+1日开盘成交。禁止使用T日收盘价作为成交价。账本字段：signal_date, entry_date, entry_price, exit_date, exit_price。"
600519.SH,贵州茅台,观望,0%,常规,0.0,观望　仓位 0%,,,,,,"T日收盘生成信号，T+1日开盘成交。禁止使用T日收盘价作为成交价。账本字段：signal_date, entry_date, entry_price, exit_date, exit_price。"
600549.SH,厦门钨业,观望,0%,常规,0.0,观望　仓位 0%,,,,,,"T日收盘生成信号，T+1日开盘成交。禁止使用T日收盘价作为成交价。账本字段：signal_date, entry_date, entry_price, exit_date, exit_price。"
600547.SH,山东黄金,观望,0%,常规,0.0,观望　仓位 0%,,,,,,"T日收盘生成信号，T+1日开盘成交。禁止使用T日收盘价作为成交价。账本字段：signal_date, entry_date, entry_price, exit_date, exit_price。"
600522.SH,中天科技,观望,0%,常规,0.0,观望　仓位 0%,,,,,,"T日收盘生成信号，T+1日开盘成交。禁止使用T日收盘价作为成交价。账本字段：signal_date, entry_date, entry_price, exit_date, exit_price。"
600570.SH,恒生电子,观望,0%,常规,0.0,观望　仓位 0%,,,,,,"T日收盘生成信号，T+1日开盘成交。禁止使用T日收盘价作为成交价。账本字段：signal_date, entry_date, entry_price, exit_date, exit_price。"
600585.SH,海螺水泥,观望,0%,常规,0.0,观望　仓位 0%,,,,,,"T日收盘生成信号，T+1日开盘成交。禁止使用T日收盘价作为成交价。账本字段：signal_date, entry_date, entry_price, exit_date, exit_price。"
600584.SH,长电科技,观望,0%,常规,0.0,观望　仓位 0%,,,,,,"T日收盘生成信号，T+1日开盘成交。禁止使用T日收盘价作为成交价。账本字段：signal_date, entry_date, entry_price, exit_date, exit_price。"
600588.SH,用友网络,观望,0%,常规,0.0,观望　仓位 0%,,,,,,"T日收盘生成信号，T+1日开盘成交。禁止使用T日收盘价作为成交价。账本字段：signal_date, entry_date, entry_price, exit_date, exit_price。"
600660.SH,福耀玻璃,观望,0%,常规,0.0,观望　仓位 0%,,,,,,"T日收盘生成信号，T+1日开盘成交。禁止使用T日收盘价作为成交价。账本字段：signal_date, entry_date, entry_price, exit_date, exit_price。"
600600.SH,青岛啤酒,观望,0%,常规,0.0,观望　仓位 0%,,,,,,"T日收盘生成信号，T+1日开盘成交。禁止使用T日收盘价作为成交价。账本字段：signal_date, entry_date, entry_price, exit_date, exit_price。"
600674.SH,川投能源,观望,0%,常规,0.0,观望　仓位 0%,,,,,,"T日收盘生成信号，T+1日开盘成交。禁止使用T日收盘价作为成交价。账本字段：signal_date, entry_date, entry_price, exit_date, exit_price。"
600741.SH,华域汽车,观望,0%,常规,0.0,观望　仓位 0%,,,,,,"T日收盘生成信号，T+1日开盘成交。禁止使用T日收盘价作为成交价。账本字段：signal_date, entry_date, entry_price, exit_date, exit_price。"
600690.SH,海尔智家,观望,0%,常规,0.0,观望　仓位 0%,,,,,,"T日收盘生成信号，T+1日开盘成交。禁止使用T日收盘价作为成交价。账本字段：signal_date, entry_date, entry_price, exit_date, exit_price。"
600795.SH,国电电力,观望,0%,常规,0.0,观望　仓位 0%,,,,,,"T日收盘生成信号，T+1日开盘成交。禁止使用T日收盘价作为成交价。账本字段：signal_date, entry_date, entry_price, exit_date, exit_price。"
600760.SH,中航沈飞,观望,0%,常规,0.0,观望　仓位 0%,,,,,,"T日收盘生成信号，T+1日开盘成交。禁止使用T日收盘价作为成交价。账本字段：signal_date, entry_date, entry_price, exit_date, exit_price。"
600803.SH,新奥股份,观望,0%,常规,0.0,观望　仓位 0%,,,,,,"T日收盘生成信号，T+1日开盘成交。禁止使用T日收盘价作为成交价。账本字段：signal_date, entry_date, entry_price, exit_date, exit_price。"
600845.SH,宝信软件,观望,0%,常规,0.0,观望　仓位 0%,,,,,,"T日收盘生成信号，T+1日开盘成交。禁止使用T日收盘价作为成交价。账本字段：signal_date, entry_date, entry_price, exit_date, exit_price。"
600809.SH,山西汾酒,观望,0%,常规,0.0,观望　仓位 0%,,,,,,"T日收盘生成信号，T+1日开盘成交。禁止使用T日收盘价作为成交价。账本字段：signal_date, entry_date, entry_price, exit_date, exit_price。"
600875.SH,东方电气,观望,0%,常规,0.0,观望　仓位 0%,,,,,,"T日收盘生成信号，T+1日开盘成交。禁止使用T日收盘价作为成交价。账本字段：signal_date, entry_date, entry_price, exit_date, exit_price。"
600886.SH,国投电力,观望,0%,常规,0.0,观望　仓位 0%,,,,,,"T日收盘生成信号，T+1日开盘成交。禁止使用T日收盘价作为成交价。账本字段：signal_date, entry_date, entry_price, exit_date, exit_price。"
600887.SH,伊利股份,观望,0%,常规,0.0,观望　仓位 0%,,,,,,"T日收盘生成信号，T+1日开盘成交。禁止使用T日收盘价作为成交价。账本字段：signal_date, entry_date, entry_price, exit_date, exit_price。"
600930.SH,华电新能,观望,0%,常规,0.0,观望　仓位 0%,,,,,,"T日收盘生成信号，T+1日开盘成交。禁止使用T日收盘价作为成交价。账本字段：signal_date, entry_date, entry_price, exit_date, exit_price。"
600893.SH,航发动力,观望,0%,常规,0.0,观望　仓位 0%,,,,,,"T日收盘生成信号，T+1日开盘成交。禁止使用T日收盘价作为成交价。账本字段：signal_date, entry_date, entry_price, exit_date, exit_price。"
600905.SH,三峡能源,观望,0%,常规,0.0,观望　仓位 0%,,,,,,"T日收盘生成信号，T+1日开盘成交。禁止使用T日收盘价作为成交价。账本字段：signal_date, entry_date, entry_price, exit_date, exit_price。"
600900.SH,长江电力,观望,0%,常规,0.0,观望　仓位 0%,,,,,,"T日收盘生成信号，T+1日开盘成交。禁止使用T日收盘价作为成交价。账本字段：signal_date, entry_date, entry_price, exit_date, exit_price。"
600918.SH,中泰证券,观望,0%,常规,0.0,观望　仓位 0%,,,,,,"T日收盘生成信号，T+1日开盘成交。禁止使用T日收盘价作为成交价。账本字段：signal_date, entry_date, entry_price, exit_date, exit_price。"
600919.SH,江苏银行,观望,0%,常规,0.0,观望　仓位 0%,,,,,,"T日收盘生成信号，T+1日开盘成交。禁止使用T日收盘价作为成交价。账本字段：signal_date, entry_date, entry_price, exit_date, exit_price。"
600926.SH,杭州银行,观望,0%,常规,0.0,观望　仓位 0%,,,,,,"T日收盘生成信号，T+1日开盘成交。禁止使用T日收盘价作为成交价。账本字段：signal_date, entry_date, entry_price, exit_date, exit_price。"
600938.SH,中国海油,观望,0%,常规,0.0,观望　仓位 0%,,,,,,"T日收盘生成信号，T+1日开盘成交。禁止使用T日收盘价作为成交价。账本字段：signal_date, entry_date, entry_price, exit_date, exit_price。"
600941.SH,中国移动,观望,0%,常规,0.0,观望　仓位 0%,,,,,,"T日收盘生成信号，T+1日开盘成交。禁止使用T日收盘价作为成交价。账本字段：signal_date, entry_date, entry_price, exit_date, exit_price。"
600958.SH,东方证券,观望,0%,常规,0.0,观望　仓位 0%,,,,,,"T日收盘生成信号，T+1日开盘成交。禁止使用T日收盘价作为成交价。账本字段：signal_date, entry_date, entry_price, exit_date, exit_price。"
600989.SH,宝丰能源,观望,0%,常规,0.0,观望　仓位 0%,,,,,,"T日收盘生成信号，T+1日开盘成交。禁止使用T日收盘价作为成交价。账本字段：signal_date, entry_date, entry_price, exit_date, exit_price。"
601006.SH,大秦铁路,观望,0%,常规,0.0,观望　仓位 0%,,,,,,"T日收盘生成信号，T+1日开盘成交。禁止使用T日收盘价作为成交价。账本字段：signal_date, entry_date, entry_price, exit_date, exit_price。"
600999.SH,招商证券,观望,0%,常规,0.0,观望　仓位 0%,,,,,,"T日收盘生成信号，T+1日开盘成交。禁止使用T日收盘价作为成交价。账本字段：signal_date, entry_date, entry_price, exit_date, exit_price。"
601012.SH,隆基绿能,观望,0%,常规,0.0,观望　仓位 0%,,,,,,"T日收盘生成信号，T+1日开盘成交。禁止使用T日收盘价作为成交价。账本字段：signal_date, entry_date, entry_price, exit_date, exit_price。"
601018.SH,宁波港,观望,0%,常规,0.0,观望　仓位 0%,,,,,,"T日收盘生成信号，T+1日开盘成交。禁止使用T日收盘价作为成交价。账本字段：signal_date, entry_date, entry_price, exit_date, exit_price。"
601021.SH,春秋航空,观望,0%,常规,0.0,观望　仓位 0%,,,,,,"T日收盘生成信号，T+1日开盘成交。禁止使用T日收盘价作为成交价。账本字段：signal_date, entry_date, entry_price, exit_date, exit_price。"
601058.SH,赛轮轮胎,观望,0%,常规,0.0,观望　仓位 0%,,,,,,"T日收盘生成信号，T+1日开盘成交。禁止使用T日收盘价作为成交价。账本字段：signal_date, entry_date, entry_price, exit_date, exit_price。"
601059.SH,信达证券,观望,0%,常规,0.0,观望　仓位 0%,,,,,,"T日收盘生成信号，T+1日开盘成交。禁止使用T日收盘价作为成交价。账本字段：signal_date, entry_date, entry_price, exit_date, exit_price。"
601066.SH,中信建投,观望,0%,常规,0.0,观望　仓位 0%,,,,,,"T日收盘生成信号，T+1日开盘成交。禁止使用T日收盘价作为成交价。账本字段：signal_date, entry_date, entry_price, exit_date, exit_price。"
601077.SH,渝农商行,观望,0%,常规,0.0,观望　仓位 0%,,,,,,"T日收盘生成信号，T+1日开盘成交。禁止使用T日收盘价作为成交价。账本字段：signal_date, entry_date, entry_price, exit_date, exit_price。"
601111.SH,中国国航,观望,0%,常规,0.0,观望　仓位 0%,,,,,,"T日收盘生成信号，T+1日开盘成交。禁止使用T日收盘价作为成交价。账本字段：signal_date, entry_date, entry_price, exit_date, exit_price。"
601100.SH,恒立液压,观望,0%,常规,0.0,观望　仓位 0%,,,,,,"T日收盘生成信号，T+1日开盘成交。禁止使用T日收盘价作为成交价。账本字段：signal_date, entry_date, entry_price, exit_date, exit_price。"
601117.SH,中国化学,观望,0%,常规,0.0,观望　仓位 0%,,,,,,"T日收盘生成信号，T+1日开盘成交。禁止使用T日收盘价作为成交价。账本字段：signal_date, entry_date, entry_price, exit_date, exit_price。"
601127.SH,赛力斯,观望,0%,常规,0.0,观望　仓位 0%,,,,,,"T日收盘生成信号，T+1日开盘成交。禁止使用T日收盘价作为成交价。账本字段：signal_date, entry_date, entry_price, exit_date, exit_price。"
601136.SH,首创证券,观望,0%,常规,0.0,观望　仓位 0%,,,,,,"T日收盘生成信号，T+1日开盘成交。禁止使用T日收盘价作为成交价。账本字段：signal_date, entry_date, entry_price, exit_date, exit_price。"
601138.SH,工业富联,观望,0%,常规,0.0,观望　仓位 0%,,,,,,"T日收盘生成信号，T+1日开盘成交。禁止使用T日收盘价作为成交价。账本字段：signal_date, entry_date, entry_price, exit_date, exit_price。"
601169.SH,北京银行,观望,0%,常规,0.0,观望　仓位 0%,,,,,,"T日收盘生成信号，T+1日开盘成交。禁止使用T日收盘价作为成交价。账本字段：signal_date, entry_date, entry_price, exit_date, exit_price。"
601186.SH,中国铁建,观望,0%,常规,0.0,观望　仓位 0%,,,,,,"T日收盘生成信号，T+1日开盘成交。禁止使用T日收盘价作为成交价。账本字段：signal_date, entry_date, entry_price, exit_date, exit_price。"
601166.SH,兴业银行,观望,0%,常规,0.0,观望　仓位 0%,,,,,,"T日收盘生成信号，T+1日开盘成交。禁止使用T日收盘价作为成交价。账本字段：signal_date, entry_date, entry_price, exit_date, exit_price。"
601211.SH,国泰海通,观望,0%,常规,0.0,观望　仓位 0%,,,,,,"T日收盘生成信号，T+1日开盘成交。禁止使用T日收盘价作为成交价。账本字段：signal_date, entry_date, entry_price, exit_date, exit_price。"
601225.SH,陕西煤业,观望,0%,常规,0.0,观望　仓位 0%,,,,,,"T日收盘生成信号，T+1日开盘成交。禁止使用T日收盘价作为成交价。账本字段：signal_date, entry_date, entry_price, exit_date, exit_price。"
601238.SH,广汽集团,观望,0%,常规,0.0,观望　仓位 0%,,,,,,"T日收盘生成信号，T+1日开盘成交。禁止使用T日收盘价作为成交价。账本字段：signal_date, entry_date, entry_price, exit_date, exit_price。"
601229.SH,上海银行,观望,0%,常规,0.0,观望　仓位 0%,,,,,,"T日收盘生成信号，T+1日开盘成交。禁止使用T日收盘价作为成交价。账本字段：signal_date, entry_date, entry_price, exit_date, exit_price。"
601288.SH,农业银行,观望,0%,常规,0.0,观望　仓位 0%,,,,,,"T日收盘生成信号，T+1日开盘成交。禁止使用T日收盘价作为成交价。账本字段：signal_date, entry_date, entry_price, exit_date, exit_price。"
601319.SH,中国人保,观望,0%,常规,0.0,观望　仓位 0%,,,,,,"T日收盘生成信号，T+1日开盘成交。禁止使用T日收盘价作为成交价。账本字段：signal_date, entry_date, entry_price, exit_date, exit_price。"
601318.SH,中国平安,观望,0%,常规,0.0,观望　仓位 0%,,,,,,"T日收盘生成信号，T+1日开盘成交。禁止使用T日收盘价作为成交价。账本字段：signal_date, entry_date, entry_price, exit_date, exit_price。"
601328.SH,交通银行,观望,0%,常规,0.0,观望　仓位 0%,,,,,,"T日收盘生成信号，T+1日开盘成交。禁止使用T日收盘价作为成交价。账本字段：signal_date, entry_date, entry_price, exit_date, exit_price。"
601336.SH,新华保险,观望,0%,常规,0.0,观望　仓位 0%,,,,,,"T日收盘生成信号，T+1日开盘成交。禁止使用T日收盘价作为成交价。账本字段：signal_date, entry_date, entry_price, exit_date, exit_price。"
601360.SH,三六零,观望,0%,常规,0.0,观望　仓位 0%,,,,,,"T日收盘生成信号，T+1日开盘成交。禁止使用T日收盘价作为成交价。账本字段：signal_date, entry_date, entry_price, exit_date, exit_price。"
601377.SH,兴业证券,观望,0%,常规,0.0,观望　仓位 0%,,,,,,"T日收盘生成信号，T+1日开盘成交。禁止使用T日收盘价作为成交价。账本字段：signal_date, entry_date, entry_price, exit_date, exit_price。"
601390.SH,中国中铁,观望,0%,常规,0.0,观望　仓位 0%,,,,,,"T日收盘生成信号，T+1日开盘成交。禁止使用T日收盘价作为成交价。账本字段：signal_date, entry_date, entry_price, exit_date, exit_price。"
601398.SH,工商银行,观望,0%,常规,0.0,观望　仓位 0%,,,,,,"T日收盘生成信号，T+1日开盘成交。禁止使用T日收盘价作为成交价。账本字段：signal_date, entry_date, entry_price, exit_date, exit_price。"
601456.SH,国联民生,观望,0%,常规,0.0,观望　仓位 0%,,,,,,"T日收盘生成信号，T+1日开盘成交。禁止使用T日收盘价作为成交价。账本字段：signal_date, entry_date, entry_price, exit_date, exit_price。"
601600.SH,中国铝业,观望,0%,常规,0.0,观望　仓位 0%,,,,,,"T日收盘生成信号，T+1日开盘成交。禁止使用T日收盘价作为成交价。账本字段：signal_date, entry_date, entry_price, exit_date, exit_price。"
601601.SH,中国太保,观望,0%,常规,0.0,观望　仓位 0%,,,,,,"T日收盘生成信号，T+1日开盘成交。禁止使用T日收盘价作为成交价。账本字段：signal_date, entry_date, entry_price, exit_date, exit_price。"
601607.SH,上海医药,观望,0%,常规,0.0,观望　仓位 0%,,,,,,"T日收盘生成信号，T+1日开盘成交。禁止使用T日收盘价作为成交价。账本字段：signal_date, entry_date, entry_price, exit_date, exit_price。"
601618.SH,中国中冶,观望,0%,常规,0.0,观望　仓位 0%,,,,,,"T日收盘生成信号，T+1日开盘成交。禁止使用T日收盘价作为成交价。账本字段：signal_date, entry_date, entry_price, exit_date, exit_price。"
601628.SH,中国人寿,观望,0%,常规,0.0,观望　仓位 0%,,,,,,"T日收盘生成信号，T+1日开盘成交。禁止使用T日收盘价作为成交价。账本字段：signal_date, entry_date, entry_price, exit_date, exit_price。"
601633.SH,长城汽车,观望,0%,常规,0.0,观望　仓位 0%,,,,,,"T日收盘生成信号，T+1日开盘成交。禁止使用T日收盘价作为成交价。账本字段：signal_date, entry_date, entry_price, exit_date, exit_price。"
601658.SH,邮储银行,观望,0%,常规,0.0,观望　仓位 0%,,,,,,"T日收盘生成信号，T+1日开盘成交。禁止使用T日收盘价作为成交价。账本字段：signal_date, entry_date, entry_price, exit_date, exit_price。"
601668.SH,中国建筑,观望,0%,常规,0.0,观望　仓位 0%,,,,,,"T日收盘生成信号，T+1日开盘成交。禁止使用T日收盘价作为成交价。账本字段：signal_date, entry_date, entry_price, exit_date, exit_price。"
601669.SH,中国电建,观望,0%,常规,0.0,观望　仓位 0%,,,,,,"T日收盘生成信号，T+1日开盘成交。禁止使用T日收盘价作为成交价。账本字段：signal_date, entry_date, entry_price, exit_date, exit_price。"
601689.SH,拓普集团,观望,0%,常规,0.0,观望　仓位 0%,,,,,,"T日收盘生成信号，T+1日开盘成交。禁止使用T日收盘价作为成交价。账本字段：signal_date, entry_date, entry_price, exit_date, exit_price。"
601698.SH,中国卫通,观望,0%,常规,0.0,观望　仓位 0%,,,,,,"T日收盘生成信号，T+1日开盘成交。禁止使用T日收盘价作为成交价。账本字段：signal_date, entry_date, entry_price, exit_date, exit_price。"
601727.SH,上海电气,观望,0%,常规,0.0,观望　仓位 0%,,,,,,"T日收盘生成信号，T+1日开盘成交。禁止使用T日收盘价作为成交价。账本字段：signal_date, entry_date, entry_price, exit_date, exit_price。"
601728.SH,中国电信,观望,0%,常规,0.0,观望　仓位 0%,,,,,,"T日收盘生成信号，T+1日开盘成交。禁止使用T日收盘价作为成交价。账本字段：signal_date, entry_date, entry_price, exit_date, exit_price。"
601766.SH,中国中车,观望,0%,常规,0.0,观望　仓位 0%,,,,,,"T日收盘生成信号，T+1日开盘成交。禁止使用T日收盘价作为成交价。账本字段：signal_date, entry_date, entry_price, exit_date, exit_price。"
601788.SH,光大证券,观望,0%,常规,0.0,观望　仓位 0%,,,,,,"T日收盘生成信号，T+1日开盘成交。禁止使用T日收盘价作为成交价。账本字段：signal_date, entry_date, entry_price, exit_date, exit_price。"
601800.SH,中国交建,观望,0%,常规,0.0,观望　仓位 0%,,,,,,"T日收盘生成信号，T+1日开盘成交。禁止使用T日收盘价作为成交价。账本字段：signal_date, entry_date, entry_price, exit_date, exit_price。"
601816.SH,京沪高铁,观望,0%,常规,0.0,观望　仓位 0%,,,,,,"T日收盘生成信号，T+1日开盘成交。禁止使用T日收盘价作为成交价。账本字段：signal_date, entry_date, entry_price, exit_date, exit_price。"
601818.SH,光大银行,观望,0%,常规,0.0,观望　仓位 0%,,,,,,"T日收盘生成信号，T+1日开盘成交。禁止使用T日收盘价作为成交价。账本字段：signal_date, entry_date, entry_price, exit_date, exit_price。"
601825.SH,沪农商行,观望,0%,常规,0.0,观望　仓位 0%,,,,,,"T日收盘生成信号，T+1日开盘成交。禁止使用T日收盘价作为成交价。账本字段：signal_date, entry_date, entry_price, exit_date, exit_price。"
601838.SH,成都银行,观望,0%,常规,0.0,观望　仓位 0%,,,,,,"T日收盘生成信号，T+1日开盘成交。禁止使用T日收盘价作为成交价。账本字段：signal_date, entry_date, entry_price, exit_date, exit_price。"
601857.SH,中国石油,观望,0%,常规,0.0,观望　仓位 0%,,,,,,"T日收盘生成信号，T+1日开盘成交。禁止使用T日收盘价作为成交价。账本字段：signal_date, entry_date, entry_price, exit_date, exit_price。"
601868.SH,中国能建,观望,0%,常规,0.0,观望　仓位 0%,,,,,,"T日收盘生成信号，T+1日开盘成交。禁止使用T日收盘价作为成交价。账本字段：signal_date, entry_date, entry_price, exit_date, exit_price。"
601872.SH,招商轮船,观望,0%,常规,0.0,观望　仓位 0%,,,,,,"T日收盘生成信号，T+1日开盘成交。禁止使用T日收盘价作为成交价。账本字段：signal_date, entry_date, entry_price, exit_date, exit_price。"
601877.SH,正泰电器,观望,0%,常规,0.0,观望　仓位 0%,,,,,,"T日收盘生成信号，T+1日开盘成交。禁止使用T日收盘价作为成交价。账本字段：signal_date, entry_date, entry_price, exit_date, exit_price。"
601878.SH,浙商证券,观望,0%,常规,0.0,观望　仓位 0%,,,,,,"T日收盘生成信号，T+1日开盘成交。禁止使用T日收盘价作为成交价。账本字段：signal_date, entry_date, entry_price, exit_date, exit_price。"
601881.SH,中国银河,观望,0%,常规,0.0,观望　仓位 0%,,,,,,"T日收盘生成信号，T+1日开盘成交。禁止使用T日收盘价作为成交价。账本字段：signal_date, entry_date, entry_price, exit_date, exit_price。"
601888.SH,中国中免,观望,0%,常规,0.0,观望　仓位 0%,,,,,,"T日收盘生成信号，T+1日开盘成交。禁止使用T日收盘价作为成交价。账本字段：signal_date, entry_date, entry_price, exit_date, exit_price。"
601898.SH,中煤能源,观望,0%,常规,0.0,观望　仓位 0%,,,,,,"T日收盘生成信号，T+1日开盘成交。禁止使用T日收盘价作为成交价。账本字段：signal_date, entry_date, entry_price, exit_date, exit_price。"
601899.SH,紫金矿业,观望,0%,常规,0.0,观望　仓位 0%,,,,,,"T日收盘生成信号，T+1日开盘成交。禁止使用T日收盘价作为成交价。账本字段：signal_date, entry_date, entry_price, exit_date, exit_price。"
601901.SH,方正证券,观望,0%,常规,0.0,观望　仓位 0%,,,,,,"T日收盘生成信号，T+1日开盘成交。禁止使用T日收盘价作为成交价。账本字段：signal_date, entry_date, entry_price, exit_date, exit_price。"
601916.SH,浙商银行,观望,0%,常规,0.0,观望　仓位 0%,,,,,,"T日收盘生成信号，T+1日开盘成交。禁止使用T日收盘价作为成交价。账本字段：signal_date, entry_date, entry_price, exit_date, exit_price。"
601919.SH,中远海控,观望,0%,常规,0.0,观望　仓位 0%,,,,,,"T日收盘生成信号，T+1日开盘成交。禁止使用T日收盘价作为成交价。账本字段：signal_date, entry_date, entry_price, exit_date, exit_price。"
601939.SH,建设银行,观望,0%,常规,0.0,观望　仓位 0%,,,,,,"T日收盘生成信号，T+1日开盘成交。禁止使用T日收盘价作为成交价。账本字段：signal_date, entry_date, entry_price, exit_date, exit_price。"
601985.SH,中国核电,观望,0%,常规,0.0,观望　仓位 0%,,,,,,"T日收盘生成信号，T+1日开盘成交。禁止使用T日收盘价作为成交价。账本字段：signal_date, entry_date, entry_price, exit_date, exit_price。"
601988.SH,中国银行,观望,0%,常规,0.0,观望　仓位 0%,,,,,,"T日收盘生成信号，T+1日开盘成交。禁止使用T日收盘价作为成交价。账本字段：signal_date, entry_date, entry_price, exit_date, exit_price。"
601995.SH,中金公司,观望,0%,常规,0.0,观望　仓位 0%,,,,,,"T日收盘生成信号，T+1日开盘成交。禁止使用T日收盘价作为成交价。账本字段：signal_date, entry_date, entry_price, exit_date, exit_price。"
601998.SH,中信银行,观望,0%,常规,0.0,观望　仓位 0%,,,,,,"T日收盘生成信号，T+1日开盘成交。禁止使用T日收盘价作为成交价。账本字段：signal_date, entry_date, entry_price, exit_date, exit_price。"
603019.SH,中科曙光,观望,0%,常规,0.0,观望　仓位 0%,,,,,,"T日收盘生成信号，T+1日开盘成交。禁止使用T日收盘价作为成交价。账本字段：signal_date, entry_date, entry_price, exit_date, exit_price。"
603288.SH,海天味业,观望,0%,常规,0.0,观望　仓位 0%,,,,,,"T日收盘生成信号，T+1日开盘成交。禁止使用T日收盘价作为成交价。账本字段：signal_date, entry_date, entry_price, exit_date, exit_price。"
603259.SH,药明康德,观望,0%,常规,0.0,观望　仓位 0%,,,,,,"T日收盘生成信号，T+1日开盘成交。禁止使用T日收盘价作为成交价。账本字段：signal_date, entry_date, entry_price, exit_date, exit_price。"
603260.SH,合盛硅业,观望,0%,常规,0.0,观望　仓位 0%,,,,,,"T日收盘生成信号，T+1日开盘成交。禁止使用T日收盘价作为成交价。账本字段：signal_date, entry_date, entry_price, exit_date, exit_price。"
603296.SH,华勤技术,观望,0%,常规,0.0,观望　仓位 0%,,,,,,"T日收盘生成信号，T+1日开盘成交。禁止使用T日收盘价作为成交价。账本字段：signal_date, entry_date, entry_price, exit_date, exit_price。"
603369.SH,今世缘,观望,0%,常规,0.0,观望　仓位 0%,,,,,,"T日收盘生成信号，T+1日开盘成交。禁止使用T日收盘价作为成交价。账本字段：signal_date, entry_date, entry_price, exit_date, exit_price。"
603392.SH,万泰生物,观望,0%,常规,0.0,观望　仓位 0%,,,,,,"T日收盘生成信号，T+1日开盘成交。禁止使用T日收盘价作为成交价。账本字段：signal_date, entry_date, entry_price, exit_date, exit_price。"
603501.SH,豪威集团,观望,0%,常规,0.0,观望　仓位 0%,,,,,,"T日收盘生成信号，T+1日开盘成交。禁止使用T日收盘价作为成交价。账本字段：signal_date, entry_date, entry_price, exit_date, exit_price。"
603799.SH,华友钴业,观望,0%,常规,0.0,观望　仓位 0%,,,,,,"T日收盘生成信号，T+1日开盘成交。禁止使用T日收盘价作为成交价。账本字段：signal_date, entry_date, entry_price, exit_date, exit_price。"
603893.SH,瑞芯微,观望,0%,常规,0.0,观望　仓位 0%,,,,,,"T日收盘生成信号，T+1日开盘成交。禁止使用T日收盘价作为成交价。账本字段：signal_date, entry_date, entry_price, exit_date, exit_price。"
603986.SH,兆易创新,观望,0%,常规,0.0,观望　仓位 0%,,,,,,"T日收盘生成信号，T+1日开盘成交。禁止使用T日收盘价作为成交价。账本字段：signal_date, entry_date, entry_price, exit_date, exit_price。"
603993.SH,洛阳钼业,观望,0%,常规,0.0,观望　仓位 0%,,,,,,"T日收盘生成信号，T+1日开盘成交。禁止使用T日收盘价作为成交价。账本字段：signal_date, entry_date, entry_price, exit_date, exit_price。"
605117.SH,德业股份,观望,0%,常规,0.0,观望　仓位 0%,,,,,,"T日收盘生成信号，T+1日开盘成交。禁止使用T日收盘价作为成交价。账本字段：signal_date, entry_date, entry_price, exit_date, exit_price。"
605499.SH,东鹏饮料,观望,0%,常规,0.0,观望　仓位 0%,,,,,,"T日收盘生成信号，T+1日开盘成交。禁止使用T日收盘价作为成交价。账本字段：signal_date, entry_date, entry_price, exit_date, exit_price。"
688008.SH,澜起科技,观望,0%,常规,0.0,观望　仓位 0%,,,,,,"T日收盘生成信号，T+1日开盘成交。禁止使用T日收盘价作为成交价。账本字段：signal_date, entry_date, entry_price, exit_date, exit_price。"
688009.SH,中国通号,观望,0%,常规,0.0,观望　仓位 0%,,,,,,"T日收盘生成信号，T+1日开盘成交。禁止使用T日收盘价作为成交价。账本字段：signal_date, entry_date, entry_price, exit_date, exit_price。"
688012.SH,中微公司,观望,0%,常规,0.0,观望　仓位 0%,,,,,,"T日收盘生成信号，T+1日开盘成交。禁止使用T日收盘价作为成交价。账本字段：signal_date, entry_date, entry_price, exit_date, exit_price。"
688041.SH,海光信息,观望,0%,常规,0.0,观望　仓位 0%,,,,,,"T日收盘生成信号，T+1日开盘成交。禁止使用T日收盘价作为成交价。账本字段：signal_date, entry_date, entry_price, exit_date, exit_price。"
688047.SH,龙芯中科,观望,0%,常规,0.0,观望　仓位 0%,,,,,,"T日收盘生成信号，T+1日开盘成交。禁止使用T日收盘价作为成交价。账本字段：signal_date, entry_date, entry_price, exit_date, exit_price。"
688036.SH,传音控股,观望,0%,常规,0.0,观望　仓位 0%,,,,,,"T日收盘生成信号，T+1日开盘成交。禁止使用T日收盘价作为成交价。账本字段：signal_date, entry_date, entry_price, exit_date, exit_price。"
688072.SH,拓荆科技,观望,0%,常规,0.0,观望　仓位 0%,,,,,,"T日收盘生成信号，T+1日开盘成交。禁止使用T日收盘价作为成交价。账本字段：signal_date, entry_date, entry_price, exit_date, exit_price。"
688082.SH,盛美上海,观望,0%,常规,0.0,观望　仓位 0%,,,,,,"T日收盘生成信号，T+1日开盘成交。禁止使用T日收盘价作为成交价。账本字段：signal_date, entry_date, entry_price, exit_date, exit_price。"
688111.SH,金山办公,观望,0%,常规,0.0,观望　仓位 0%,,,,,,"T日收盘生成信号，T+1日开盘成交。禁止使用T日收盘价作为成交价。账本字段：signal_date, entry_date, entry_price, exit_date, exit_price。"
688126.SH,沪硅产业,观望,0%,常规,0.0,观望　仓位 0%,,,,,,"T日收盘生成信号，T+1日开盘成交。禁止使用T日收盘价作为成交价。账本字段：signal_date, entry_date, entry_price, exit_date, exit_price。"
688183.SH,生益电子,观望,0%,常规,0.0,观望　仓位 0%,,,,,,"T日收盘生成信号，T+1日开盘成交。禁止使用T日收盘价作为成交价。账本字段：signal_date, entry_date, entry_price, exit_date, exit_price。"
688271.SH,联影医疗,观望,0%,常规,0.0,观望　仓位 0%,,,,,,"T日收盘生成信号，T+1日开盘成交。禁止使用T日收盘价作为成交价。账本字段：signal_date, entry_date, entry_price, exit_date, exit_price。"
688256.SH,寒武纪,观望,0%,常规,0.0,观望　仓位 0%,,,,,,"T日收盘生成信号，T+1日开盘成交。禁止使用T日收盘价作为成交价。账本字段：signal_date, entry_date, entry_price, exit_date, exit_price。"
688223.SH,晶科能源,观望,0%,常规,0.0,观望　仓位 0%,,,,,,"T日收盘生成信号，T+1日开盘成交。禁止使用T日收盘价作为成交价。账本字段：signal_date, entry_date, entry_price, exit_date, exit_price。"
688303.SH,大全能源,观望,0%,常规,0.0,观望　仓位 0%,,,,,,"T日收盘生成信号，T+1日开盘成交。禁止使用T日收盘价作为成交价。账本字段：signal_date, entry_date, entry_price, exit_date, exit_price。"
688396.SH,华润微,观望,0%,常规,0.0,观望　仓位 0%,,,,,,"T日收盘生成信号，T+1日开盘成交。禁止使用T日收盘价作为成交价。账本字段：signal_date, entry_date, entry_price, exit_date, exit_price。"
688472.SH,阿特斯,观望,0%,常规,0.0,观望　仓位 0%,,,,,,"T日收盘生成信号，T+1日开盘成交。禁止使用T日收盘价作为成交价。账本字段：signal_date, entry_date, entry_price, exit_date, exit_price。"
688521.SH,芯原股份,观望,0%,常规,0.0,观望　仓位 0%,,,,,,"T日收盘生成信号，T+1日开盘成交。禁止使用T日收盘价作为成交价。账本字段：signal_date, entry_date, entry_price, exit_date, exit_price。"
688506.SH,百利天恒,观望,0%,常规,0.0,观望　仓位 0%,,,,,,"T日收盘生成信号，T+1日开盘成交。禁止使用T日收盘价作为成交价。账本字段：signal_date, entry_date, entry_price, exit_date, exit_price。"
688981.SH,中芯国际,观望,0%,常规,0.0,观望　仓位 0%,,,,,,"T日收盘生成信号，T+1日开盘成交。禁止使用T日收盘价作为成交价。账本字段：signal_date, entry_date, entry_price, exit_date, exit_price。"
000001.SZ,平安银行,观望,0%,常规,0.0,观望　仓位 0%,,,,,,"T日收盘生成信号，T+1日开盘成交。禁止使用T日收盘价作为成交价。账本字段：signal_date, entry_date, entry_price, exit_date, exit_price。"
000002.SZ,万科A,观望,0%,常规,0.0,观望　仓位 0%,,,,,,"T日收盘生成信号，T+1日开盘成交。禁止使用T日收盘价作为成交价。账本字段：signal_date, entry_date, entry_price, exit_date, exit_price。"
000063.SZ,中兴通讯,观望,0%,常规,0.0,观望　仓位 0%,,,,,,"T日收盘生成信号，T+1日开盘成交。禁止使用T日收盘价作为成交价。账本字段：signal_date, entry_date, entry_price, exit_date, exit_price。"
000100.SZ,TCL科技,观望,0%,常规,0.0,观望　仓位 0%,,,,,,"T日收盘生成信号，T+1日开盘成交。禁止使用T日收盘价作为成交价。账本字段：signal_date, entry_date, entry_price, exit_date, exit_price。"
000157.SZ,中联重科,观望,0%,常规,0.0,观望　仓位 0%,,,,,,"T日收盘生成信号，T+1日开盘成交。禁止使用T日收盘价作为成交价。账本字段：signal_date, entry_date, entry_price, exit_date, exit_price。"
000301.SZ,东方盛虹,观望,0%,常规,0.0,观望　仓位 0%,,,,,,"T日收盘生成信号，T+1日开盘成交。禁止使用T日收盘价作为成交价。账本字段：signal_date, entry_date, entry_price, exit_date, exit_price。"
000166.SZ,申万宏源,观望,0%,常规,0.0,观望　仓位 0%,,,,,,"T日收盘生成信号，T+1日开盘成交。禁止使用T日收盘价作为成交价。账本字段：signal_date, entry_date, entry_price, exit_date, exit_price。"
000338.SZ,潍柴动力,观望,0%,常规,0.0,观望　仓位 0%,,,,,,"T日收盘生成信号，T+1日开盘成交。禁止使用T日收盘价作为成交价。账本字段：signal_date, entry_date, entry_price, exit_date, exit_price。"
000408.SZ,藏格矿业,观望,0%,常规,0.0,观望　仓位 0%,,,,,,"T日收盘生成信号，T+1日开盘成交。禁止使用T日收盘价作为成交价。账本字段：signal_date, entry_date, entry_price, exit_date, exit_price。"
000425.SZ,徐工机械,观望,0%,常规,0.0,观望　仓位 0%,,,,,,"T日收盘生成信号，T+1日开盘成交。禁止使用T日收盘价作为成交价。账本字段：signal_date, entry_date, entry_price, exit_date, exit_price。"
000538.SZ,云南白药,观望,0%,常规,0.0,观望　仓位 0%,,,,,,"T日收盘生成信号，T+1日开盘成交。禁止使用T日收盘价作为成交价。账本字段：signal_date, entry_date, entry_price, exit_date, exit_price。"
000568.SZ,泸州老窖,观望,0%,常规,0.0,观望　仓位 0%,,,,,,"T日收盘生成信号，T+1日开盘成交。禁止使用T日收盘价作为成交价。账本字段：signal_date, entry_date, entry_price, exit_date, exit_price。"
000596.SZ,古井贡酒,观望,0%,常规,0.0,观望　仓位 0%,,,,,,"T日收盘生成信号，T+1日开盘成交。禁止使用T日收盘价作为成交价。账本字段：signal_date, entry_date, entry_price, exit_date, exit_price。"
000617.SZ,中油资本,观望,0%,常规,0.0,观望　仓位 0%,,,,,,"T日收盘生成信号，T+1日开盘成交。禁止使用T日收盘价作为成交价。账本字段：signal_date, entry_date, entry_price, exit_date, exit_price。"
000625.SZ,长安汽车,观望,0%,常规,0.0,观望　仓位 0%,,,,,,"T日收盘生成信号，T+1日开盘成交。禁止使用T日收盘价作为成交价。账本字段：signal_date, entry_date, entry_price, exit_date, exit_price。"
000630.SZ,铜陵有色,观望,0%,常规,0.0,观望　仓位 0%,,,,,,"T日收盘生成信号，T+1日开盘成交。禁止使用T日收盘价作为成交价。账本字段：signal_date, entry_date, entry_price, exit_date, exit_price。"
000651.SZ,格力电器,观望,0%,常规,0.0,观望　仓位 0%,,,,,,"T日收盘生成信号，T+1日开盘成交。禁止使用T日收盘价作为成交价。账本字段：signal_date, entry_date, entry_price, exit_date, exit_price。"
000657.SZ,中钨高新,观望,0%,常规,0.0,观望　仓位 0%,,,,,,"T日收盘生成信号，T+1日开盘成交。禁止使用T日收盘价作为成交价。账本字段：signal_date, entry_date, entry_price, exit_date, exit_price。"
000708.SZ,中信特钢,观望,0%,常规,0.0,观望　仓位 0%,,,,,,"T日收盘生成信号，T+1日开盘成交。禁止使用T日收盘价作为成交价。账本字段：signal_date, entry_date, entry_price, exit_date, exit_price。"
000725.SZ,京东方A,观望,0%,常规,0.0,观望　仓位 0%,,,,,,"T日收盘生成信号，T+1日开盘成交。禁止使用T日收盘价作为成交价。账本字段：signal_date, entry_date, entry_price, exit_date, exit_price。"
000768.SZ,中航西飞,观望,0%,常规,0.0,观望　仓位 0%,,,,,,"T日收盘生成信号，T+1日开盘成交。禁止使用T日收盘价作为成交价。账本字段：signal_date, entry_date, entry_price, exit_date, exit_price。"
000776.SZ,广发证券,观望,0%,常规,0.0,观望　仓位 0%,,,,,,"T日收盘生成信号，T+1日开盘成交。禁止使用T日收盘价作为成交价。账本字段：signal_date, entry_date, entry_price, exit_date, exit_price。"
000858.SZ,五粮液,观望,0%,常规,0.0,观望　仓位 0%,,,,,,"T日收盘生成信号，T+1日开盘成交。禁止使用T日收盘价作为成交价。账本字段：signal_date, entry_date, entry_price, exit_date, exit_price。"
000792.SZ,盐湖股份,观望,0%,常规,0.0,观望　仓位 0%,,,,,,"T日收盘生成信号，T+1日开盘成交。禁止使用T日收盘价作为成交价。账本字段：signal_date, entry_date, entry_price, exit_date, exit_price。"
000807.SZ,云铝股份,观望,0%,常规,0.0,观望　仓位 0%,,,,,,"T日收盘生成信号，T+1日开盘成交。禁止使用T日收盘价作为成交价。账本字段：signal_date, entry_date, entry_price, exit_date, exit_price。"
000938.SZ,紫光股份,观望,0%,常规,0.0,观望　仓位 0%,,,,,,"T日收盘生成信号，T+1日开盘成交。禁止使用T日收盘价作为成交价。账本字段：signal_date, entry_date, entry_price, exit_date, exit_price。"
000895.SZ,双汇发展,观望,0%,常规,0.0,观望　仓位 0%,,,,,,"T日收盘生成信号，T+1日开盘成交。禁止使用T日收盘价作为成交价。账本字段：signal_date, entry_date, entry_price, exit_date, exit_price。"
001280.SZ,中国铀业,观望,0%,常规,0.0,观望　仓位 0%,,,,,,"T日收盘生成信号，T+1日开盘成交。禁止使用T日收盘价作为成交价。账本字段：signal_date, entry_date, entry_price, exit_date, exit_price。"
000963.SZ,华东医药,观望,0%,常规,0.0,观望　仓位 0%,,,,,,"T日收盘生成信号，T+1日开盘成交。禁止使用T日收盘价作为成交价。账本字段：signal_date, entry_date, entry_price, exit_date, exit_price。"
000975.SZ,山金国际,观望,0%,常规,0.0,观望　仓位 0%,,,,,,"T日收盘生成信号，T+1日开盘成交。禁止使用T日收盘价作为成交价。账本字段：signal_date, entry_date, entry_price, exit_date, exit_price。"
000977.SZ,浪潮信息,观望,0%,常规,0.0,观望　仓位 0%,,,,,,"T日收盘生成信号，T+1日开盘成交。禁止使用T日收盘价作为成交价。账本字段：signal_date, entry_date, entry_price, exit_date, exit_price。"
001391.SZ,国货航,观望,0%,常规,0.0,观望　仓位 0%,,,,,,"T日收盘生成信号，T+1日开盘成交。禁止使用T日收盘价作为成交价。账本字段：signal_date, entry_date, entry_price, exit_date, exit_price。"
000999.SZ,华润三九,观望,0%,常规,0.0,观望　仓位 0%,,,,,,"T日收盘生成信号，T+1日开盘成交。禁止使用T日收盘价作为成交价。账本字段：signal_date, entry_date, entry_price, exit_date, exit_price。"
000988.SZ,华工科技,观望,0%,常规,0.0,观望　仓位 0%,,,,,,"T日收盘生成信号，T+1日开盘成交。禁止使用T日收盘价作为成交价。账本字段：signal_date, entry_date, entry_price, exit_date, exit_price。"
001979.SZ,招商蛇口,观望,0%,常规,0.0,观望　仓位 0%,,,,,,"T日收盘生成信号，T+1日开盘成交。禁止使用T日收盘价作为成交价。账本字段：signal_date, entry_date, entry_price, exit_date, exit_price。"
001965.SZ,招商公路,观望,0%,常规,0.0,观望　仓位 0%,,,,,,"T日收盘生成信号，T+1日开盘成交。禁止使用T日收盘价作为成交价。账本字段：signal_date, entry_date, entry_price, exit_date, exit_price。"
002001.SZ,新和成,观望,0%,常规,0.0,观望　仓位 0%,,,,,,"T日收盘生成信号，T+1日开盘成交。禁止使用T日收盘价作为成交价。账本字段：signal_date, entry_date, entry_price, exit_date, exit_price。"
002027.SZ,分众传媒,观望,0%,常规,0.0,观望　仓位 0%,,,,,,"T日收盘生成信号，T+1日开盘成交。禁止使用T日收盘价作为成交价。账本字段：signal_date, entry_date, entry_price, exit_date, exit_price。"
002028.SZ,思源电气,观望,0%,常规,0.0,观望　仓位 0%,,,,,,"T日收盘生成信号，T+1日开盘成交。禁止使用T日收盘价作为成交价。账本字段：signal_date, entry_date, entry_price, exit_date, exit_price。"
002074.SZ,国轩高科,观望,0%,常规,0.0,观望　仓位 0%,,,,,,"T日收盘生成信号，T+1日开盘成交。禁止使用T日收盘价作为成交价。账本字段：signal_date, entry_date, entry_price, exit_date, exit_price。"
002049.SZ,紫光国微,观望,0%,常规,0.0,观望　仓位 0%,,,,,,"T日收盘生成信号，T+1日开盘成交。禁止使用T日收盘价作为成交价。账本字段：signal_date, entry_date, entry_price, exit_date, exit_price。"
002050.SZ,三花智控,观望,0%,常规,0.0,观望　仓位 0%,,,,,,"T日收盘生成信号，T+1日开盘成交。禁止使用T日收盘价作为成交价。账本字段：signal_date, entry_date, entry_price, exit_date, exit_price。"
002142.SZ,宁波银行,观望,0%,常规,0.0,观望　仓位 0%,,,,,,"T日收盘生成信号，T+1日开盘成交。禁止使用T日收盘价作为成交价。账本字段：signal_date, entry_date, entry_price, exit_date, exit_price。"
002179.SZ,中航光电,观望,0%,常规,0.0,观望　仓位 0%,,,,,,"T日收盘生成信号，T+1日开盘成交。禁止使用T日收盘价作为成交价。账本字段：signal_date, entry_date, entry_price, exit_date, exit_price。"
002202.SZ,金风科技,观望,0%,常规,0.0,观望　仓位 0%,,,,,,"T日收盘生成信号，T+1日开盘成交。禁止使用T日收盘价作为成交价。账本字段：signal_date, entry_date, entry_price, exit_date, exit_price。"
002230.SZ,科大讯飞,观望,0%,常规,0.0,观望　仓位 0%,,,,,,"T日收盘生成信号，T+1日开盘成交。禁止使用T日收盘价作为成交价。账本字段：signal_date, entry_date, entry_price, exit_date, exit_price。"
002236.SZ,大华股份,观望,0%,常规,0.0,观望　仓位 0%,,,,,,"T日收盘生成信号，T+1日开盘成交。禁止使用T日收盘价作为成交价。账本字段：signal_date, entry_date, entry_price, exit_date, exit_price。"
002241.SZ,歌尔股份,观望,0%,常规,0.0,观望　仓位 0%,,,,,,"T日收盘生成信号，T+1日开盘成交。禁止使用T日收盘价作为成交价。账本字段：signal_date, entry_date, entry_price, exit_date, exit_price。"
002304.SZ,洋河股份,观望,0%,常规,0.0,观望　仓位 0%,,,,,,"T日收盘生成信号，T+1日开盘成交。禁止使用T日收盘价作为成交价。账本字段：signal_date, entry_date, entry_price, exit_date, exit_price。"
002311.SZ,海大集团,观望,0%,常规,0.0,观望　仓位 0%,,,,,,"T日收盘生成信号，T+1日开盘成交。禁止使用T日收盘价作为成交价。账本字段：signal_date, entry_date, entry_price, exit_date, exit_price。"
002352.SZ,顺丰控股,观望,0%,常规,0.0,观望　仓位 0%,,,,,,"T日收盘生成信号，T+1日开盘成交。禁止使用T日收盘价作为成交价。账本字段：signal_date, entry_date, entry_price, exit_date, exit_price。"
002353.SZ,杰瑞股份,观望,0%,常规,0.0,观望　仓位 0%,,,,,,"T日收盘生成信号，T+1日开盘成交。禁止使用T日收盘价作为成交价。账本字段：signal_date, entry_date, entry_price, exit_date, exit_price。"
002371.SZ,北方华创,观望,0%,常规,0.0,观望　仓位 0%,,,,,,"T日收盘生成信号，T+1日开盘成交。禁止使用T日收盘价作为成交价。账本字段：signal_date, entry_date, entry_price, exit_date, exit_price。"
002384.SZ,东山精密,观望,0%,常规,0.0,观望　仓位 0%,,,,,,"T日收盘生成信号，T+1日开盘成交。禁止使用T日收盘价作为成交价。账本字段：signal_date, entry_date, entry_price, exit_date, exit_price。"
002460.SZ,赣锋锂业,观望,0%,常规,0.0,观望　仓位 0%,,,,,,"T日收盘生成信号，T+1日开盘成交。禁止使用T日收盘价作为成交价。账本字段：signal_date, entry_date, entry_price, exit_date, exit_price。"
002415.SZ,海康威视,观望,0%,常规,0.0,观望　仓位 0%,,,,,,"T日收盘生成信号，T+1日开盘成交。禁止使用T日收盘价作为成交价。账本字段：signal_date, entry_date, entry_price, exit_date, exit_price。"
002422.SZ,科伦药业,观望,0%,常规,0.0,观望　仓位 0%,,,,,,"T日收盘生成信号，T+1日开盘成交。禁止使用T日收盘价作为成交价。账本字段：signal_date, entry_date, entry_price, exit_date, exit_price。"
002463.SZ,沪电股份,观望,0%,常规,0.0,观望　仓位 0%,,,,,,"T日收盘生成信号，T+1日开盘成交。禁止使用T日收盘价作为成交价。账本字段：signal_date, entry_date, entry_price, exit_date, exit_price。"
002466.SZ,天齐锂业,观望,0%,常规,0.0,观望　仓位 0%,,,,,,"T日收盘生成信号，T+1日开盘成交。禁止使用T日收盘价作为成交价。账本字段：signal_date, entry_date, entry_price, exit_date, exit_price。"
002475.SZ,立讯精密,观望,0%,常规,0.0,观望　仓位 0%,,,,,,"T日收盘生成信号，T+1日开盘成交。禁止使用T日收盘价作为成交价。账本字段：signal_date, entry_date, entry_price, exit_date, exit_price。"
002493.SZ,荣盛石化,观望,0%,常规,0.0,观望　仓位 0%,,,,,,"T日收盘生成信号，T+1日开盘成交。禁止使用T日收盘价作为成交价。账本字段：signal_date, entry_date, entry_price, exit_date, exit_price。"
002532.SZ,天山铝业,观望,0%,常规,0.0,观望　仓位 0%,,,,,,"T日收盘生成信号，T+1日开盘成交。禁止使用T日收盘价作为成交价。账本字段：signal_date, entry_date, entry_price, exit_date, exit_price。"
002594.SZ,比亚迪,观望,0%,常规,0.0,观望　仓位 0%,,,,,,"T日收盘生成信号，T+1日开盘成交。禁止使用T日收盘价作为成交价。账本字段：signal_date, entry_date, entry_price, exit_date, exit_price。"
002600.SZ,领益智造,观望,0%,常规,0.0,观望　仓位 0%,,,,,,"T日收盘生成信号，T+1日开盘成交。禁止使用T日收盘价作为成交价。账本字段：signal_date, entry_date, entry_price, exit_date, exit_price。"
002558.SZ,巨人网络,观望,0%,常规,0.0,观望　仓位 0%,,,,,,"T日收盘生成信号，T+1日开盘成交。禁止使用T日收盘价作为成交价。账本字段：signal_date, entry_date, entry_price, exit_date, exit_price。"
002602.SZ,世纪华通,观望,0%,常规,0.0,观望　仓位 0%,,,,,,"T日收盘生成信号，T+1日开盘成交。禁止使用T日收盘价作为成交价。账本字段：signal_date, entry_date, entry_price, exit_date, exit_price。"
002625.SZ,光启技术,观望,0%,常规,0.0,观望　仓位 0%,,,,,,"T日收盘生成信号，T+1日开盘成交。禁止使用T日收盘价作为成交价。账本字段：signal_date, entry_date, entry_price, exit_date, exit_price。"
002648.SZ,卫星化学,观望,0%,常规,0.0,观望　仓位 0%,,,,,,"T日收盘生成信号，T+1日开盘成交。禁止使用T日收盘价作为成交价。账本字段：signal_date, entry_date, entry_price, exit_date, exit_price。"
002709.SZ,天赐材料,观望,0%,常规,0.0,观望　仓位 0%,,,,,,"T日收盘生成信号，T+1日开盘成交。禁止使用T日收盘价作为成交价。账本字段：signal_date, entry_date, entry_price, exit_date, exit_price。"
002714.SZ,牧原股份,观望,0%,常规,0.0,观望　仓位 0%,,,,,,"T日收盘生成信号，T+1日开盘成交。禁止使用T日收盘价作为成交价。账本字段：signal_date, entry_date, entry_price, exit_date, exit_price。"
002736.SZ,国信证券,观望,0%,常规,0.0,观望　仓位 0%,,,,,,"T日收盘生成信号，T+1日开盘成交。禁止使用T日收盘价作为成交价。账本字段：signal_date, entry_date, entry_price, exit_date, exit_price。"
002837.SZ,英维克,观望,0%,常规,0.0,观望　仓位 0%,,,,,,"T日收盘生成信号，T+1日开盘成交。禁止使用T日收盘价作为成交价。账本字段：signal_date, entry_date, entry_price, exit_date, exit_price。"
002916.SZ,深南电路,观望,0%,常规,0.0,观望　仓位 0%,,,,,,"T日收盘生成信号，T+1日开盘成交。禁止使用T日收盘价作为成交价。账本字段：signal_date, entry_date, entry_price, exit_date, exit_price。"
002920.SZ,德赛西威,观望,0%,常规,0.0,观望　仓位 0%,,,,,,"T日收盘生成信号，T+1日开盘成交。禁止使用T日收盘价作为成交价。账本字段：signal_date, entry_date, entry_price, exit_date, exit_price。"
003816.SZ,中国广核,观望,0%,常规,0.0,观望　仓位 0%,2026-08-17,,,,,"T日收盘生成信号，T+1日开盘成交。禁止使用T日收盘价作为成交价。账本字段：signal_date, entry_date, entry_price, exit_date, exit_price。"
002938.SZ,鹏鼎控股,观望,0%,常规,0.0,观望　仓位 0%,,,,,,"T日收盘生成信号，T+1日开盘成交。禁止使用T日收盘价作为成交价。账本字段：signal_date, entry_date, entry_price, exit_date, exit_price。"
300014.SZ,亿纬锂能,观望,0%,常规,0.0,观望　仓位 0%,,,,,,"T日收盘生成信号，T+1日开盘成交。禁止使用T日收盘价作为成交价。账本字段：signal_date, entry_date, entry_price, exit_date, exit_price。"
300015.SZ,爱尔眼科,观望,0%,常规,0.0,观望　仓位 0%,,,,,,"T日收盘生成信号，T+1日开盘成交。禁止使用T日收盘价作为成交价。账本字段：signal_date, entry_date, entry_price, exit_date, exit_price。"
300033.SZ,同花顺,观望,0%,常规,0.0,观望　仓位 0%,,,,,,"T日收盘生成信号，T+1日开盘成交。禁止使用T日收盘价作为成交价。账本字段：signal_date, entry_date, entry_price, exit_date, exit_price。"
300122.SZ,智飞生物,观望,0%,常规,0.0,观望　仓位 0%,,,,,,"T日收盘生成信号，T+1日开盘成交。禁止使用T日收盘价作为成交价。账本字段：signal_date, entry_date, entry_price, exit_date, exit_price。"
300059.SZ,东方财富,观望,0%,常规,0.0,观望　仓位 0%,,,,,,"T日收盘生成信号，T+1日开盘成交。禁止使用T日收盘价作为成交价。账本字段：signal_date, entry_date, entry_price, exit_date, exit_price。"
300124.SZ,汇川技术,观望,0%,常规,0.0,观望　仓位 0%,,,,,,"T日收盘生成信号，T+1日开盘成交。禁止使用T日收盘价作为成交价。账本字段：signal_date, entry_date, entry_price, exit_date, exit_price。"
300274.SZ,阳光电源,观望,0%,常规,0.0,观望　仓位 0%,,,,,,"T日收盘生成信号，T+1日开盘成交。禁止使用T日收盘价作为成交价。账本字段：signal_date, entry_date, entry_price, exit_date, exit_price。"
300251.SZ,光线传媒,观望,0%,常规,0.0,观望　仓位 0%,,,,,,"T日收盘生成信号，T+1日开盘成交。禁止使用T日收盘价作为成交价。账本字段：signal_date, entry_date, entry_price, exit_date, exit_price。"
300308.SZ,中际旭创,观望,0%,常规,0.0,观望　仓位 0%,,,,,,"T日收盘生成信号，T+1日开盘成交。禁止使用T日收盘价作为成交价。账本字段：signal_date, entry_date, entry_price, exit_date, exit_price。"
300394.SZ,天孚通信,观望,0%,常规,0.0,观望　仓位 0%,,,,,,"T日收盘生成信号，T+1日开盘成交。禁止使用T日收盘价作为成交价。账本字段：signal_date, entry_date, entry_price, exit_date, exit_price。"
300316.SZ,晶盛机电,观望,0%,常规,0.0,观望　仓位 0%,,,,,,"T日收盘生成信号，T+1日开盘成交。禁止使用T日收盘价作为成交价。账本字段：signal_date, entry_date, entry_price, exit_date, exit_price。"
300408.SZ,三环集团,观望,0%,常规,0.0,观望　仓位 0%,,,,,,"T日收盘生成信号，T+1日开盘成交。禁止使用T日收盘价作为成交价。账本字段：signal_date, entry_date, entry_price, exit_date, exit_price。"
300413.SZ,芒果超媒,观望,0%,常规,0.0,观望　仓位 0%,,,,,,"T日收盘生成信号，T+1日开盘成交。禁止使用T日收盘价作为成交价。账本字段：signal_date, entry_date, entry_price, exit_date, exit_price。"
300418.SZ,昆仑万维,观望,0%,常规,0.0,观望　仓位 0%,,,,,,"T日收盘生成信号，T+1日开盘成交。禁止使用T日收盘价作为成交价。账本字段：signal_date, entry_date, entry_price, exit_date, exit_price。"
300442.SZ,润泽科技,观望,0%,常规,0.0,观望　仓位 0%,,,,,,"T日收盘生成信号，T+1日开盘成交。禁止使用T日收盘价作为成交价。账本字段：signal_date, entry_date, entry_price, exit_date, exit_price。"
300433.SZ,蓝思科技,观望,0%,常规,0.0,观望　仓位 0%,,,,,,"T日收盘生成信号，T+1日开盘成交。禁止使用T日收盘价作为成交价。账本字段：signal_date, entry_date, entry_price, exit_date, exit_price。"
300450.SZ,先导智能,观望,0%,常规,0.0,观望　仓位 0%,,,,,,"T日收盘生成信号，T+1日开盘成交。禁止使用T日收盘价作为成交价。账本字段：signal_date, entry_date, entry_price, exit_date, exit_price。"
300498.SZ,温氏股份,观望,0%,常规,0.0,观望　仓位 0%,,,,,,"T日收盘生成信号，T+1日开盘成交。禁止使用T日收盘价作为成交价。账本字段：signal_date, entry_date, entry_price, exit_date, exit_price。"
300476.SZ,胜宏科技,观望,0%,常规,0.0,观望　仓位 0%,,,,,,"T日收盘生成信号，T+1日开盘成交。禁止使用T日收盘价作为成交价。账本字段：signal_date, entry_date, entry_price, exit_date, exit_price。"
300628.SZ,亿联网络,观望,0%,常规,0.0,观望　仓位 0%,,,,,,"T日收盘生成信号，T+1日开盘成交。禁止使用T日收盘价作为成交价。账本字段：signal_date, entry_date, entry_price, exit_date, exit_price。"
300502.SZ,新易盛,观望,0%,常规,0.0,观望　仓位 0%,,,,,,"T日收盘生成信号，T+1日开盘成交。禁止使用T日收盘价作为成交价。账本字段：signal_date, entry_date, entry_price, exit_date, exit_price。"
300661.SZ,圣邦股份,观望,0%,常规,0.0,观望　仓位 0%,,,,,,"T日收盘生成信号，T+1日开盘成交。禁止使用T日收盘价作为成交价。账本字段：signal_date, entry_date, entry_price, exit_date, exit_price。"
300760.SZ,迈瑞医疗,观望,0%,常规,0.0,观望　仓位 0%,,,,,,"T日收盘生成信号，T+1日开盘成交。禁止使用T日收盘价作为成交价。账本字段：signal_date, entry_date, entry_price, exit_date, exit_price。"
300750.SZ,宁德时代,观望,0%,常规,0.0,观望　仓位 0%,,,,,,"T日收盘生成信号，T+1日开盘成交。禁止使用T日收盘价作为成交价。账本字段：signal_date, entry_date, entry_price, exit_date, exit_price。"
300803.SZ,指南针,观望,0%,常规,0.0,观望　仓位 0%,,,,,,"T日收盘生成信号，T+1日开盘成交。禁止使用T日收盘价作为成交价。账本字段：signal_date, entry_date, entry_price, exit_date, exit_price。"
300832.SZ,新产业,观望,0%,常规,0.0,观望　仓位 0%,,,,,,"T日收盘生成信号，T+1日开盘成交。禁止使用T日收盘价作为成交价。账本字段：signal_date, entry_date, entry_price, exit_date, exit_price。"
300866.SZ,安克创新,观望,0%,常规,0.0,观望　仓位 0%,,,,,,"T日收盘生成信号，T+1日开盘成交。禁止使用T日收盘价作为成交价。账本字段：signal_date, entry_date, entry_price, exit_date, exit_price。"
301165.SZ,锐捷网络,观望,0%,常规,0.0,观望　仓位 0%,,,,,,"T日收盘生成信号，T+1日开盘成交。禁止使用T日收盘价作为成交价。账本字段：signal_date, entry_date, entry_price, exit_date, exit_price。"
300999.SZ,金龙鱼,观望,0%,常规,0.0,观望　仓位 0%,,,,,,"T日收盘生成信号，T+1日开盘成交。禁止使用T日收盘价作为成交价。账本字段：signal_date, entry_date, entry_price, exit_date, exit_price。"
300896.SZ,爱美客,观望,0%,常规,0.0,观望　仓位 0%,,,,,,"T日收盘生成信号，T+1日开盘成交。禁止使用T日收盘价作为成交价。账本字段：signal_date, entry_date, entry_price, exit_date, exit_price。"
301236.SZ,软通动力,观望,0%,常规,0.0,观望　仓位 0%,,,,,,"T日收盘生成信号，T+1日开盘成交。禁止使用T日收盘价作为成交价。账本字段：signal_date, entry_date, entry_price, exit_date, exit_price。"
301269.SZ,华大九天,观望,0%,常规,0.0,观望　仓位 0%,,,,,,"T日收盘生成信号，T+1日开盘成交。禁止使用T日收盘价作为成交价。账本字段：signal_date, entry_date, entry_price, exit_date, exit_price。"
301308.SZ,江波龙,观望,0%,常规,0.0,观望　仓位 0%,,,,,,"T日收盘生成信号，T+1日开盘成交。禁止使用T日收盘价作为成交价。账本字段：signal_date, entry_date, entry_price, exit_date, exit_price。"
302132.SZ,中航成飞,观望,0%,常规,0.0,观望　仓位 0%,,,,,,"T日收盘生成信号，T+1日开盘成交。禁止使用T日收盘价作为成交价。账本字段：signal_date, entry_date, entry_price, exit_date, exit_price。"
