ts_code,signal_date,entry_date,entry_price,exit_date,exit_price,signal_pos
600036.SH,2011-01-04,2011-01-05,6.69175953,2011-01-18,6.55782131,1.0
600036.SH,2011-05-27,2011-05-30,7.10387713,2011-07-22,6.67103508,1.0
600036.SH,2014-09-24,2014-09-25,6.6312864,2014-12-03,7.94509056,1.0
600036.SH,2015-03-09,2015-03-10,9.02228544,2015-04-20,11.6436672,1.0
600036.SH,2017-09-12,2017-09-13,18.37331464,2018-05-31,19.72838134,1.0
600036.SH,2019-09-04,2019-09-05,25.8122058,2020-03-20,21.958428,1.0
600036.SH,2021-12-06,2021-12-07,40.73516496,2022-03-10,35.5234944,1.0
600036.SH,2025-09-23,2025-09-24,39.3776485,2026-01-15,38.05873449,1.0
600039.SH,2024-05-06,2024-05-07,6.16015162,2024-07-22,6.3864407,1.0
600039.SH,2025-01-24,2025-01-27,6.44221506,2025-10-14,7.85323224,1.0
600015.SH,2012-03-22,2012-03-23,3.0354611,2012-05-14,3.02706812,1.0
600015.SH,2014-09-24,2014-09-25,3.5208445,2014-12-03,4.63094606,1.0
600015.SH,2015-03-09,2015-03-10,4.90847145,2015-04-14,6.12626943,1.0
600015.SH,2016-12-05,2016-12-06,6.15009564,2017-05-09,5.36080688,1.0
600015.SH,2020-10-12,2020-10-13,4.37109883,2020-11-04,4.3500502,1.0
600015.SH,2021-11-11,2021-11-12,4.12318959,2021-11-17,4.08630954,1.0
600015.SH,2022-08-09,2022-08-10,4.02977792,2022-11-02,3.80152878,1.0
600015.SH,2025-02-26,2025-02-27,6.54176764,2025-10-14,6.19485701,1.0
600015.SH,2026-07-02,2026-07-03,6.29256694,2026-08-17,6.59,1.0
600085.SH,2014-11-11,2014-11-12,16.1327038,2014-12-09,19.369575,1.0
600085.SH,2017-12-05,2017-12-06,29.14279291,2018-03-02,28.29781915,1.0
600085.SH,2025-03-03,2025-03-04,35.2995171,2025-03-13,34.932819,1.0
600085.SH,2025-09-08,2025-09-09,34.93737844,2025-09-12,34.5851674,1.0
600089.SH,2025-01-14,2025-01-15,11.8560684,2025-02-05,11.54761784,1.0
600188.SH,2019-06-10,2019-06-11,2.9578827,2019-08-08,2.7384552,1.0
600188.SH,2019-11-25,2019-11-26,3.21998124,2020-03-02,2.88922788,1.0
600188.SH,2024-12-03,2024-12-04,13.74621825,2025-02-05,12.62788185,1.0
600031.SH,2014-11-24,2014-11-25,5.3400576,2014-12-02,5.55699744,1.0
600031.SH,2014-12-18,2014-12-19,7.24245312,2014-12-23,7.926648,1.0
600031.SH,2016-10-28,2016-10-31,5.01837414,2016-11-15,5.74847205,1.0
600031.SH,2016-11-25,2016-11-28,5.55545766,2017-02-13,6.15967662,1.0
600031.SH,2017-02-22,2017-02-23,6.26877171,2017-06-27,6.93173418,1.0
600031.SH,2018-03-29,2018-03-30,6.64640976,2018-11-26,6.6883206,1.0
600031.SH,2019-03-29,2019-04-01,11.16435054,2019-04-15,11.70456105,1.0
600031.SH,2019-06-28,2019-07-01,11.4044441,2020-01-03,15.63461172,1.0
600031.SH,2020-07-01,2020-07-02,16.94624022,2020-08-05,19.42802085,1.0
600031.SH,2020-11-20,2020-11-23,25.9040278,2020-11-25,26.60774795,1.0
600031.SH,2020-12-11,2020-12-14,27.71232135,2020-12-16,27.970649,1.0
600031.SH,2020-12-30,2020-12-31,30.7320825,2021-01-05,30.74099035,1.0
600031.SH,2023-04-17,2023-04-18,16.22068056,2023-05-31,14.06227979,1.0
600031.SH,2024-05-16,2024-05-17,16.02665467,2024-10-11,17.6239616,1.0
600031.SH,2024-12-23,2024-12-24,15.62210944,2026-05-20,19.13647932,1.0
600050.SH,2011-05-27,2011-05-30,4.34069316,2011-06-10,4.33291414,1.0
600050.SH,2017-03-16,2017-03-17,6.3772181,2017-12-14,5.827745,1.0
600050.SH,2019-11-19,2019-11-20,4.9305789,2020-02-10,4.48387688,1.0
600050.SH,2020-10-09,2020-10-12,4.20605415,2020-11-03,4.01836005,1.0
600050.SH,2024-06-14,2024-06-17,4.1886585,2024-10-11,5.03216185,1.0
600104.SH,2019-11-26,2019-11-27,19.11287464,2019-11-29,18.8109206,1.0
600104.SH,2022-09-06,2022-09-07,14.19034162,2022-09-20,13.91354692,1.0
600104.SH,2024-06-03,2024-06-04,13.52047144,2024-07-10,12.6518378,1.0
600016.SH,2011-06-13,2011-06-14,2.08213334,2012-07-25,2.2098,1.0
600016.SH,2014-09-24,2014-09-25,3.0976848,2014-12-03,3.97290368,1.0
600016.SH,2016-05-31,2016-06-01,4.6054632,2017-02-28,4.70199328,1.0
600016.SH,2020-10-12,2020-10-13,3.94592433,2020-10-28,3.90918388,1.0
600016.SH,2025-04-01,2025-04-02,3.71224436,2025-07-14,5.1164286,1.0
600010.SH,2014-11-24,2014-11-25,2.16621042,2014-12-01,2.21560284,1.0
600010.SH,2014-12-18,2014-12-19,3.08349822,2015-01-27,3.66209514,1.0
600010.SH,2015-02-02,2015-02-03,3.75382392,2015-02-09,3.3163482,1.0
600010.SH,2015-03-06,2015-03-09,3.61270272,2015-03-20,4.41709356,1.0
600010.SH,2015-05-22,2015-05-25,4.8686814,2015-05-27,5.01685866,1.0
600010.SH,2015-06-11,2015-06-12,5.05919502,2015-06-16,4.92512988,1.0
600010.SH,2021-01-18,2021-01-19,1.15075712,2021-02-26,1.3888448,1.0
600010.SH,2025-12-17,2025-12-18,2.34,2026-06-18,2.39,1.0
600030.SH,2017-11-07,2017-11-08,13.6766376,2018-01-26,17.4314679,1.0
600030.SH,2019-10-25,2019-10-28,17.92822818,2020-02-25,19.91935053,1.0
600030.SH,2020-10-29,2020-10-30,24.23996832,2020-12-17,23.54645424,1.0
600030.SH,2023-03-17,2023-03-20,18.44037216,2023-12-19,19.08425547,1.0
600023.SH,2017-05-08,2017-05-09,3.73571885,2017-11-02,3.79855448,1.0
600023.SH,2018-12-03,2018-12-04,3.3876495,2018-12-17,3.3581275,1.0
600023.SH,2020-11-02,2020-11-03,2.96652882,2021-01-08,2.87737085,1.0
600023.SH,2023-04-10,2023-04-11,3.23386125,2023-04-28,3.7943972,1.0
600023.SH,2023-08-14,2023-08-15,4.09622425,2023-09-28,3.66504275,1.0
600023.SH,2025-09-08,2025-09-09,4.8373435,2025-10-09,4.69645,1.0
600011.SH,2010-03-17,2010-03-18,4.25498875,2011-01-05,3.39350453,1.0
600011.SH,2012-03-09,2012-03-12,3.43044224,2013-06-06,4.04134752,1.0
600011.SH,2017-08-17,2017-08-18,5.68553096,2017-09-06,5.6774778,1.0
600011.SH,2024-11-29,2024-12-02,6.3366017,2024-12-30,6.25442675,1.0
600011.SH,2025-10-09,2025-10-10,6.8689255,2026-02-10,6.59416848,1.0
600111.SH,2014-10-28,2014-10-29,13.4870589,2014-12-05,15.99954174,1.0
600111.SH,2025-09-11,2025-09-12,50.510206,2025-10-16,53.2226988,1.0
600111.SH,2025-10-24,2025-10-27,51.158412,2026-06-12,48.2,1.0
600196.SH,2023-02-14,2023-02-15,32.33632765,2023-03-28,30.57511039,1.0
600009.SH,2010-12-30,2010-12-31,10.00378962,2011-07-04,10.4189184,1.0
600009.SH,2019-10-17,2019-10-18,76.76514092,2019-11-29,73.10920228,1.0
600009.SH,2023-03-30,2023-03-31,54.3329798,2023-04-27,51.32629711,1.0
600009.SH,2025-01-14,2025-01-15,32.258265,2025-02-21,31.654943,1.0
600009.SH,2025-12-18,2025-12-19,32.65824735,2026-02-13,30.6708699,1.0
600025.SH,2019-03-19,2019-03-20,3.03378984,2019-04-03,3.48563088,1.0
600025.SH,2019-04-16,2019-04-17,3.34846485,2019-12-13,3.58744815,1.0
600025.SH,2020-12-25,2020-12-28,4.00234689,2021-03-16,4.76968137,1.0
600025.SH,2022-09-02,2022-09-05,6.84742165,2022-11-15,5.95587816,1.0
600025.SH,2025-09-02,2025-09-03,9.0935586,2025-09-23,8.98600038,1.0
600025.SH,2026-05-19,2026-05-20,9.6802398,2026-07-06,9.17,1.0
600066.SH,2025-12-11,2025-12-12,31.65170949,2026-04-07,34.4142805,1.0
600027.SH,2022-09-19,2022-09-20,5.55667516,2023-09-05,4.3881117,1.0
600027.SH,2024-03-25,2024-03-26,5.88365181,2024-04-15,6.68067618,1.0
600219.SH,2013-04-09,2013-04-10,1.6265064,2013-05-09,1.5932602,1.0
600219.SH,2016-10-10,2016-10-11,2.00723166,2016-11-16,2.45937258,1.0
600219.SH,2017-12-18,2017-12-19,2.46099384,2017-12-21,2.44708992,1.0
600219.SH,2026-03-12,2026-03-13,7.4374254,2026-06-04,5.18,1.0
600150.SH,2010-03-19,2010-03-22,32.106795,2010-07-05,24.48480375,1.0
600150.SH,2010-09-27,2010-09-28,26.34328872,2011-02-09,34.7186126,1.0
600150.SH,2025-12-09,2025-12-10,33.94783844,2025-12-17,32.31620624,1.0
600118.SH,2016-10-10,2016-10-11,31.61231714,2016-11-09,30.85455416,1.0
600118.SH,2017-11-22,2017-11-23,25.7526984,2017-12-04,24.86501069,1.0
600183.SH,2016-12-07,2016-12-08,6.35344825,2017-11-14,9.60198825,1.0
600029.SH,2017-08-01,2017-08-02,8.01698078,2017-10-23,8.10518717,1.0
600029.SH,2021-01-26,2021-01-27,5.65,2021-03-25,6.7,1.0
600048.SH,2017-11-29,2017-11-30,9.338368,2018-01-04,10.46615552,1.0
600048.SH,2020-11-05,2020-11-06,12.99487208,2020-12-30,12.79970504,1.0
600048.SH,2025-02-07,2025-02-10,8.1690252,2025-02-18,8.24682544,1.0
600018.SH,2010-12-30,2010-12-31,2.33811318,2011-01-05,2.34424996,1.0
600018.SH,2016-10-10,2016-10-11,3.8846808,2016-12-27,3.8099754,1.0
600018.SH,2020-10-09,2020-10-12,3.50292645,2021-09-10,5.26995554,1.0
600018.SH,2023-04-12,2023-04-13,4.89707025,2023-09-12,4.61117861,1.0
600018.SH,2024-05-20,2024-05-21,5.32877185,2024-12-09,5.49675415,1.0
600018.SH,2025-09-08,2025-09-09,5.401116,2025-12-15,5.31431235,1.0
600061.SH,2017-10-24,2017-10-25,9.10099288,2017-11-29,8.38764072,1.0
600061.SH,2020-04-28,2020-04-29,6.7905508,2020-05-25,6.8196698,1.0
600026.SH,2013-05-06,2013-05-07,3.44735008,2013-05-15,3.43097312,1.0
600026.SH,2017-11-07,2017-11-08,5.3276414,2017-11-20,5.06125933,1.0
600026.SH,2022-08-01,2022-08-02,12.27314285,2022-08-04,11.38549119,1.0
600026.SH,2024-05-20,2024-05-21,15.99727648,2024-08-29,13.3224968,1.0
600026.SH,2025-09-01,2025-09-02,10.41809985,2025-09-11,11.70452565,1.0
600026.SH,2025-10-10,2025-10-13,11.9871495,2026-01-28,15.11550315,1.0
600019.SH,2011-05-03,2011-05-04,3.47849321,2011-06-20,3.07122496,1.0
600019.SH,2014-10-29,2014-10-30,2.4669578,2014-12-03,3.1595376,1.0
600019.SH,2021-06-23,2021-06-24,5.73202959,2021-07-30,5.53305393,1.0
600000.SH,2015-03-09,2015-03-10,6.44452984,2015-04-13,8.09616563,1.0
600000.SH,2019-08-09,2019-08-12,8.28933391,2020-02-12,7.93083668,1.0
600000.SH,2020-10-12,2020-10-13,7.39059638,2020-10-28,7.31345028,1.0
600000.SH,2021-03-30,2021-03-31,8.49378561,2021-06-28,7.76089766,1.0
600000.SH,2024-07-29,2024-07-30,7.91471828,2024-10-10,9.32342692,1.0
600000.SH,2025-08-22,2025-08-25,13.2729293,2025-11-14,11.08623807,1.0
600028.SH,2011-01-04,2011-01-05,2.70795975,2011-06-07,2.6248935,1.0
600028.SH,2012-03-13,2012-03-14,2.59201342,2012-05-15,2.40369012,1.0
600028.SH,2013-05-17,2013-05-20,2.43304712,2013-06-18,2.28254936,1.0
600028.SH,2014-10-28,2014-10-29,2.6162091,2014-12-09,3.2278572,1.0
600028.SH,2017-03-16,2017-03-17,3.08621928,2018-01-18,4.03288905,1.0
600028.SH,2021-04-29,2021-04-30,3.0255372,2021-08-09,2.89247508,1.0
600028.SH,2023-04-17,2023-04-18,5.3396082,2023-04-26,5.4577038,1.0
600028.SH,2023-07-13,2023-07-14,5.78340525,2023-10-13,5.158259,1.0
600028.SH,2025-10-09,2025-10-10,5.22180978,2026-03-05,7.08953575,1.0
600115.SH,2017-10-18,2017-10-19,6.56076927,2017-12-28,7.93372547,1.0
600115.SH,2021-07-07,2021-07-08,4.98,2021-07-29,4.7,1.0
600115.SH,2022-09-06,2022-09-07,4.91,2023-04-26,5.09,1.0
600115.SH,2024-07-11,2024-07-12,3.91,2024-09-26,3.58,1.0
600176.SH,2016-11-10,2016-11-11,5.582739,2016-12-22,5.085846,1.0
600176.SH,2017-09-11,2017-09-12,6.17947831,2017-10-30,7.68097788,1.0
600176.SH,2019-06-11,2019-06-12,6.93040608,2019-07-16,6.84078876,1.0
600176.SH,2023-03-20,2023-03-21,13.4565744,2023-07-11,13.1151921,1.0
600176.SH,2025-01-27,2025-02-05,10.8112928,2025-09-01,16.0526964,1.0
600160.SH,2014-09-19,2014-09-22,3.9405814,2014-11-07,4.7760636,1.0
600160.SH,2014-11-12,2014-11-13,4.6576488,2015-03-05,5.1839368,1.0
600160.SH,2015-03-16,2015-03-17,5.361559,2015-03-23,5.4207664,1.0
600160.SH,2015-04-13,2015-04-14,6.1904626,2015-05-25,7.0325234,1.0
600160.SH,2015-06-01,2015-06-02,7.75985707,2015-06-04,7.7664951,1.0
600160.SH,2015-12-14,2015-12-15,13.59468544,2016-03-17,6.81061878,1.0
600160.SH,2016-11-28,2016-11-29,7.47107442,2017-05-03,9.4562073,1.0
600160.SH,2019-06-11,2019-06-12,6.55937425,2019-08-27,6.54102635,1.0
600160.SH,2021-02-18,2021-02-19,9.20264815,2021-02-25,9.08119188,1.0
600160.SH,2021-04-08,2021-04-09,8.65142354,2021-06-07,9.79124392,1.0
600160.SH,2025-02-18,2025-02-19,24.618486,2025-05-19,25.664625,1.0
600276.SH,2016-05-31,2016-06-01,13.6939833,2017-11-08,31.00943296,1.0
600221.SH,2019-06-11,2019-06-12,2.02,2019-07-12,1.99,1.0
600221.SH,2023-03-24,2023-03-27,1.76,2023-05-08,1.7,1.0
600406.SH,2025-09-08,2025-09-09,21.62974792,2026-03-06,28.6331163,1.0
600372.SH,2017-10-26,2017-10-27,15.17184448,2017-11-21,13.41869568,1.0
600372.SH,2024-07-11,2024-07-12,11.6551786,2024-09-13,10.43039712,1.0
600372.SH,2025-12-01,2025-12-02,12.2431848,2026-01-09,16.09521375,1.0
600233.SH,2014-09-23,2014-09-24,5.20954035,2015-04-09,9.51551727,1.0
600233.SH,2016-09-07,2016-09-08,20.14232885,2016-09-12,19.141738,1.0
600233.SH,2016-10-17,2016-10-18,28.82571727,2016-10-24,31.27063926,1.0
600233.SH,2018-01-02,2018-01-03,14.89577862,2018-01-12,14.79933744,1.0
600362.SH,2014-10-28,2014-10-29,10.9283157,2014-12-08,14.25254925,1.0
600362.SH,2023-03-17,2023-03-20,16.91159795,2023-11-17,16.38106758,1.0
600362.SH,2024-12-23,2024-12-24,19.55965935,2025-09-05,27.74372875,1.0
600362.SH,2025-09-12,2025-09-15,29.79159625,2025-09-17,28.99195275,1.0
600362.SH,2025-10-24,2025-10-27,39.2995525,2025-10-29,38.66568875,1.0
600362.SH,2026-01-13,2026-01-14,56.7793152,2026-01-16,61.12648152,1.0
600346.SH,2012-11-01,2012-11-02,1.56819546,2012-11-09,1.49947954,1.0
600346.SH,2013-11-04,2013-11-05,1.47739228,2014-03-31,1.96576614,1.0
600346.SH,2024-07-11,2024-07-12,13.475587,2024-08-21,12.78282795,1.0
600415.SH,2017-03-15,2017-03-16,6.48067446,2017-04-18,6.4215288,1.0
600415.SH,2023-02-13,2023-02-14,4.59600812,2023-04-14,6.9939254,1.0
600438.SH,2014-09-24,2014-09-25,3.87595841,2014-12-29,3.66753045,1.0
600426.SH,2023-04-17,2023-04-18,23.9281326,2023-05-24,20.86365246,1.0
600426.SH,2024-07-11,2024-07-12,19.3783128,2024-08-08,16.9560237,1.0
600426.SH,2025-11-27,2025-11-28,21.3962954,2026-01-08,25.00549256,1.0
600426.SH,2026-02-03,2026-02-04,27.9826995,2026-03-04,30.45736,1.0
600436.SH,2020-08-21,2020-08-24,197.32560056,2020-08-31,226.756508,1.0
600460.SH,2014-06-24,2014-06-25,5.626283,2015-01-16,5.78284044,1.0
600460.SH,2015-06-12,2015-06-15,13.1358324,2015-06-17,11.5673748,1.0
600460.SH,2021-04-22,2021-04-23,29.40856849,2021-05-10,32.54852006,1.0
600460.SH,2021-06-04,2021-06-07,40.10619529,2021-06-22,52.23276366,1.0
600460.SH,2021-07-02,2021-07-05,58.34690048,2021-07-06,64.41149,1.0
600519.SH,2010-03-17,2010-03-18,85.468705,2010-07-05,67.9576975,1.0
600519.SH,2011-01-31,2011-02-01,95.62427,2011-04-20,93.1423367,1.0
600519.SH,2014-11-10,2014-11-11,109.3005652,2014-12-26,131.11109276,1.0
600519.SH,2016-09-22,2016-09-23,240.62065432,2017-10-31,511.51676561,1.0
600519.SH,2022-09-09,2022-09-13,1642.4714,2022-10-24,1371.63835,1.0
600519.SH,2024-04-15,2024-04-16,1513.48738966,2024-06-24,1319.916457,1.0
600482.SH,2017-12-27,2017-12-28,23.7054225,2018-02-01,22.85812025,1.0
600482.SH,2025-09-11,2025-09-12,22.09388022,2025-11-10,20.68952436,1.0
600489.SH,2015-04-02,2015-04-03,10.30394592,2015-04-21,10.9138368,1.0
600489.SH,2015-06-15,2015-06-16,13.22500224,2015-06-18,13.39352472,1.0
600489.SH,2017-04-07,2017-04-10,10.4168511,2017-04-25,9.6023648,1.0
600489.SH,2017-10-24,2017-10-25,8.80567296,2017-11-28,8.41870491,1.0
600489.SH,2019-02-12,2019-02-13,7.1269605,2019-11-14,6.82174752,1.0
600547.SH,2017-11-02,2017-11-03,14.7344918,2017-12-07,14.4897328,1.0
600547.SH,2018-05-30,2018-05-31,13.713966,2018-06-21,12.0476454,1.0
600547.SH,2019-04-22,2019-04-23,14.8346772,2019-06-24,19.612446,1.0
600549.SH,2024-07-09,2024-07-10,16.2621144,2024-08-05,16.07819763,1.0
600515.SH,2023-03-17,2023-03-20,4.14,2023-05-26,4.21,1.0
600522.SH,2025-09-05,2025-09-08,16.3004848,2025-10-14,18.87476868,1.0
600522.SH,2026-05-06,2026-05-07,35.8809452,2026-05-11,44.70706136,1.0
600522.SH,2026-06-16,2026-06-17,52.3305198,2026-06-25,63.0152888,1.0
600584.SH,2013-10-21,2013-10-22,6.224544,2014-02-13,8.21834325,1.0
600600.SH,2010-11-24,2010-11-25,28.58286366,2011-01-10,27.64507464,1.0
600600.SH,2012-06-29,2012-07-02,30.3294636,2012-09-14,26.29871832,1.0
600600.SH,2023-02-09,2023-02-10,90.2516072,2023-07-19,90.2922299,1.0
600660.SH,2017-08-01,2017-08-02,17.91798528,2018-03-30,18.24390464,1.0
600660.SH,2025-08-05,2025-08-06,54.03147876,2025-09-08,65.71605204,1.0
600585.SH,2020-09-14,2020-09-15,44.26338588,2020-12-15,38.97395622,1.0
600674.SH,2011-04-28,2011-04-29,3.02349776,2011-06-21,2.73127826,1.0
600674.SH,2013-03-19,2013-03-20,3.12020025,2013-08-29,4.24981953,1.0
600674.SH,2019-10-30,2019-10-31,8.03685231,2020-01-20,7.46337661,1.0
600570.SH,2019-04-16,2019-04-17,28.28570584,2019-09-04,32.2416237,1.0
600570.SH,2019-11-20,2019-11-21,31.4012508,2020-02-04,32.72125116,1.0
600570.SH,2020-02-12,2020-02-13,40.2149178,2020-02-19,40.5018744,1.0
600570.SH,2020-03-03,2020-03-04,42.2646078,2020-05-20,44.478273,1.0
600570.SH,2020-06-08,2020-06-09,45.8380296,2020-06-23,52.20501759,1.0
600690.SH,2013-02-28,2013-03-01,4.82535616,2013-06-06,4.53246656,1.0
600690.SH,2016-09-19,2016-09-20,8.4519938,2016-12-29,7.9590955,1.0
600690.SH,2024-12-02,2024-12-03,27.25505136,2025-02-21,25.27755552,1.0
600690.SH,2026-01-29,2026-01-30,25.38,2026-03-11,24.95,1.0
600741.SH,2022-08-11,2022-08-12,16.74428448,2022-09-22,14.27851656,1.0
600795.SH,2021-07-22,2021-07-23,1.97816448,2021-09-13,2.4727056,1.0
600893.SH,2019-06-19,2019-06-20,21.63878039,2019-08-12,21.36499555,1.0
600893.SH,2025-01-09,2025-01-10,38.7751145,2025-02-24,36.7144088,1.0
600809.SH,2012-06-29,2012-07-02,20.8838597,2012-10-18,24.075227,1.0
600809.SH,2019-12-26,2019-12-27,53.349514,2020-03-11,58.63955,1.0
600809.SH,2025-10-31,2025-11-03,180.71847988,2025-12-24,168.459927,1.0
600845.SH,2010-10-08,2010-10-11,2.7497544,2010-10-21,2.73369744,1.0
600845.SH,2011-05-06,2011-05-09,2.47076472,2011-05-11,2.44667928,1.0
600803.SH,2017-03-02,2017-03-03,10.32915818,2017-04-21,10.21703706,1.0
600803.SH,2020-11-24,2020-11-25,11.90633577,2020-11-30,11.56296056,1.0
600803.SH,2021-01-21,2021-01-22,12.1379144,2021-02-04,14.10234002,1.0
600803.SH,2021-03-22,2021-03-23,14.03845626,2021-09-09,16.8645235,1.0
600803.SH,2025-09-08,2025-09-09,17.2676965,2026-03-24,21.3000706,1.0
600886.SH,2016-11-10,2016-11-11,5.02880835,2017-12-12,5.76826248,1.0
600886.SH,2023-05-22,2023-05-23,11.51802496,2024-10-30,14.6199456,1.0
600886.SH,2026-05-19,2026-05-20,13.22078894,2026-07-02,12.9407284,1.0
600875.SH,2017-04-10,2017-04-11,8.98869147,2017-05-03,8.31518721,1.0
600875.SH,2025-09-25,2025-09-26,18.55864692,2025-11-07,22.0702725,1.0
600918.SH,2022-08-05,2022-08-08,7.02766418,2022-09-20,6.67579226,1.0
600919.SH,2020-11-09,2020-11-10,4.13339667,2020-12-14,4.01162721,1.0
600919.SH,2023-03-22,2023-03-23,5.57433536,2023-11-24,5.73054664,1.0
600919.SH,2025-08-20,2025-08-21,10.66978356,2025-12-17,9.82493415,1.0
600930.SH,2025-11-28,2025-12-01,6.50649482,2026-01-12,6.27906415,1.0
600989.SH,2024-12-23,2024-12-24,14.77449195,2026-01-27,22.4816436,1.0
600941.SH,2024-05-10,2024-05-13,90.3844046,2025-09-23,102.498068,1.0
600999.SH,2022-08-05,2022-08-08,12.3499042,2022-10-25,11.36960765,1.0
600999.SH,2023-03-17,2023-03-20,12.7163702,2023-12-19,12.864159,1.0
600999.SH,2024-07-09,2024-07-10,12.789907,2024-10-08,20.33359866,1.0
600999.SH,2025-10-27,2025-10-28,17.01557591,2025-11-27,15.96861408,1.0
600926.SH,2021-12-07,2021-12-08,11.7511233,2022-10-31,10.5399099,1.0
600926.SH,2025-09-09,2025-09-10,15.32281575,2026-01-21,14.96543028,1.0
600926.SH,2026-06-08,2026-06-09,15.79138044,2026-07-13,15.13,1.0
600958.SH,2017-11-02,2017-11-03,12.4690716,2017-12-25,11.5318538,1.0
600958.SH,2024-12-24,2024-12-25,10.2505251,2025-03-10,9.23505252,1.0
601012.SH,2020-08-27,2020-08-28,31.07223,2020-09-01,31.220193,1.0
601012.SH,2020-10-09,2020-10-12,40.8476522,2020-10-14,39.3976148,1.0
601058.SH,2016-06-15,2016-06-16,2.73004858,2016-08-18,3.4851684,1.0
601006.SH,2010-05-05,2010-05-06,3.6613437,2010-12-28,3.22334082,1.0
601006.SH,2019-03-29,2019-04-01,5.16632391,2019-07-30,5.1588975,1.0
601006.SH,2023-05-18,2023-05-19,6.3460456,2024-05-24,6.14800332,1.0
601006.SH,2025-07-22,2025-07-23,6.2734197,2025-09-02,5.90946558,1.0
601009.SH,2012-03-22,2012-03-23,1.86437586,2012-06-04,1.78412127,1.0
601009.SH,2014-01-13,2014-01-14,1.77937044,2014-01-20,1.74807498,1.0
601009.SH,2014-08-11,2014-08-12,1.9642282,2014-11-04,2.5085324,1.0
601009.SH,2014-11-07,2014-11-10,2.6386921,2014-11-12,2.65525788,1.0
601009.SH,2014-12-16,2014-12-17,3.26345866,2014-12-19,3.36285334,1.0
601009.SH,2017-03-16,2017-03-17,5.41089916,2017-05-23,4.65013214,1.0
601009.SH,2017-11-07,2017-11-08,4.99398375,2017-12-26,5.00687145,1.0
601009.SH,2020-08-28,2020-08-31,6.5787183,2020-12-30,5.87996178,1.0
601009.SH,2025-09-23,2025-09-24,10.39008448,2026-08-17,11.27,1.0
601021.SH,2024-05-16,2024-05-17,52.77929095,2024-07-26,51.21432915,1.0
601021.SH,2025-02-24,2025-02-25,50.250356,2025-04-02,50.3469913,1.0
601018.SH,2013-03-20,2013-03-21,1.82279412,2013-05-14,1.77216095,1.0
601018.SH,2021-05-06,2021-05-07,3.44047278,2021-07-02,3.44047498,1.0
601018.SH,2022-08-11,2022-08-12,3.4142778,2022-09-27,3.3159609,1.0
601018.SH,2025-01-14,2025-01-15,3.42291404,2026-06-09,3.29,1.0
601077.SH,2020-10-09,2020-10-12,3.56119976,2020-11-13,3.13640456,1.0
601077.SH,2025-03-13,2025-03-14,5.25716466,2025-05-16,6.87835804,1.0
601077.SH,2025-08-20,2025-08-21,6.25719836,2025-09-19,6.04799112,1.0
601066.SH,2023-03-23,2023-03-24,25.28548596,2023-06-19,23.3804151,1.0
601066.SH,2025-12-01,2025-12-02,25.01100248,2026-01-29,24.1,1.0
601088.SH,2014-10-28,2014-10-29,6.68719744,2014-12-05,8.55211648,1.0
601088.SH,2016-06-17,2016-06-20,6.37984135,2018-02-06,15.3384516,1.0
601088.SH,2019-08-12,2019-08-13,11.13108885,2019-11-18,10.2964095,1.0
601088.SH,2026-05-14,2026-05-15,44.05358,2026-08-17,44.79,1.0
601138.SH,2019-11-04,2019-11-05,13.26783105,2019-12-18,15.93650295,1.0
601138.SH,2019-12-31,2020-01-02,15.38262765,2020-04-14,11.1446424,1.0
601138.SH,2023-04-06,2023-04-07,17.1903669,2023-05-30,15.9454841,1.0
601138.SH,2023-06-16,2023-06-19,22.4261975,2023-06-21,23.3415525,1.0
601138.SH,2024-06-26,2024-06-27,25.01923368,2024-06-28,25.0473768,1.0
601138.SH,2025-09-05,2025-09-08,54.07435,2025-09-09,49.551768,1.0
601136.SH,2025-11-18,2025-11-19,19.92674739,2025-12-26,18.9473704,1.0
601127.SH,2020-10-09,2020-10-12,8.49409176,2020-11-18,12.3301332,1.0
601127.SH,2025-02-07,2025-02-10,129.5339193,2025-05-26,142.325712,1.0
601117.SH,2010-03-22,2010-03-23,3.72204294,2010-07-08,2.995608,1.0
601117.SH,2017-11-09,2017-11-10,5.2783055,2017-11-17,5.22146221,1.0
601117.SH,2024-12-18,2024-12-19,7.64447167,2025-03-06,6.88288047,1.0
601169.SH,2012-04-12,2012-04-13,1.99506825,2012-06-15,1.8958212,1.0
601169.SH,2020-10-12,2020-10-13,3.31440588,2020-11-18,3.300509,1.0
601169.SH,2025-08-25,2025-08-26,5.9547915,2025-10-10,5.1608193,1.0
601111.SH,2024-04-18,2024-04-19,7.26,2024-04-22,7.09,1.0
601166.SH,2014-09-24,2014-09-25,5.92247282,2014-12-03,7.22839526,1.0
601166.SH,2015-03-09,2015-03-10,8.31093623,2015-04-02,10.57338958,1.0
601166.SH,2016-08-23,2016-08-24,9.85724888,2017-04-24,9.42228016,1.0
601166.SH,2019-09-04,2019-09-05,12.1934061,2020-03-13,11.4356238,1.0
601166.SH,2020-11-18,2020-11-19,13.81826936,2020-12-03,15.36724116,1.0
601166.SH,2021-01-27,2021-01-28,16.65685024,2021-02-10,19.40897688,1.0
601166.SH,2021-03-03,2021-03-04,18.50841188,2021-06-10,15.91478468,1.0
601166.SH,2024-04-10,2024-04-11,13.29230196,2025-10-14,18.57441795,1.0
601186.SH,2010-04-23,2010-04-26,5.21402028,2010-12-21,4.6070472,1.0
601186.SH,2017-10-24,2017-10-25,8.88569136,2017-11-15,8.75724174,1.0
601186.SH,2019-11-14,2019-11-15,7.5665664,2020-03-18,8.1182952,1.0
601211.SH,2017-11-07,2017-11-08,15.57474238,2017-12-14,14.9727454,1.0
601211.SH,2019-11-01,2019-11-04,13.93206912,2020-04-14,13.17419036,1.0
601211.SH,2020-10-29,2020-10-30,15.40774113,2020-12-22,14.74893873,1.0
601229.SH,2017-05-09,2017-05-10,5.86687149,2017-10-26,5.983512,1.0
601229.SH,2020-10-12,2020-10-13,5.81246718,2020-12-21,5.48994186,1.0
601229.SH,2026-04-14,2026-04-15,9.57843495,2026-05-13,9.0804735,1.0
601225.SH,2019-10-25,2019-10-28,5.39033895,2019-11-15,5.16337731,1.0
601225.SH,2020-11-16,2020-11-17,6.69681705,2020-12-03,6.92026335,1.0
601225.SH,2021-01-27,2021-01-28,7.26200475,2021-02-23,7.80090465,1.0
601225.SH,2021-06-23,2021-06-24,7.93234365,2021-09-16,11.50396626,1.0
601225.SH,2022-07-18,2022-07-19,15.25915864,2022-08-25,16.78959797,1.0
601225.SH,2025-08-06,2025-08-07,20.31536125,2026-03-04,23.8897766,1.0
601328.SH,2012-04-12,2012-04-13,2.13672984,2012-06-08,2.10850296,1.0
601328.SH,2015-03-09,2015-03-10,3.2367573,2015-06-08,4.52687885,1.0
601328.SH,2017-11-17,2017-11-20,3.71039,2018-05-29,3.6325915,1.0
601328.SH,2023-05-18,2023-05-19,4.78947717,2024-11-25,6.4508268,1.0
601328.SH,2025-07-04,2025-07-07,7.82712665,2025-09-23,6.47334835,1.0
601319.SH,2026-03-03,2026-03-04,8.42110698,2026-04-13,7.2629594,1.0
601238.SH,2012-06-13,2012-06-14,4.27441732,2012-09-21,3.02126256,1.0
601238.SH,2017-08-17,2017-08-18,15.6400896,2018-01-26,14.870391,1.0
601238.SH,2025-03-26,2025-03-27,8.52719715,2025-03-28,8.49727716,1.0
601318.SH,2014-02-10,2014-02-11,12.87345684,2014-12-02,16.9678485,1.0
601318.SH,2015-03-09,2015-03-10,22.1086026,2015-04-02,26.83944036,1.0
601318.SH,2016-05-12,2016-05-13,21.46355965,2017-05-31,31.126095,1.0
601318.SH,2020-09-08,2020-09-09,57.76283328,2021-03-26,60.79148032,1.0
601318.SH,2024-07-09,2024-07-10,36.07482018,2024-09-27,47.2411446,1.0
601318.SH,2025-09-29,2025-09-30,53.116299,2026-04-20,55.99217637,1.0
601288.SH,2010-09-30,2010-10-08,1.15453272,2011-01-18,1.13266657,1.0
601288.SH,2013-12-27,2013-12-30,1.23393543,2014-01-28,1.18397853,1.0
601288.SH,2015-06-04,2015-06-05,2.0981922,2015-08-27,1.59753976,1.0
601288.SH,2017-11-07,2017-11-08,2.3041824,2018-01-25,2.81483904,1.0
601288.SH,2018-11-19,2018-11-20,2.37984656,2019-01-16,2.30139008,1.0
601288.SH,2019-05-15,2019-05-16,2.3536944,2019-09-02,2.326467,1.0
601288.SH,2026-01-20,2026-01-21,7.04233068,2026-02-25,6.36556074,1.0
601390.SH,2013-12-04,2013-12-05,2.19024377,2014-01-22,1.77270566,1.0
601390.SH,2025-12-01,2025-12-02,5.27675694,2025-12-04,5.30575011,1.0
601390.SH,2026-05-11,2026-05-12,5.0805958,2026-05-21,4.7569285,1.0
601336.SH,2017-03-07,2017-03-08,33.120868,2017-04-12,31.63795641,1.0
601360.SH,2013-05-20,2013-05-21,7.33917993,2013-05-23,7.48753434,1.0
601360.SH,2013-11-28,2013-11-29,7.53989472,2014-03-19,6.88538997,1.0
601360.SH,2014-10-16,2014-10-17,9.13406352,2014-10-21,9.49367232,1.0
601360.SH,2016-09-22,2016-09-23,11.8124605,2016-12-14,10.59400985,1.0
601360.SH,2024-06-26,2024-06-27,7.64525641,2024-07-02,7.47039667,1.0
601377.SH,2015-01-07,2015-01-08,10.94621552,2015-03-25,11.0409564,1.0
601377.SH,2015-03-30,2015-03-31,11.4053444,2015-04-02,12.17784696,1.0
601377.SH,2015-04-17,2015-04-20,12.8264576,2015-04-22,12.99407608,1.0
601377.SH,2017-11-07,2017-11-08,6.31843616,2017-12-22,5.82931864,1.0
601377.SH,2022-08-05,2022-08-08,5.44585176,2022-08-18,,1.0
601377.SH,2022-08-25,2022-08-26,5.54593365,2022-09-20,5.1440544,1.0
601398.SH,2010-06-09,2010-06-10,1.80846645,2010-07-05,1.7520874,1.0
601398.SH,2011-05-30,2011-05-31,2.0138556,2011-08-17,1.91464832,1.0
601398.SH,2016-05-13,2016-05-16,2.4327324,2018-01-25,4.67527191,1.0
601398.SH,2020-09-08,2020-09-09,3.6068866,2021-07-12,3.75812056,1.0
601398.SH,2025-09-23,2025-09-24,7.09518334,2026-03-04,6.9386383,1.0
601600.SH,2010-12-31,2011-01-04,9.42137975,2011-08-09,8.26169878,1.0
601600.SH,2017-04-05,2017-04-06,4.58165478,2017-05-31,3.92844697,1.0
601600.SH,2020-09-18,2020-09-21,2.87043432,2021-05-11,5.08766083,1.0
601600.SH,2024-12-24,2024-12-25,7.0194912,2025-04-09,5.9513064,1.0
601607.SH,2014-09-19,2014-09-22,11.42414832,2015-03-26,16.95674474,1.0
601607.SH,2015-05-25,2015-05-26,24.190478,2015-08-21,16.5701668,1.0
601607.SH,2016-07-20,2016-07-21,15.67539834,2016-08-08,15.89199801,1.0
601607.SH,2016-09-02,2016-09-05,16.42948608,2018-02-14,17.67420694,1.0
601607.SH,2023-08-15,2023-08-16,18.3655974,2023-08-24,17.42161504,1.0
601607.SH,2024-06-26,2024-06-27,17.93566484,2024-10-11,19.86284337,1.0
601601.SH,2011-01-12,2011-01-13,14.60089823,2011-01-21,13.44999658,1.0
601601.SH,2014-09-24,2014-09-25,13.14541536,2014-12-01,16.465372,1.0
601658.SH,2023-03-01,2023-03-02,3.77205741,2023-05-09,4.90614003,1.0
601658.SH,2024-06-24,2024-06-25,4.2235562,2024-10-23,5.07026355,1.0
601658.SH,2025-04-08,2025-04-09,4.76885508,2025-04-14,4.7876301,1.0
601618.SH,2011-01-04,2011-01-05,3.03824826,2011-01-17,3.01511439,1.0
601618.SH,2011-06-14,2011-06-15,2.95342407,2011-07-22,2.9302902,1.0
601618.SH,2013-02-28,2013-03-01,1.68274695,2013-04-24,1.58099946,1.0
601618.SH,2013-12-27,2013-12-30,1.36967775,2014-01-27,1.29923718,1.0
601618.SH,2020-11-03,2020-11-04,2.3319842,2021-02-23,3.18405535,1.0
601618.SH,2021-06-22,2021-06-23,2.67281266,2021-07-09,2.63693598,1.0
601633.SH,2019-12-30,2019-12-31,7.85525076,2020-04-07,7.3921294,1.0
601628.SH,2024-07-10,2024-07-11,29.95096584,2024-09-27,38.11503496,1.0
601668.SH,2017-01-23,2017-01-24,4.20266073,2017-11-17,4.51188175,1.0
601668.SH,2021-05-25,2021-05-26,3.7194544,2021-07-05,3.62778557,1.0
601668.SH,2021-11-01,2021-11-02,3.72181025,2022-08-08,4.0211262,1.0
601669.SH,2013-05-03,2013-05-06,2.48747691,2013-06-21,2.23065776,1.0
601669.SH,2020-09-18,2020-09-21,3.5470953,2020-12-30,3.34565532,1.0
601688.SH,2026-08-13,2026-08-14,19.56,2026-08-17,19.37,1.0
601689.SH,2023-08-17,2023-08-18,46.19170884,2024-01-16,42.0717627,1.0
601728.SH,2023-01-11,2023-01-12,3.8000946,2023-02-20,4.914672,1.0
601728.SH,2023-03-09,2023-03-10,5.8625016,2023-03-14,6.2486544,1.0
601728.SH,2023-04-12,2023-04-13,6.055578,2023-08-03,5.01479472,1.0
601728.SH,2024-05-10,2024-05-13,5.4183556,2024-10-09,6.19147221,1.0
601728.SH,2025-01-08,2025-01-09,6.80015765,2025-02-19,7.77976078,1.0
601728.SH,2025-03-03,2025-03-04,7.47541806,2025-07-28,7.10961601,1.0
601728.SH,2025-12-19,2025-12-22,6.6912734,2025-12-23,6.5434544,1.0
601727.SH,2013-05-06,2013-05-07,3.50914175,2013-06-18,3.445006,1.0
601727.SH,2017-10-26,2017-10-27,7.8160842,2017-12-13,6.60554433,1.0
601727.SH,2019-02-11,2019-02-12,4.89050352,2019-04-18,6.792366,1.0
601727.SH,2019-06-11,2019-06-12,5.21071506,2019-07-15,5.10397788,1.0
601727.SH,2019-12-30,2019-12-31,4.86235035,2020-02-14,4.5185478,1.0
601727.SH,2020-05-18,2020-05-19,4.56766245,2020-05-22,4.5185478,1.0
601727.SH,2020-08-11,2020-08-12,5.85446628,2021-05-13,5.01951723,1.0
601727.SH,2021-12-03,2021-12-06,4.83297716,2022-02-08,4.40360109,1.0
601727.SH,2022-06-20,2022-06-21,4.15396384,2023-01-12,3.94426855,1.0
601727.SH,2023-03-15,2023-03-16,4.4934705,2023-11-03,4.37364462,1.0
601727.SH,2023-11-27,2023-11-28,4.4934705,2023-12-06,4.30374619,1.0
601727.SH,2024-04-11,2024-04-12,4.38363011,2024-07-09,3.45497954,1.0
601727.SH,2025-07-08,2025-07-09,7.36929162,2025-08-28,8.6873763,1.0
601727.SH,2025-10-10,2025-10-13,9.8856351,2025-10-15,10.05538843,1.0
601727.SH,2025-10-27,2025-10-28,9.70589628,2026-03-26,8.25800023,1.0
601727.SH,2026-04-30,2026-05-06,8.0882469,2026-06-15,7.30937868,1.0
601766.SH,2021-11-04,2021-11-05,5.15142838,2022-02-08,5.10864243,1.0
601766.SH,2024-06-18,2024-06-19,6.47424228,2024-10-23,7.70883697,1.0
601816.SH,2020-04-29,2020-04-30,5.93205443,2020-08-07,5.6322722,1.0
601788.SH,2015-03-12,2015-03-13,20.5134237,2015-04-02,25.6311,1.0
601788.SH,2016-09-29,2016-09-30,14.32668224,2016-12-22,14.28224464,1.0
601788.SH,2025-08-22,2025-08-25,20.867616,2025-12-12,17.54,1.0
601825.SH,2021-11-01,2021-11-02,5.16795552,2022-02-24,5.12723178,1.0
601825.SH,2025-09-22,2025-09-23,8.15471034,2025-10-09,7.96835424,1.0
601800.SH,2020-10-09,2020-10-12,6.38663072,2020-10-30,6.39512358,1.0
601800.SH,2025-09-29,2025-09-30,8.4667617,2025-11-14,8.5640808,1.0
601818.SH,2015-03-09,2015-03-10,2.24416906,2015-04-02,2.68084235,1.0
601818.SH,2019-08-14,2019-08-15,2.51996338,2019-08-26,2.47953616,1.0
601818.SH,2020-09-30,2020-10-09,2.62538928,2021-04-26,2.77520769,1.0
601818.SH,2025-03-14,2025-03-17,3.61252056,2025-10-09,3.18852912,1.0
601838.SH,2023-05-08,2023-05-09,11.4576108,2023-05-16,10.84438656,1.0
601838.SH,2025-08-27,2025-08-28,17.17600095,2025-11-04,16.05313773,1.0
601868.SH,2024-06-18,2024-06-19,2.0767737,2024-09-13,1.99676484,1.0
601857.SH,2011-05-27,2011-05-30,6.36980544,2011-06-20,6.3400275,1.0
601857.SH,2012-04-12,2012-04-13,5.9056463,2012-05-29,5.7257789,1.0
601857.SH,2013-04-19,2013-04-22,5.29897606,2013-05-14,5.2741565,1.0
601857.SH,2017-04-05,2017-04-06,5.43500146,2017-05-11,5.09959205,1.0
601857.SH,2021-04-30,2021-05-06,3.22435512,2021-06-15,3.92497434,1.0
601878.SH,2022-12-27,2022-12-28,9.47858912,2023-04-26,9.33655232,1.0
601878.SH,2025-09-29,2025-09-30,11.41279254,2025-12-15,10.74434302,1.0
601881.SH,2018-03-29,2018-03-30,8.79778395,2018-04-27,8.4532671,1.0
601872.SH,2011-01-04,2011-01-05,2.43925818,2011-01-06,2.46850588,1.0
601872.SH,2014-06-27,2014-06-30,1.52032616,2014-10-15,2.27393611,1.0
601872.SH,2016-10-10,2016-10-11,3.4621548,2017-07-27,3.43552242,1.0
601872.SH,2022-08-12,2022-08-15,6.19151941,2022-08-19,6.8009557,1.0
601872.SH,2024-05-27,2024-05-28,8.40093208,2024-09-04,6.8825035,1.0
601872.SH,2025-09-12,2025-09-15,8.4943755,2025-10-15,8.787285,1.0
601877.SH,2012-07-06,2012-07-09,7.92345554,2012-08-30,7.62276515,1.0
601877.SH,2017-10-20,2017-10-23,18.825661,2017-10-25,20.08616178,1.0
601877.SH,2017-11-06,2017-11-07,20.88829864,2017-11-15,23.736703,1.0
601877.SH,2019-03-29,2019-04-01,22.8876767,2019-07-01,19.9948105,1.0
601877.SH,2020-01-22,2020-01-23,23.8703142,2020-02-25,24.22815072,1.0
601877.SH,2020-08-17,2020-08-18,28.87985676,2020-08-31,31.38882768,1.0
601877.SH,2020-10-28,2020-10-29,27.20720948,2020-12-24,33.363975,1.0
601877.SH,2020-12-31,2021-01-04,34.7875046,2021-05-06,29.26243034,1.0
601888.SH,2017-06-26,2017-06-27,26.31502612,2017-09-21,31.41150371,1.0
601888.SH,2017-11-21,2017-11-22,41.64105837,2017-11-24,38.1549579,1.0
601888.SH,2017-12-19,2017-12-20,39.55488801,2018-01-18,44.02002457,1.0
601888.SH,2018-03-01,2018-03-02,48.9518045,2018-03-26,51.6052668,1.0
601888.SH,2019-06-27,2019-06-28,80.35221402,2019-07-04,80.0923547,1.0
601888.SH,2019-07-25,2019-07-26,81.53086165,2020-02-10,73.7814855,1.0
601898.SH,2010-09-27,2010-09-28,6.74502175,2010-10-20,8.4471686,1.0
601898.SH,2011-01-04,2011-01-05,7.79032355,2011-02-11,7.2464841,1.0
601898.SH,2011-05-31,2011-06-01,6.9922215,2011-06-07,6.9357187,1.0
601898.SH,2013-04-16,2013-04-17,5.0759919,2013-05-08,4.98771378,1.0
601898.SH,2016-11-22,2016-11-23,5.22165221,2017-04-26,4.47681029,1.0
601898.SH,2017-11-07,2017-11-08,4.56707745,2017-12-13,4.47339381,1.0
601898.SH,2019-11-04,2019-11-05,3.94906752,2020-02-12,3.52365984,1.0
601898.SH,2020-10-09,2020-10-12,3.30724,2021-04-12,5.4982865,1.0
601916.SH,2025-08-21,2025-08-22,3.2043487,2026-01-13,2.89826166,1.0
601899.SH,2013-02-28,2013-03-01,2.70213534,2013-03-15,2.58496958,1.0
601899.SH,2016-04-27,2016-04-28,2.57939253,2016-05-16,2.49853383,1.0
601899.SH,2017-11-07,2017-11-08,3.09903349,2018-01-02,3.89258654,1.0
601899.SH,2019-10-23,2019-10-24,2.85478992,2020-01-03,4.21169624,1.0
601899.SH,2024-12-23,2024-12-24,14.92827064,2025-09-03,24.5429055,1.0
601901.SH,2025-09-11,2025-09-12,8.43651615,2025-12-08,7.86989784,1.0
601985.SH,2021-06-23,2021-06-24,4.5062946,2021-07-09,4.3745316,1.0
601939.SH,2011-01-04,2011-01-05,2.0317168,2011-08-04,2.12425485,1.0
601939.SH,2012-04-12,2012-04-13,2.16993775,2012-05-24,2.06029879,1.0
601939.SH,2015-03-09,2015-03-10,3.1224273,2015-04-14,3.80770338,1.0
601939.SH,2017-04-21,2017-04-24,3.59159831,2018-01-19,5.737464,1.0
601939.SH,2021-11-11,2021-11-12,4.5063403,2021-11-17,4.4756327,1.0
601919.SH,2013-02-05,2013-02-06,1.7971449,2013-04-03,1.45543425,1.0
601919.SH,2017-01-18,2017-01-19,2.2696337,2017-03-06,2.59446975,1.0
601919.SH,2019-06-19,2019-06-20,2.024952,2019-07-25,2.05448255,1.0
601919.SH,2026-02-04,2026-02-05,14.10612034,2026-06-22,13.34127236,1.0
601995.SH,2026-06-15,2026-06-16,33.66,2026-06-22,33.18,1.0
601988.SH,2010-05-21,2010-05-24,1.58400214,2010-07-05,1.40610891,1.0
601988.SH,2011-01-04,2011-01-05,1.3987805,2011-01-18,1.37295686,1.0
601988.SH,2011-05-30,2011-05-31,1.43751596,2011-07-25,1.38794656,1.0
601988.SH,2015-06-04,2015-06-05,2.6053152,2015-06-11,2.78985836,1.0
601988.SH,2017-03-27,2017-03-28,2.17455606,2018-05-31,2.35074042,1.0
601988.SH,2019-05-15,2019-05-16,2.43530954,2019-12-12,2.4784692,1.0
601988.SH,2021-04-29,2021-04-30,2.36829448,2021-08-05,2.2882973,1.0
601988.SH,2023-04-04,2023-04-06,2.8181142,2023-05-11,3.5102826,1.0
601988.SH,2023-07-13,2023-07-14,3.2877999,2025-09-30,4.9859292,1.0
601988.SH,2026-01-20,2026-01-21,5.32802848,2026-03-11,5.22029261,1.0
601998.SH,2011-01-04,2011-01-05,2.60261585,2011-01-06,2.61249295,1.0
601998.SH,2012-06-15,2012-06-18,2.14610448,2012-06-19,2.1303243,1.0
601998.SH,2017-11-07,2017-11-08,3.96684725,2017-12-29,3.9732765,1.0
601998.SH,2020-10-12,2020-10-13,3.76837681,2020-12-29,3.70277644,1.0
601998.SH,2025-09-23,2025-09-24,7.0956035,2026-01-29,7.07968338,1.0
603259.SH,2025-09-19,2025-09-22,105.97044717,2026-03-19,90.5579,1.0
603260.SH,2020-10-09,2020-10-12,27.9331524,2020-11-10,36.903555,1.0
603288.SH,2022-09-09,2022-09-13,61.4352456,2022-10-14,57.5554464,1.0
603369.SH,2017-04-26,2017-04-27,11.1837275,2017-06-06,10.21353417,1.0
603993.SH,2017-06-07,2017-06-08,3.58445045,2017-07-07,4.93185833,1.0
603993.SH,2019-01-31,2019-02-01,3.37699048,2019-07-15,3.46109995,1.0
603993.SH,2020-04-30,2020-05-06,3.15544437,2020-05-15,3.1464545,1.0
603993.SH,2024-12-23,2024-12-24,6.60277449,2025-01-02,6.36388974,1.0
603993.SH,2025-09-12,2025-09-15,13.23898511,2025-10-15,16.01887625,1.0
603993.SH,2025-11-13,2025-11-14,16.37375597,2025-12-31,19.23250927,1.0
603993.SH,2026-01-26,2026-01-27,24.07267434,2026-01-29,27.17787189,1.0
688009.SH,2022-09-23,2022-09-26,3.74302606,2023-04-24,5.89837045,1.0
688009.SH,2023-07-07,2023-07-10,5.321838,2023-10-10,4.8553512,1.0
688041.SH,2024-04-17,2024-04-18,78.95420037,2024-06-13,71.24114331,1.0
688072.SH,2026-03-02,2026-03-03,391.6899416,2026-03-05,387.792032,1.0
688111.SH,2022-08-03,2022-08-04,175.32175994,2022-08-29,157.79549832,1.0
688111.SH,2025-12-30,2025-12-31,304.10543597,2026-03-18,267.33877359,1.0
688271.SH,2025-12-25,2025-12-26,128.61987827,2025-12-30,127.2920475,1.0
688256.SH,2020-12-18,2020-12-21,107.6313,2021-01-14,98.98056,1.0
688303.SH,2023-08-10,2023-08-11,39.6758739,2023-08-17,38.396007,1.0
688303.SH,2025-09-04,2025-09-05,32.7,2025-09-09,32.7,1.0
688396.SH,2025-01-14,2025-01-15,46.21686214,2025-04-02,45.27915762,1.0
688396.SH,2025-06-23,2025-06-24,45.55773094,2025-10-14,57.69380704,1.0
000001.SZ,2014-09-24,2014-09-25,5.27503704,2014-12-03,6.70624864,1.0
000001.SZ,2019-06-10,2019-06-11,9.59012972,2019-10-16,13.55503744,1.0
000001.SZ,2024-07-09,2024-07-10,9.05878067,2024-10-10,10.68176634,1.0
000001.SZ,2026-05-29,2026-06-01,10.5527478,2026-06-02,10.63019916,1.0
000002.SZ,2015-03-12,2015-03-13,8.32586985,2015-04-13,9.7847631,1.0
000002.SZ,2020-01-09,2020-01-10,26.136928,2020-04-29,21.5629656,1.0
000002.SZ,2023-04-07,2023-04-10,14.98031325,2023-04-21,14.73301919,1.0
000063.SZ,2022-08-05,2022-08-08,23.75622816,2022-10-13,19.85288564,1.0
000100.SZ,2014-01-09,2014-01-10,1.6133833,2014-06-23,1.61459325,1.0
000100.SZ,2017-04-05,2017-04-06,2.6899858,2017-10-19,3.1937724,1.0
000100.SZ,2023-05-29,2023-05-30,3.50397824,2023-12-26,3.78010696,1.0
000100.SZ,2025-10-23,2025-10-24,4.10925032,2025-11-25,4.01117752,1.0
000157.SZ,2023-04-28,2023-05-04,5.39852918,2023-12-12,5.55379279,1.0
000157.SZ,2024-06-21,2024-06-24,6.8877493,2024-07-23,6.23384905,1.0
000157.SZ,2025-01-14,2025-01-15,6.4497348,2025-02-28,7.43777928,1.0
000166.SZ,2017-10-24,2017-10-25,5.15706126,2017-12-06,4.89123336,1.0
000166.SZ,2022-08-05,2022-08-08,3.88102702,2023-10-24,4.08790978,1.0
000333.SZ,2014-10-29,2014-10-30,9.02024112,2014-12-03,10.94685176,1.0
000333.SZ,2022-08-31,2022-09-01,43.8492771,2022-09-27,42.1358355,1.0
000333.SZ,2024-07-04,2024-07-05,58.246596,2026-08-17,82.61,1.0
000301.SZ,2012-06-13,2012-06-14,2.67314794,2012-07-27,2.4688309,1.0
000301.SZ,2013-03-06,2013-03-07,2.68234114,2013-07-02,2.33097942,1.0
000301.SZ,2014-12-03,2014-12-04,3.83454,2014-12-24,4.012065,1.0
000301.SZ,2015-03-16,2015-03-17,5.1304725,2015-03-19,5.32575,1.0
000301.SZ,2015-06-12,2015-06-15,10.43847,2015-06-17,9.9946575,1.0
000301.SZ,2016-12-07,2016-12-08,4.73369392,2017-06-23,4.61602825,1.0
000408.SZ,2016-10-19,2016-10-20,12.85047504,2016-12-07,12.5135712,1.0
000408.SZ,2024-05-20,2024-05-21,27.91412778,2024-07-11,23.5638741,1.0
000338.SZ,2018-03-29,2018-03-30,6.21601128,2018-05-08,6.1934895,1.0
000338.SZ,2024-11-29,2024-12-02,12.6138612,2025-12-10,17.02639309,1.0
000425.SZ,2017-01-23,2017-01-24,2.7532455,2017-11-29,3.03406607,1.0
000425.SZ,2022-09-27,2022-09-28,4.32903912,2022-10-18,4.19261982,1.0
000425.SZ,2023-03-13,2023-03-14,6.5481264,2023-03-16,6.25709856,1.0
000425.SZ,2023-04-17,2023-04-18,6.3207609,2023-10-30,5.6429811,1.0
000538.SZ,2017-08-09,2017-08-10,47.7449284,2017-09-25,46.88616781,1.0
000538.SZ,2020-11-20,2020-11-23,56.93235905,2021-02-18,94.26276433,1.0
000538.SZ,2025-06-25,2025-06-26,53.4133402,2026-03-06,54.1861524,1.0
000568.SZ,2010-10-25,2010-10-26,25.67039875,2010-11-17,26.824475,1.0
000568.SZ,2014-09-24,2014-09-25,13.3364352,2014-12-08,15.13230744,1.0
000568.SZ,2016-12-30,2017-01-03,26.59707375,2017-03-16,32.3336975,1.0
000568.SZ,2019-12-06,2019-12-09,70.612084,2019-12-24,69.47208168,1.0
000617.SZ,2013-12-10,2013-12-11,4.3054013,2014-01-22,4.128467,1.0
000617.SZ,2014-12-15,2014-12-16,6.15141583,2015-04-24,8.71106537,1.0
000617.SZ,2019-06-19,2019-06-20,7.35602439,2019-07-15,7.15986964,1.0
000596.SZ,2017-01-18,2017-01-19,38.171094,2017-02-27,43.4300373,1.0
000625.SZ,2017-04-26,2017-04-27,6.7905696,2017-05-15,6.07130532,1.0
000625.SZ,2024-06-14,2024-06-17,12.922146,2024-08-19,12.7307068,1.0
000625.SZ,2025-09-09,2025-09-10,12.30626883,2025-11-13,11.99298275,1.0
000651.SZ,2014-07-14,2014-07-15,7.6217854,2014-12-19,10.05305905,1.0
000651.SZ,2015-03-11,2015-03-12,10.70898795,2015-04-21,12.47078045,1.0
000651.SZ,2019-06-19,2019-06-20,34.2743103,2020-04-07,35.86866605,1.0
000651.SZ,2020-08-28,2020-08-31,38.6281038,2020-09-30,36.70187664,1.0
000651.SZ,2024-07-11,2024-07-12,33.244673,2024-10-08,48.22216503,1.0
000657.SZ,2019-08-02,2019-08-05,4.71917475,2019-11-22,4.5947934,1.0
000708.SZ,2014-09-24,2014-09-25,3.88339058,2014-09-29,3.89126764,1.0
000708.SZ,2014-12-11,2014-12-12,4.56081774,2015-03-19,5.2382449,1.0
000708.SZ,2025-09-26,2025-09-29,12.69560475,2025-11-14,15.02291,1.0
000725.SZ,2011-05-31,2011-06-01,2.16824195,2011-08-02,2.11699744,1.0
000725.SZ,2013-03-06,2013-03-07,2.12553372,2013-08-07,1.84383648,1.0
000725.SZ,2013-10-29,2013-10-30,1.84383648,2013-11-12,1.78408252,1.0
000725.SZ,2016-05-03,2016-05-04,2.07295264,2016-05-13,1.96159568,1.0
000725.SZ,2019-11-07,2019-11-08,3.2833245,2020-01-02,4.05534945,1.0
000725.SZ,2023-05-29,2023-05-30,3.7310676,2023-08-28,3.82777304,1.0
000725.SZ,2025-01-07,2025-01-08,4.28630304,2025-04-10,3.74806864,1.0
000725.SZ,2025-11-10,2025-11-11,4.03360606,2026-06-08,6.42205584,1.0
000768.SZ,2012-07-04,2012-07-05,7.36150388,2012-07-18,7.20268971,1.0
000768.SZ,2014-08-11,2014-08-12,11.99724021,2014-09-03,13.37753735,1.0
000768.SZ,2014-11-06,2014-11-07,15.62761077,2014-12-15,16.94172928,1.0
000768.SZ,2015-05-20,2015-05-21,32.4275287,2015-05-27,42.21251185,1.0
000768.SZ,2023-04-27,2023-04-28,24.74366175,2023-06-05,24.28308666,1.0
000776.SZ,2017-11-07,2017-11-08,14.23977291,2017-12-26,13.19144607,1.0
000776.SZ,2020-04-30,2020-05-06,11.21742,2020-05-15,11.342058,1.0
000776.SZ,2020-11-03,2020-11-04,13.4188136,2021-03-03,13.34237732,1.0
000776.SZ,2023-03-17,2023-03-20,14.1110416,2023-05-15,14.19219136,1.0
000776.SZ,2024-12-24,2024-12-25,15.64424361,2025-04-18,14.41892034,1.0
000776.SZ,2025-08-29,2025-09-01,21.37753452,2026-02-27,20.309432,1.0
000792.SZ,2025-01-14,2025-01-15,16.53,2025-04-09,15.62,1.0
000807.SZ,2019-11-18,2019-11-19,3.96640865,2020-03-31,3.53073905,1.0
000858.SZ,2014-10-17,2014-10-20,13.3791189,2015-06-17,22.85414275,1.0
000895.SZ,2014-09-24,2014-09-25,11.96532381,2014-09-29,11.7169935,1.0
000895.SZ,2017-05-09,2017-05-10,12.96498288,2018-09-03,15.28178793,1.0
000895.SZ,2019-06-11,2019-06-12,17.32639656,2019-07-29,17.17896774,1.0
000895.SZ,2019-12-27,2019-12-30,20.12052372,2020-02-24,24.57147,1.0
000895.SZ,2025-01-08,2025-01-09,23.9870064,2025-07-04,23.2463451,1.0
000938.SZ,2021-10-13,2021-10-14,24.60448786,2021-11-03,27.546008,1.0
000938.SZ,2021-11-05,2021-11-08,27.66406232,2021-12-29,21.67280558,1.0
000938.SZ,2023-03-09,2023-03-10,26.87957946,2023-03-27,30.9540411,1.0
000938.SZ,2025-12-22,2025-12-23,24.7412984,2025-12-29,24.71136941,1.0
000975.SZ,2013-11-05,2013-11-06,3.54356772,2013-11-13,3.40051712,1.0
000975.SZ,2017-11-01,2017-11-02,6.0199524,2017-12-11,5.4554472,1.0
000975.SZ,2021-07-23,2021-07-26,9.04139,2021-09-02,7.82080235,1.0
000975.SZ,2022-01-11,2022-01-12,7.98354737,2022-01-19,7.89313347,1.0
001391.SZ,2025-03-18,2025-03-19,6.52883357,2025-07-02,6.56763793,1.0
000988.SZ,2017-04-10,2017-04-11,14.952861,2017-04-18,14.61302325,1.0
000988.SZ,2017-10-18,2017-10-19,16.99844976,2018-02-06,14.00158512,1.0
000988.SZ,2024-07-09,2024-07-10,30.2114288,2024-07-18,28.89961676,1.0
000988.SZ,2026-04-27,2026-04-28,118.3031715,2026-05-07,125.58106281,1.0
000988.SZ,2026-06-15,2026-06-16,161.0,2026-06-24,162.0,1.0
001965.SZ,2018-05-15,2018-05-16,6.20476736,2018-06-26,5.53789984,1.0
001979.SZ,2016-10-13,2016-10-14,11.74620042,2016-11-28,14.4444537,1.0
001979.SZ,2017-08-01,2017-08-02,14.71109091,2017-09-28,13.87753752,1.0
001979.SZ,2020-09-02,2020-09-03,13.7059228,2020-10-26,12.7866231,1.0
002028.SZ,2014-12-09,2014-12-10,9.636032,2015-03-26,12.597424,1.0
002028.SZ,2015-03-30,2015-03-31,12.96568,2015-05-27,17.1322866,1.0
002028.SZ,2015-06-12,2015-06-15,19.6227135,2015-06-17,18.3350934,1.0
002028.SZ,2016-12-08,2016-12-09,11.57879475,2017-03-13,14.75286825,1.0
002028.SZ,2017-04-06,2017-04-07,15.09093525,2017-08-17,13.4335629,1.0
002028.SZ,2023-04-17,2023-04-18,44.47771064,2024-02-29,54.8749476,1.0
002028.SZ,2024-04-11,2024-04-12,62.939008,2024-05-14,71.30792922,1.0
002028.SZ,2024-05-24,2024-05-27,69.35091944,2025-03-13,71.97375066,1.0
002028.SZ,2025-12-15,2025-12-16,154.27650526,2026-01-19,189.17866436,1.0
002027.SZ,2013-03-20,2013-03-21,0.85215918,2013-06-28,0.70702258,1.0
002027.SZ,2016-09-27,2016-09-28,6.0007683,2016-11-16,8.0511352,1.0
002027.SZ,2022-09-13,2022-09-14,4.51804685,2022-09-27,4.16494905,1.0
002027.SZ,2023-02-28,2023-03-01,5.39590518,2023-12-01,5.56749972,1.0
002027.SZ,2025-02-24,2025-02-25,5.9436069,2025-12-25,6.87331645,1.0
002050.SZ,2021-12-27,2021-12-28,22.228979,2022-02-07,18.48315956,1.0
002050.SZ,2026-01-16,2026-01-19,57.83132328,2026-01-21,56.67906744,1.0
002142.SZ,2010-12-21,2010-12-22,5.0825988,2011-06-15,4.61684496,1.0
002142.SZ,2013-05-16,2013-05-17,4.49506923,2013-06-13,4.32666606,1.0
002142.SZ,2016-09-29,2016-09-30,9.11792701,2017-07-20,12.65682088,1.0
002142.SZ,2024-12-23,2024-12-24,22.4171556,2025-05-07,22.528869,1.0
002179.SZ,2015-12-30,2015-12-31,11.53433952,2016-01-11,9.97636959,1.0
002179.SZ,2022-09-01,2022-09-02,45.1133613,2022-12-07,42.52821363,1.0
002179.SZ,2024-12-20,2024-12-23,37.68453,2025-02-19,34.5538152,1.0
002179.SZ,2025-06-23,2025-06-24,37.292913,2025-08-11,37.97365665,1.0
002202.SZ,2013-04-18,2013-04-19,3.100097,2013-05-24,3.73702602,1.0
002202.SZ,2024-04-26,2024-04-29,7.1344436,2024-07-05,6.34387012,1.0
002230.SZ,2013-05-15,2013-05-16,10.04442907,2013-05-31,11.64509479,1.0
002230.SZ,2013-07-18,2013-07-19,14.95968088,2013-07-29,15.2264585,1.0
002230.SZ,2021-01-05,2021-01-06,41.9426413,2021-01-14,45.3926823,1.0
002236.SZ,2013-12-09,2013-12-10,13.41394288,2014-01-17,12.91282824,1.0
002236.SZ,2025-12-19,2025-12-22,18.33753168,2026-03-05,17.71060752,1.0
002241.SZ,2012-06-25,2012-06-26,8.48211822,2012-06-28,9.112392,1.0
002241.SZ,2013-05-21,2013-05-22,18.1547947,2013-08-13,19.28860868,1.0
002241.SZ,2013-08-22,2013-08-23,19.77518472,2013-08-27,20.3352062,1.0
002241.SZ,2014-11-18,2014-11-19,11.90844875,2014-12-31,11.203616,1.0
002241.SZ,2015-06-10,2015-06-11,19.71689,2015-08-26,10.61126778,1.0
002241.SZ,2017-08-10,2017-08-11,18.1512045,2017-12-29,15.76827714,1.0
002241.SZ,2019-11-11,2019-11-12,18.900224,2019-11-13,18.5963008,1.0
002241.SZ,2020-01-20,2020-01-21,21.9774464,2020-02-04,19.94496,1.0
002241.SZ,2020-09-01,2020-09-02,39.97366583,2020-10-29,44.79494628,1.0
002241.SZ,2021-12-30,2021-12-31,52.18297425,2022-03-17,35.50742325,1.0
002311.SZ,2012-06-27,2012-06-28,7.9564245,2012-10-16,6.90940516,1.0
002304.SZ,2020-08-14,2020-08-17,105.38395749,2020-10-23,135.7272555,1.0
002304.SZ,2025-01-14,2025-01-15,72.4902316,2025-03-05,70.79297016,1.0
002352.SZ,2012-11-01,2012-11-02,5.66694,2012-11-23,5.383593,1.0
002352.SZ,2019-12-04,2019-12-05,34.81271145,2020-01-17,33.52570155,1.0
002352.SZ,2024-12-23,2024-12-24,39.3085546,2025-09-30,39.5298,1.0
002353.SZ,2012-10-18,2012-10-19,20.6811538,2012-11-30,19.71201453,1.0
002353.SZ,2013-05-10,2013-05-13,39.5538659,2013-05-20,39.2292738,1.0
002353.SZ,2013-08-01,2013-08-02,43.58983284,2013-10-16,43.51125993,1.0
002353.SZ,2017-11-07,2017-11-08,14.9577928,2017-12-07,11.45234688,1.0
002371.SZ,2010-12-07,2010-12-08,16.3241205,2010-12-10,16.04715201,1.0
002371.SZ,2012-11-01,2012-11-02,10.58644544,2013-02-08,13.5146112,1.0
002371.SZ,2013-08-06,2013-08-07,13.54296372,2013-09-09,13.3316964,1.0
002371.SZ,2025-06-19,2025-06-20,310.51444697,2025-08-26,377.658666,1.0
002384.SZ,2016-09-05,2016-09-06,11.09897228,2016-10-28,12.62524062,1.0
002384.SZ,2017-12-21,2017-12-22,18.8449835,2018-02-07,16.60274987,1.0
002460.SZ,2016-09-06,2016-09-07,14.4256301,2016-10-13,12.82521825,1.0
002422.SZ,2023-03-28,2023-03-29,25.81932375,2023-08-21,24.80437764,1.0
002415.SZ,2014-10-16,2014-10-17,6.62366328,2014-12-12,8.35516032,1.0
002463.SZ,2023-04-03,2023-04-04,21.2765688,2023-04-07,24.7268232,1.0
002463.SZ,2024-07-04,2024-07-05,36.4161369,2024-07-12,38.590527,1.0
002463.SZ,2025-09-05,2025-09-08,63.67349905,2025-09-09,58.8260715,1.0
002466.SZ,2021-09-15,2021-09-16,114.304068,2021-09-17,102.09012525,1.0
002475.SZ,2019-10-17,2019-10-18,21.9994185,2019-10-25,22.7451615,1.0
002475.SZ,2019-11-13,2019-11-14,25.95931383,2019-11-15,25.97422869,1.0
002475.SZ,2019-12-13,2019-12-16,27.37622553,2020-01-21,32.4398205,1.0
002475.SZ,2020-02-17,2020-02-18,34.304178,2020-02-20,35.01263385,1.0
002475.SZ,2020-09-01,2020-09-02,56.355468,2021-02-18,51.80816472,1.0
002493.SZ,2016-12-06,2016-12-07,3.9779328,2017-05-09,3.621216,1.0
002493.SZ,2024-07-11,2024-07-12,9.48531267,2024-07-24,8.88696306,1.0
002532.SZ,2019-02-11,2019-02-12,4.05515776,2019-04-01,7.03316424,1.0
002558.SZ,2020-10-28,2020-10-29,16.61210379,2020-11-20,16.59375801,1.0
002594.SZ,2014-11-10,2014-11-11,14.7501116,2014-11-24,13.71823684,1.0
002594.SZ,2016-06-15,2016-06-16,18.58957198,2016-09-21,17.89004952,1.0
002594.SZ,2017-04-05,2017-04-06,15.7693083,2017-05-17,15.5141931,1.0
002594.SZ,2020-09-07,2020-09-08,30.9222588,2020-09-18,36.7629149,1.0
002594.SZ,2020-09-30,2020-10-09,39.700981,2020-10-15,43.409846,1.0
002594.SZ,2020-11-05,2020-11-06,61.115645,2020-11-13,58.0518,1.0
002594.SZ,2020-12-30,2020-12-31,60.9092386,2021-01-05,66.43706,1.0
002594.SZ,2025-01-14,2025-01-15,90.6416588,2025-02-26,122.24153326,1.0
002594.SZ,2026-06-12,2026-06-15,91.26719538,2026-06-30,79.28221164,1.0
002602.SZ,2013-03-20,2013-03-21,1.21821696,2013-06-28,1.0129707,1.0
002602.SZ,2017-09-14,2017-09-15,10.48201465,2017-10-11,10.2390004,1.0
002709.SZ,2016-09-06,2016-09-07,9.9471168,2016-10-12,8.30307944,1.0
002709.SZ,2023-03-09,2023-03-10,42.1002096,2023-03-15,39.2166336,1.0
002648.SZ,2016-10-10,2016-10-11,3.07651686,2016-11-15,3.66070582,1.0
002648.SZ,2017-03-16,2017-03-17,4.35601768,2017-06-14,4.88671,1.0
002648.SZ,2024-07-15,2024-07-16,17.25305328,2024-08-16,15.21042858,1.0
002648.SZ,2024-12-23,2024-12-24,16.99653762,2025-05-30,16.39800108,1.0
002837.SZ,2023-08-22,2023-08-23,12.7851,2023-09-20,11.748834,1.0
002837.SZ,2025-02-17,2025-02-18,25.8921289,2025-02-26,28.2811782,1.0
002837.SZ,2025-09-18,2025-09-19,59.888556,2025-12-22,71.2520256,1.0
002736.SZ,2017-10-24,2017-10-25,10.57342874,2017-11-24,9.5768169,1.0
002736.SZ,2020-12-17,2020-12-18,10.8188584,2020-12-21,10.72124464,1.0
002736.SZ,2021-11-11,2021-11-12,9.3784176,2022-02-17,9.1206774,1.0
002736.SZ,2022-08-05,2022-08-08,7.92499038,2022-09-29,7.68006794,1.0
002714.SZ,2020-06-18,2020-06-19,46.9364286,2020-07-02,53.83162884,1.0
002920.SZ,2026-03-12,2026-03-13,115.8144616,2026-05-08,104.54,1.0
003816.SZ,2020-09-18,2020-09-21,2.53779448,2020-11-04,2.34060099,1.0
003816.SZ,2025-09-11,2025-09-12,3.66390375,2026-08-17,3.86,1.0
002938.SZ,2023-03-22,2023-03-23,29.8300925,2023-03-27,30.85808338,1.0
300014.SZ,2019-04-10,2019-04-11,15.18103377,2019-07-09,15.83953707,1.0
300014.SZ,2019-07-23,2019-07-24,15.9053874,2019-09-04,21.22913331,1.0
300014.SZ,2019-11-19,2019-11-20,20.4136023,2019-11-29,22.71836385,1.0
300014.SZ,2019-12-24,2019-12-25,26.4920943,2020-02-06,29.03493012,1.0
300014.SZ,2020-02-17,2020-02-18,39.80399178,2020-02-20,40.57899951,1.0
300014.SZ,2021-02-02,2021-02-03,109.064888,2021-07-26,117.6779935,1.0
300014.SZ,2025-09-23,2025-09-24,73.46248182,2025-11-12,82.23293142,1.0
300122.SZ,2017-10-30,2017-10-31,17.8288131,2018-01-11,20.82927189,1.0
300122.SZ,2019-11-04,2019-11-05,30.80877201,2020-01-22,39.36991635,1.0
300122.SZ,2021-04-19,2021-04-20,120.25599405,2021-04-28,132.18356727,1.0
300122.SZ,2021-05-14,2021-05-17,143.560929,2021-08-09,107.81672,1.0
300033.SZ,2017-01-20,2017-01-23,43.56257295,2017-03-15,42.5925302,1.0
300033.SZ,2023-03-13,2023-03-14,80.20703556,2023-03-22,95.44893398,1.0
300033.SZ,2023-04-12,2023-04-13,132.2502078,2023-04-14,126.63607023,1.0
300059.SZ,2024-12-06,2024-12-09,27.35263812,2025-03-26,22.79882568,1.0
300059.SZ,2025-08-29,2025-09-01,28.64711523,2025-12-18,22.885851,1.0
300124.SZ,2014-11-17,2014-11-18,7.81173741,2015-01-22,11.05829184,1.0
300124.SZ,2015-05-14,2015-05-15,15.784169,2015-05-22,18.302266,1.0
300124.SZ,2017-09-28,2017-09-29,18.1788466,2018-02-02,17.23997376,1.0
300124.SZ,2020-01-13,2020-01-14,20.27755818,2020-04-29,21.10482099,1.0
300124.SZ,2020-08-27,2020-08-28,37.1999066,2020-09-01,36.11866364,1.0
300124.SZ,2020-11-16,2020-11-17,53.52152652,2021-01-05,60.498118,1.0
300124.SZ,2021-02-02,2021-02-03,68.22771797,2021-02-23,65.003297,1.0
300124.SZ,2023-01-12,2023-01-13,65.01158267,2023-05-09,56.31936178,1.0
300124.SZ,2024-05-06,2024-05-07,61.711965,2024-06-17,54.3036716,1.0
300251.SZ,2014-10-28,2014-10-29,7.07173068,2014-11-21,6.6134742,1.0
300251.SZ,2019-03-21,2019-03-22,8.5396608,2019-05-30,6.4047456,1.0
300251.SZ,2020-09-02,2020-09-03,15.8860995,2020-09-09,15.181512,1.0
300251.SZ,2023-03-17,2023-03-20,8.31072302,2023-04-07,9.14950829,1.0
300274.SZ,2017-04-05,2017-04-06,6.9441048,2017-04-19,6.64889648,1.0
300274.SZ,2020-04-27,2020-04-28,6.698643,2020-07-09,11.06643165,1.0
300408.SZ,2016-12-05,2016-12-06,15.47455996,2017-01-03,14.4362434,1.0
300408.SZ,2023-03-29,2023-03-30,29.00716472,2023-05-16,28.96854,1.0
300308.SZ,2021-10-25,2021-10-26,23.6052636,2021-10-29,23.0054288,1.0
300433.SZ,2025-09-17,2025-09-18,31.56969915,2026-01-08,33.2124025,1.0
300442.SZ,2020-09-21,2020-09-22,14.73728976,2020-09-24,14.89291056,1.0
300442.SZ,2020-12-02,2020-12-03,19.75865424,2021-03-03,25.94717472,1.0
300442.SZ,2022-08-04,2022-08-05,24.67627152,2022-10-18,22.58576544,1.0
300442.SZ,2025-01-21,2025-01-22,54.54451275,2025-01-24,54.51489582,1.0
300442.SZ,2025-02-17,2025-02-18,58.56254292,2025-06-04,42.21399756,1.0
300628.SZ,2025-11-24,2025-11-25,32.82257946,2026-08-04,39.18,1.0
300476.SZ,2016-12-07,2016-12-08,11.82044779,2016-12-09,11.86098083,1.0
300476.SZ,2021-11-30,2021-12-01,29.44520097,2021-12-21,28.44542921,1.0
300476.SZ,2021-12-22,2021-12-23,29.54133287,2022-03-17,24.46556855,1.0
300498.SZ,2025-11-24,2025-11-25,17.3641759,2025-12-29,16.44923632,1.0
300661.SZ,2019-10-22,2019-10-23,32.6183958,2019-10-31,38.05912,1.0
300661.SZ,2020-02-24,2020-02-25,58.81864,2020-02-27,60.894592,1.0
300750.SZ,2019-11-04,2019-11-05,36.00104023,2019-11-27,44.77728585,1.0
300760.SZ,2019-12-31,2020-01-02,162.957886,2020-02-06,205.92683627,1.0
300999.SZ,2023-04-17,2023-04-18,42.28081744,2023-05-15,41.11180785,1.0
