version,core,sat,n_hold_rule,pick,exit,combo,hs300,excess_add,max_dd,avg_hold_active,avg_hold
Baseline,70%,30%,全部启动,全部启动(原仓位权重),当前退出,0.4285386190674578,0.4520925350634375,-0.0235539159959796,-0.1482520109297956,37.13953488372093,37.13953488372093
Top5启动,70%,30%,Top5启动,综合分等权,当前退出,0.1730367511499484,0.4520925350634377,-0.2790557839134893,-0.17917753247022,5.0,5.0
Top10启动,70%,30%,Top10启动,综合分等权,当前退出,0.1983250173818593,0.4520925350634377,-0.2537675176815783,-0.1703026943151752,10.0,10.0
Top15启动,70%,30%,Top15启动,综合分等权,当前退出,0.3108180488452834,0.4520925350634377,-0.1412744862181543,-0.1608493202980766,15.0,15.0
Top20启动,70%,30%,Top20启动,综合分等权,当前退出,0.353817608609642,0.4520925350634377,-0.0982749264537956,-0.1583549681470984,19.892177589852007,19.892177589852007
Top30启动,70%,30%,Top30启动,综合分等权,当前退出,0.3622436349774758,0.4520925350634377,-0.0898489000859619,-0.1620873862985742,27.775898520084567,27.775898520084567
全部启动,70%,30%,全部启动,综合分等权,当前退出,0.4291444328308946,0.4520925350634377,-0.022948102232543,-0.1485958891932828,37.141649048625794,37.141649048625794
FZQD-Top5启动,70%,30%,Top5启动,按FZQD排序,当前退出,0.1701488020463928,0.4520925350634377,-0.2819437330170449,-0.1942438386170552,5.0,5.0
FZQD-Top10启动,70%,30%,Top10启动,按FZQD排序,当前退出,0.1844214655517382,0.4520925350634377,-0.2676710695116995,-0.1803565813934734,10.0,10.0
FZQD-Top15启动,70%,30%,Top15启动,按FZQD排序,当前退出,0.2391436268196252,0.4520925350634377,-0.2129489082438125,-0.1654258482796584,15.0,15.0
FZQD-Top20启动,70%,30%,Top20启动,按FZQD排序,当前退出,0.2875973548636135,0.4520925350634377,-0.1644951801998242,-0.1594211119280819,19.892177589852007,19.892177589852007
FZQD-Top30启动,70%,30%,Top30启动,按FZQD排序,当前退出,0.3653432097878586,0.4520925350634377,-0.0867493252755791,-0.1548911176918868,27.775898520084567,27.775898520084567
FZQD-全部启动,70%,30%,全部启动,按FZQD排序,当前退出,0.4291444328308946,0.4520925350634377,-0.022948102232543,-0.1485958891932828,37.141649048625794,37.141649048625794
吸筹强度-Top5启动,70%,30%,Top5启动,按吸筹强度排序,当前退出,0.3506791576102976,0.4520925350634377,-0.10141337745314,-0.1454802601313137,5.0,5.0
吸筹强度-Top10启动,70%,30%,Top10启动,按吸筹强度排序,当前退出,0.3690090286380574,0.4520925350634377,-0.0830835064253803,-0.1441582234616454,10.0,10.0
吸筹强度-Top15启动,70%,30%,Top15启动,按吸筹强度排序,当前退出,0.3682305214037236,0.4520925350634377,-0.0838620136597141,-0.1368461987097537,15.0,15.0
吸筹强度-Top20启动,70%,30%,Top20启动,按吸筹强度排序,当前退出,0.3893211059336028,0.4520925350634377,-0.0627714291298349,-0.1405791631106061,19.892177589852007,19.892177589852007
吸筹强度-Top30启动,70%,30%,Top30启动,按吸筹强度排序,当前退出,0.433905615231946,0.4520925350634377,-0.0181869198314916,-0.1452347215099286,27.775898520084567,27.775898520084567
吸筹强度-全部启动,70%,30%,全部启动,按吸筹强度排序,当前退出,0.4291444328308946,0.4520925350634377,-0.022948102232543,-0.1485958891932828,37.141649048625794,37.141649048625794
L2JBL-Top5启动,70%,30%,Top5启动,按L2JBL排序,当前退出,0.0195331617371063,0.4520925350634377,-0.4325593733263313,-0.2469548006083115,5.0,5.0
L2JBL-Top10启动,70%,30%,Top10启动,按L2JBL排序,当前退出,0.0881324258587514,0.4520925350634377,-0.3639601092046862,-0.1910415977532275,10.0,10.0
L2JBL-Top15启动,70%,30%,Top15启动,按L2JBL排序,当前退出,0.1589297972087522,0.4520925350634377,-0.2931627378546855,-0.1795970071765172,15.0,15.0
L2JBL-Top20启动,70%,30%,Top20启动,按L2JBL排序,当前退出,0.2019482539001624,0.4520925350634377,-0.2501442811632752,-0.1694500863587028,19.892177589852007,19.892177589852007
L2JBL-Top30启动,70%,30%,Top30启动,按L2JBL排序,当前退出,0.3227120708034425,0.4520925350634377,-0.1293804642599951,-0.1571357330346202,27.775898520084567,27.775898520084567
L2JBL-全部启动,70%,30%,全部启动,按L2JBL排序,当前退出,0.4291444328308946,0.4520925350634377,-0.022948102232543,-0.1485958891932828,37.141649048625794,37.141649048625794
启动强度-Top5启动,70%,30%,Top5启动,按启动强度排序,当前退出,0.3251755023516196,0.4520925350634377,-0.1269170327118181,-0.1775645502634834,5.0,5.0
启动强度-Top10启动,70%,30%,Top10启动,按启动强度排序,当前退出,0.3810507941942245,0.4520925350634377,-0.0710417408692132,-0.172449856367689,10.0,10.0
启动强度-Top15启动,70%,30%,Top15启动,按启动强度排序,当前退出,0.3805578532268989,0.4520925350634377,-0.0715346818365387,-0.1737374465299909,15.0,15.0
启动强度-Top20启动,70%,30%,Top20启动,按启动强度排序,当前退出,0.4089037510525999,0.4520925350634377,-0.0431887840108378,-0.1668603932009401,19.892177589852007,19.892177589852007
启动强度-Top30启动,70%,30%,Top30启动,按启动强度排序,当前退出,0.4193608319349606,0.4520925350634377,-0.032731703128477,-0.1562374899902393,27.775898520084567,27.775898520084567
启动强度-全部启动,70%,30%,全部启动,按启动强度排序,当前退出,0.4291444328308946,0.4520925350634377,-0.022948102232543,-0.1485958891932828,37.141649048625794,37.141649048625794
活筹强度-Top5启动,70%,30%,Top5启动,按活筹强度排序,当前退出,0.1617198759255089,0.4520925350634377,-0.2903726591379287,-0.1861286433937783,5.0,5.0
活筹强度-Top10启动,70%,30%,Top10启动,按活筹强度排序,当前退出,0.2473072222594208,0.4520925350634377,-0.2047853128040169,-0.1500373433349138,10.0,10.0
活筹强度-Top15启动,70%,30%,Top15启动,按活筹强度排序,当前退出,0.3232348534800362,0.4520925350634377,-0.1288576815834015,-0.1462250213580672,15.0,15.0
活筹强度-Top20启动,70%,30%,Top20启动,按活筹强度排序,当前退出,0.293646645972631,0.4520925350634377,-0.1584458890908067,-0.1576841244911164,19.892177589852007,19.892177589852007
活筹强度-Top30启动,70%,30%,Top30启动,按活筹强度排序,当前退出,0.3596339115999445,0.4520925350634377,-0.0924586234634932,-0.153726939475252,27.775898520084567,27.775898520084567
活筹强度-全部启动,70%,30%,全部启动,按活筹强度排序,当前退出,0.4291444328308946,0.4520925350634377,-0.022948102232543,-0.1485958891932828,37.141649048625794,37.141649048625794
环境评分-Top5启动,70%,30%,Top5启动,按环境评分排序,当前退出,0.4821818777896529,0.4520925350634377,0.0300893427262152,-0.1591620970810232,5.0,5.0
环境评分-Top10启动,70%,30%,Top10启动,按环境评分排序,当前退出,0.4818403586554038,0.4520925350634377,0.0297478235919661,-0.1667191267966515,10.0,10.0
环境评分-Top15启动,70%,30%,Top15启动,按环境评分排序,当前退出,0.4358533224269376,0.4520925350634377,-0.0162392126365,-0.1671329163830772,15.0,15.0
环境评分-Top20启动,70%,30%,Top20启动,按环境评分排序,当前退出,0.4253672613483237,0.4520925350634377,-0.026725273715114,-0.1584816588520812,19.892177589852007,19.892177589852007
环境评分-Top30启动,70%,30%,Top30启动,按环境评分排序,当前退出,0.4150302660345728,0.4520925350634377,-0.0370622690288648,-0.1540851966021321,27.775898520084567,27.775898520084567
环境评分-全部启动,70%,30%,全部启动,按环境评分排序,当前退出,0.4291444328308946,0.4520925350634377,-0.022948102232543,-0.1485958891932828,37.141649048625794,37.141649048625794
全部+当前退出,70%,30%,全部启动,全部启动,当前退出,0.4291444328308946,0.4520925350634377,-0.022948102232543,-0.1485958891932828,37.141649048625794,37.141649048625794
Top10+当前退出,70%,30%,Top10启动,综合分等权,当前退出,0.1983250173818593,0.4520925350634377,-0.2537675176815783,-0.1703026943151752,10.0,10.0
Top20+当前退出,70%,30%,Top20启动,综合分等权,当前退出,0.353817608609642,0.4520925350634377,-0.0982749264537956,-0.1583549681470984,19.892177589852007,19.892177589852007
全部+去掉热度降仓,70%,30%,全部启动,全部启动,去掉指数5日>4%降仓,0.4128860441926214,0.4520925350634377,-0.0392064908708162,-0.1437851006140507,37.141649048625794,37.141649048625794
Top10+去掉热度降仓,70%,30%,Top10启动,综合分等权,去掉指数5日>4%降仓,0.1848792000297503,0.4520925350634377,-0.2672133350336874,-0.1706326193708268,10.0,10.0
Top20+去掉热度降仓,70%,30%,Top20启动,综合分等权,去掉指数5日>4%降仓,0.3393941909208584,0.4520925350634377,-0.1126983441425792,-0.1542600932634809,19.892177589852007,19.892177589852007
全部+去掉JCTREND减仓,70%,30%,全部启动,全部启动,去掉JCTREND减仓,0.428470084853447,0.4520925350634377,-0.0236224502099906,-0.1485958891932828,37.16279069767442,37.16279069767442
Top10+去掉JCTREND减仓,70%,30%,Top10启动,综合分等权,去掉JCTREND减仓,0.1978456864207192,0.4520925350634377,-0.2542468486427185,-0.1703026943151752,10.0,10.0
Top20+去掉JCTREND减仓,70%,30%,Top20启动,综合分等权,去掉JCTREND减仓,0.3554596806122354,0.4520925350634377,-0.0966328544512022,-0.1583549681470984,19.89429175475687,19.89429175475687
全部+去掉JCBAND减仓,70%,30%,全部启动,全部启动,去掉JCBAND减仓,0.428470084853447,0.4520925350634377,-0.0236224502099906,-0.1485958891932828,37.16279069767442,37.16279069767442
Top10+去掉JCBAND减仓,70%,30%,Top10启动,综合分等权,去掉JCBAND减仓,0.1978456864207192,0.4520925350634377,-0.2542468486427185,-0.1703026943151752,10.0,10.0
Top20+去掉JCBAND减仓,70%,30%,Top20启动,综合分等权,去掉JCBAND减仓,0.3554596806122354,0.4520925350634377,-0.0966328544512022,-0.1583549681470984,19.89429175475687,19.89429175475687
全部+只保留CT退出,70%,30%,全部启动,全部启动,只保留CT退出,0.4886306557482123,0.4520925350634377,0.0365381206847745,-0.1456071198030847,227.7061310782241,227.7061310782241
Top10+只保留CT退出,70%,30%,Top10启动,综合分等权,只保留CT退出,0.0594994761261029,0.4520925350634377,-0.3925930589373347,-0.2295454385861143,10.0,10.0
Top20+只保留CT退出,70%,30%,Top20启动,综合分等权,只保留CT退出,0.1548692137384795,0.4520925350634377,-0.2972233213249582,-0.2128986341732623,20.0,20.0
全部+启动后固定20日,70%,30%,全部启动,全部启动,启动后固定20日,0.4454395568744158,0.4520925350634377,-0.0066529781890218,-0.1288491086183765,9.531486146095718,8.0
Top10+启动后固定20日,70%,30%,Top10启动,综合分等权,启动后固定20日,0.3893805104011161,0.4520925350634377,-0.0627120246623216,-0.1320525303262983,6.73551637279597,5.653276955602537
Top20+启动后固定20日,70%,30%,Top20启动,综合分等权,启动后固定20日,0.4146587225804494,0.4520925350634377,-0.0374338124829882,-0.1296449072089474,8.750629722921914,7.3446088794926
全部+启动后固定30日,70%,30%,全部启动,全部启动,启动后固定30日,0.3283572374139984,0.4520925350634377,-0.1237352976494392,-0.1414434205225511,13.12085308056872,11.706131078224102
Top10+启动后固定30日,70%,30%,Top10启动,综合分等权,启动后固定30日,0.2723573205117293,0.4520925350634377,-0.1797352145517083,-0.1468966024570328,7.592417061611374,6.773784355179704
Top20+启动后固定30日,70%,30%,Top20启动,综合分等权,启动后固定30日,0.2893925794834688,0.4520925350634377,-0.1626999555799688,-0.146419037561847,11.151658767772512,9.949260042283298
Top10 75%/25,75%,25%,Top10启动,综合分等权,当前退出,0.2377119337383768,0.4520925350634377,-0.2143806013250608,-0.1680049175002381,10.0,10.0
Top10 80%/20,80%,20%,Top10启动,综合分等权,当前退出,0.2782265963070649,0.4520925350634377,-0.1738659387563728,-0.1657149780070457,10.0,10.0
Top20 75%/25,75%,25%,Top20启动,综合分等权,当前退出,0.3699318965044691,0.4520925350634377,-0.0821606385589686,-0.1580484745199987,19.892177589852007,19.892177589852007
Top20 80%/20,80%,20%,Top20启动,综合分等权,当前退出,0.3861531249170726,0.4520925350634377,-0.065939410146365,-0.1577499346099152,19.892177589852007,19.892177589852007
Top10无热度 75%/25,75%,25%,Top10启动,综合分等权,去掉指数5日>4%降仓,0.2261472611914963,0.4520925350634377,-0.2259452738719414,-0.1682774603848539,10.0,10.0
Top10无热度 80%/20,80%,20%,Top10启动,综合分等权,去掉指数5日>4%降仓,0.2686790522733249,0.4520925350634377,-0.1834134827901128,-0.1659310807205792,10.0,10.0
Top10+CT 70%/30,70%,30%,Top10启动,综合分等权,只保留CT退出,0.0594994761261029,0.4520925350634377,-0.3925930589373347,-0.2295454385861143,10.0,10.0
Top10+CT 75%/25,75%,25%,Top10启动,综合分等权,只保留CT退出,0.1171998155753146,0.4520925350634377,-0.334892719488123,-0.2177500286195388,10.0,10.0
Top10+CT 80%/20,80%,20%,Top10启动,综合分等权,只保留CT退出,0.1778096087160448,0.4520925350634377,-0.2742829263473929,-0.2058134401275104,10.0,10.0
Top10+20日 70%/30,70%,30%,Top10启动,综合分等权,启动后固定20日,0.3893805104011161,0.4520925350634377,-0.0627120246623216,-0.1320525303262983,6.73551637279597,5.653276955602537
Top10+20日 75%/25,75%,25%,Top10启动,综合分等权,启动后固定20日,0.4000095204616609,0.4520925350634377,-0.0520830146017767,-0.1361774695486028,6.73551637279597,5.653276955602537
Top10+20日 80%/20,80%,20%,Top10启动,综合分等权,启动后固定20日,0.4105714256000683,0.4520925350634377,-0.0415211094633694,-0.1402913226066015,6.73551637279597,5.653276955602537
全部无热度 75%/25,75%,25%,全部启动,全部启动,去掉指数5日>4%降仓,0.4194965429685033,0.4520925350634377,-0.0325959920949343,-0.1459196062227615,37.141649048625794,37.141649048625794
全部无热度 80%/20,80%,20%,全部启动,全部启动,去掉指数5日>4%降仓,0.4260775017464704,0.4520925350634377,-0.0260150333169673,-0.1480570630853788,37.141649048625794,37.141649048625794
环境评分-Top5+当前退出,70%,30%,Top5启动,按环境评分排序,当前退出,0.48218187778965294,0.4520925350634377,0.030089342726215218,-0.15916209708102325,5.0,5.0
环境评分-Top5+去掉JCTREND减仓,70%,30%,Top5启动,按环境评分排序,去掉JCTREND减仓,0.48218187778965294,0.4520925350634377,0.030089342726215218,-0.15916209708102325,5.0,5.0
环境评分-Top5+去掉JCBAND减仓,70%,30%,Top5启动,按环境评分排序,去掉JCBAND减仓,0.48218187778965294,0.4520925350634377,0.030089342726215218,-0.15916209708102325,5.0,5.0
环境评分-Top5+去掉指数5日>4%降仓,70%,30%,Top5启动,按环境评分排序,去掉指数5日>4%降仓,0.4669058563363879,0.4520925350634377,0.014813321272950208,-0.16105783425941878,5.0,5.0
环境评分-Top5+只保留CT退出,70%,30%,Top5启动,按环境评分排序,只保留CT退出,0.24365091956640494,0.4520925350634377,-0.20844161549703277,-0.21948598518761053,5.0,5.0
环境评分-Top5+启动后固定20日,70%,30%,Top5启动,按环境评分排序,启动后固定20日,0.41578574086777786,0.4520925350634377,-0.03630679419565985,-0.1592365492049007,4.251889168765743,3.568710359408034
环境评分-Top5+启动后固定30日,70%,30%,Top5启动,按环境评分排序,启动后固定30日,0.3109244330612144,0.4520925350634377,-0.1411681020022233,-0.16365780161789123,4.518957345971564,4.031712473572939
环境评分-Top10+当前退出,70%,30%,Top10启动,按环境评分排序,当前退出,0.48184035865540387,0.4520925350634377,0.02974782359196615,-0.16671912679665157,10.0,10.0
环境评分-Top10+去掉JCTREND减仓,70%,30%,Top10启动,按环境评分排序,去掉JCTREND减仓,0.48184035865540387,0.4520925350634377,0.02974782359196615,-0.16671912679665157,10.0,10.0
环境评分-Top10+去掉JCBAND减仓,70%,30%,Top10启动,按环境评分排序,去掉JCBAND减仓,0.48184035865540387,0.4520925350634377,0.02974782359196615,-0.16671912679665157,10.0,10.0
环境评分-Top10+去掉指数5日>4%降仓,70%,30%,Top10启动,按环境评分排序,去掉指数5日>4%降仓,0.46321535995712315,0.4520925350634377,0.011122824893685435,-0.16773710685004684,10.0,10.0
环境评分-Top10+只保留CT退出,70%,30%,Top10启动,按环境评分排序,只保留CT退出,0.2967597930060062,0.4520925350634377,-0.15533274205743153,-0.19363183338324874,10.0,10.0
环境评分-Top10+启动后固定20日,70%,30%,Top10启动,按环境评分排序,启动后固定20日,0.41730625114344844,0.4520925350634377,-0.03478628391998928,-0.14197884532388205,6.73551637279597,5.653276955602537
环境评分-Top10+启动后固定30日,70%,30%,Top10启动,按环境评分排序,启动后固定30日,0.29388074405537656,0.4520925350634377,-0.15821179100806115,-0.16128880980263205,7.592417061611374,6.773784355179704
环境评分-Top15+当前退出,70%,30%,Top15启动,按环境评分排序,当前退出,0.43585332242693764,0.4520925350634377,-0.016239212636500078,-0.16713291638307726,15.0,15.0
环境评分-Top15+去掉JCTREND减仓,70%,30%,Top15启动,按环境评分排序,去掉JCTREND减仓,0.43585332242693764,0.4520925350634377,-0.016239212636500078,-0.16713291638307726,15.0,15.0
环境评分-Top15+去掉JCBAND减仓,70%,30%,Top15启动,按环境评分排序,去掉JCBAND减仓,0.43585332242693764,0.4520925350634377,-0.016239212636500078,-0.16713291638307726,15.0,15.0
环境评分-Top15+去掉指数5日>4%降仓,70%,30%,Top15启动,按环境评分排序,去掉指数5日>4%降仓,0.42118896413577245,0.4520925350634377,-0.03090357092766527,-0.1651965960096018,15.0,15.0
环境评分-Top15+只保留CT退出,70%,30%,Top15启动,按环境评分排序,只保留CT退出,0.3390196076642511,0.4520925350634377,-0.11307292739918662,-0.19633445704055896,15.0,15.0
环境评分-Top15+启动后固定20日,70%,30%,Top15启动,按环境评分排序,启动后固定20日,0.427013878250025,0.4520925350634377,-0.025078656813412703,-0.12920907078704813,8.103274559193954,6.8012684989429175
环境评分-Top15+启动后固定30日,70%,30%,Top15启动,按环境评分排序,启动后固定30日,0.3125442312359501,0.4520925350634377,-0.13954830382748762,-0.14545801923680068,9.746445497630331,8.695560253699789
环境评分-Top20+当前退出,70%,30%,Top20启动,按环境评分排序,当前退出,0.4253672613483237,0.4520925350634377,-0.026725273715114017,-0.1584816588520812,19.892177589852007,19.892177589852007
环境评分-Top20+去掉JCTREND减仓,70%,30%,Top20启动,按环境评分排序,去掉JCTREND减仓,0.4253672613483237,0.4520925350634377,-0.026725273715114017,-0.1584816588520812,19.892177589852007,19.892177589852007
环境评分-Top20+去掉JCBAND减仓,70%,30%,Top20启动,按环境评分排序,去掉JCBAND减仓,0.4253672613483237,0.4520925350634377,-0.026725273715114017,-0.1584816588520812,19.892177589852007,19.892177589852007
环境评分-Top20+去掉指数5日>4%降仓,70%,30%,Top20启动,按环境评分排序,去掉指数5日>4%降仓,0.4125208299883907,0.4520925350634377,-0.03957170507504704,-0.15411764629117908,19.892177589852007,19.892177589852007
环境评分-Top20+只保留CT退出,70%,30%,Top20启动,按环境评分排序,只保留CT退出,0.3705346010252941,0.4520925350634377,-0.0815579340381436,-0.1866437875870287,20.0,20.0
环境评分-Top20+启动后固定20日,70%,30%,Top20启动,按环境评分排序,启动后固定20日,0.44729097824961017,0.4520925350634377,-0.0048015568138275455,-0.12848927316019365,8.750629722921914,7.3446088794926006
环境评分-Top20+启动后固定30日,70%,30%,Top20启动,按环境评分排序,启动后固定30日,0.30762773135182564,0.4520925350634377,-0.14446480371161208,-0.14321218020841242,11.151658767772512,9.949260042283298
环境评分-Top5 75%/25,75%,25%,Top5启动,按环境评分排序,当前退出,0.4779515390294582,0.4520925350634377,0.025859003966020477,-0.15868112383301414,5.0,5.0
环境评分-Top5 80%/20,80%,20%,Top5启动,按环境评分排序,当前退出,0.4734031641542371,0.4520925350634377,0.021310629090799393,-0.158224056039585,5.0,5.0
环境评分-Top10 75%/25,75%,25%,Top10启动,按环境评分排序,当前退出,0.47737694698468447,0.4520925350634377,0.025284411921246752,-0.16500841453453163,10.0,10.0
环境评分-Top10 80%/20,80%,20%,Top10启动,按环境评分排序,当前退出,0.4727130361684151,0.4520925350634377,0.020620501104977373,-0.16330963598880488,10.0,10.0
