ts_code,name,industry
600000.SH,浦发银行,J66货币金融服务
600009.SH,上海机场,G56航空运输业
600010.SH,包钢股份,C31黑色金属冶炼和压延加工业
600011.SH,华能国际,D44电力、热力生产和供应业
600015.SH,华夏银行,J66货币金融服务
600016.SH,民生银行,J66货币金融服务
600018.SH,上港集团,G55水上运输业
600019.SH,宝钢股份,C31黑色金属冶炼和压延加工业
600023.SH,浙能电力,D44电力、热力生产和供应业
600025.SH,华能水电,D44电力、热力生产和供应业
600026.SH,中远海能,G55水上运输业
600027.SH,华电国际,D44电力、热力生产和供应业
600028.SH,中国石化,B07石油和天然气开采业
600029.SH,南方航空,G56航空运输业
600030.SH,中信证券,J67资本市场服务
600031.SH,三一重工,C35专用设备制造业
600036.SH,招商银行,J66货币金融服务
600039.SH,四川路桥,E48土木工程建筑业
600048.SH,保利发展,K70房地产业
600050.SH,中国联通,I63电信、广播电视和卫星传输服务
600061.SH,国投资本,J67资本市场服务
600066.SH,宇通客车,C36汽车制造业
600085.SH,同仁堂,C27医药制造业
600089.SH,特变电工,C38电气机械和器材制造业
600104.SH,上汽集团,C36汽车制造业
600111.SH,北方稀土,C32有色金属冶炼和压延加工业
600115.SH,中国东航,G56航空运输业
600118.SH,中国卫星,C39计算机、通信和其他电子设备制造业
600150.SH,中国船舶,C37铁路、船舶、航空航天和其他运输设备制造业
600160.SH,巨化股份,C26化学原料和化学制品制造业
600176.SH,中国巨石,C30非金属矿物制品业
600183.SH,生益科技,C39计算机、通信和其他电子设备制造业
600188.SH,兖矿能源,B06煤炭开采和洗选业
600196.SH,复星医药,C27医药制造业
600219.SH,南山铝业,C32有色金属冶炼和压延加工业
600221.SH,海航控股,G56航空运输业
600233.SH,圆通速递,G60邮政业
600276.SH,恒瑞医药,C27医药制造业
600309.SH,万华化学,C26化学原料和化学制品制造业
600346.SH,恒力石化,C26化学原料和化学制品制造业
600362.SH,江西铜业,C32有色金属冶炼和压延加工业
600372.SH,中航机载,C37铁路、船舶、航空航天和其他运输设备制造业
600406.SH,国电南瑞,I65软件和信息技术服务业
600415.SH,小商品城,L72商务服务业
600426.SH,华鲁恒升,C26化学原料和化学制品制造业
600436.SH,片仔癀,C27医药制造业
600438.SH,通威股份,C38电气机械和器材制造业
600460.SH,士兰微,C39计算机、通信和其他电子设备制造业
600482.SH,中国动力,C37铁路、船舶、航空航天和其他运输设备制造业
600489.SH,中金黄金,B09有色金属矿采选业
600515.SH,海南机场,K70房地产业
600519.SH,贵州茅台,C15酒、饮料和精制茶制造业
600522.SH,中天科技,C38电气机械和器材制造业
600547.SH,山东黄金,B09有色金属矿采选业
600549.SH,厦门钨业,C32有色金属冶炼和压延加工业
600570.SH,恒生电子,I65软件和信息技术服务业
600584.SH,长电科技,C39计算机、通信和其他电子设备制造业
600585.SH,海螺水泥,C30非金属矿物制品业
600588.SH,用友网络,I65软件和信息技术服务业
600600.SH,青岛啤酒,C15酒、饮料和精制茶制造业
600660.SH,福耀玻璃,C30非金属矿物制品业
600674.SH,川投能源,D44电力、热力生产和供应业
600690.SH,海尔智家,C38电气机械和器材制造业
600741.SH,华域汽车,C36汽车制造业
600760.SH,中航沈飞,C37铁路、船舶、航空航天和其他运输设备制造业
600795.SH,国电电力,D44电力、热力生产和供应业
600803.SH,新奥股份,D45燃气生产和供应业
600809.SH,山西汾酒,C15酒、饮料和精制茶制造业
600845.SH,宝信软件,I65软件和信息技术服务业
600875.SH,东方电气,C34通用设备制造业
600886.SH,国投电力,D44电力、热力生产和供应业
600887.SH,伊利股份,C14食品制造业
600893.SH,航发动力,C37铁路、船舶、航空航天和其他运输设备制造业
600900.SH,长江电力,D44电力、热力生产和供应业
600905.SH,三峡能源,D44电力、热力生产和供应业
600918.SH,中泰证券,J67资本市场服务
600919.SH,江苏银行,J66货币金融服务
600926.SH,杭州银行,J66货币金融服务
600930.SH,华电新能,D44电力、热力生产和供应业
600938.SH,中国海油,B07石油和天然气开采业
600941.SH,中国移动,I63电信、广播电视和卫星传输服务
600958.SH,东方证券,J67资本市场服务
600989.SH,宝丰能源,C26化学原料和化学制品制造业
600999.SH,招商证券,J67资本市场服务
601006.SH,大秦铁路,G53铁路运输业
601009.SH,南京银行,J66货币金融服务
601012.SH,隆基绿能,C38电气机械和器材制造业
601018.SH,宁波港,G55水上运输业
601021.SH,春秋航空,G56航空运输业
601058.SH,赛轮轮胎,C29橡胶和塑料制品业
601059.SH,信达证券,J67资本市场服务
601066.SH,中信建投,J67资本市场服务
601077.SH,渝农商行,J66货币金融服务
601088.SH,中国神华,B06煤炭开采和洗选业
601100.SH,恒立液压,C34通用设备制造业
601111.SH,中国国航,G56航空运输业
601117.SH,中国化学,E48土木工程建筑业
601127.SH,赛力斯,C36汽车制造业
601136.SH,首创证券,J67资本市场服务
601138.SH,工业富联,C39计算机、通信和其他电子设备制造业
601166.SH,兴业银行,J66货币金融服务
601169.SH,北京银行,J66货币金融服务
601186.SH,中国铁建,E48土木工程建筑业
601211.SH,国泰海通,J67资本市场服务
601225.SH,陕西煤业,B06煤炭开采和洗选业
601229.SH,上海银行,J66货币金融服务
601238.SH,广汽集团,C36汽车制造业
601288.SH,农业银行,J66货币金融服务
601318.SH,中国平安,J68保险业
601319.SH,中国人保,J68保险业
601328.SH,交通银行,J66货币金融服务
601336.SH,新华保险,J68保险业
601360.SH,三六零,I64互联网和相关服务
601377.SH,兴业证券,J67资本市场服务
601390.SH,中国中铁,E48土木工程建筑业
601398.SH,工商银行,J66货币金融服务
601456.SH,国联民生,J67资本市场服务
601600.SH,中国铝业,C32有色金属冶炼和压延加工业
601601.SH,中国太保,J68保险业
601607.SH,上海医药,F52零售业
601618.SH,中国中冶,E48土木工程建筑业
601628.SH,中国人寿,J68保险业
601633.SH,长城汽车,C36汽车制造业
601658.SH,邮储银行,J66货币金融服务
601668.SH,中国建筑,E48土木工程建筑业
601669.SH,中国电建,E48土木工程建筑业
601688.SH,华泰证券,J67资本市场服务
601689.SH,拓普集团,C36汽车制造业
601698.SH,中国卫通,I63电信、广播电视和卫星传输服务
601727.SH,上海电气,C34通用设备制造业
601728.SH,中国电信,I63电信、广播电视和卫星传输服务
601766.SH,中国中车,C37铁路、船舶、航空航天和其他运输设备制造业
601788.SH,光大证券,J67资本市场服务
601800.SH,中国交建,E48土木工程建筑业
601816.SH,京沪高铁,G53铁路运输业
601818.SH,光大银行,J66货币金融服务
601825.SH,沪农商行,J66货币金融服务
601838.SH,成都银行,J66货币金融服务
601857.SH,中国石油,B07石油和天然气开采业
601868.SH,中国能建,E48土木工程建筑业
601872.SH,招商轮船,G55水上运输业
601877.SH,正泰电器,C38电气机械和器材制造业
601878.SH,浙商证券,J67资本市场服务
601881.SH,中国银河,J67资本市场服务
601888.SH,中国中免,L72商务服务业
601898.SH,中煤能源,B06煤炭开采和洗选业
601899.SH,紫金矿业,B09有色金属矿采选业
601901.SH,方正证券,J67资本市场服务
601916.SH,浙商银行,J66货币金融服务
601919.SH,中远海控,G55水上运输业
601939.SH,建设银行,J66货币金融服务
601985.SH,中国核电,D44电力、热力生产和供应业
601988.SH,中国银行,J66货币金融服务
601995.SH,中金公司,J67资本市场服务
601998.SH,中信银行,J66货币金融服务
603019.SH,中科曙光,C39计算机、通信和其他电子设备制造业
603259.SH,药明康德,M73研究和试验发展
603260.SH,合盛硅业,C26化学原料和化学制品制造业
603288.SH,海天味业,C14食品制造业
603296.SH,华勤技术,C39计算机、通信和其他电子设备制造业
603369.SH,今世缘,C15酒、饮料和精制茶制造业
603392.SH,万泰生物,C27医药制造业
603501.SH,豪威集团,C39计算机、通信和其他电子设备制造业
603799.SH,华友钴业,C32有色金属冶炼和压延加工业
603893.SH,瑞芯微,C39计算机、通信和其他电子设备制造业
603986.SH,兆易创新,C39计算机、通信和其他电子设备制造业
603993.SH,洛阳钼业,B09有色金属矿采选业
605117.SH,德业股份,C38电气机械和器材制造业
605499.SH,东鹏饮料,C15酒、饮料和精制茶制造业
688008.SH,澜起科技,C39计算机、通信和其他电子设备制造业
688009.SH,中国通号,C37铁路、船舶、航空航天和其他运输设备制造业
688012.SH,中微公司,C35专用设备制造业
688036.SH,传音控股,C39计算机、通信和其他电子设备制造业
688041.SH,海光信息,C39计算机、通信和其他电子设备制造业
688047.SH,龙芯中科,C39计算机、通信和其他电子设备制造业
688072.SH,拓荆科技,C35专用设备制造业
688082.SH,盛美上海,C35专用设备制造业
688111.SH,金山办公,I65软件和信息技术服务业
688126.SH,沪硅产业,C39计算机、通信和其他电子设备制造业
688183.SH,生益电子,C39计算机、通信和其他电子设备制造业
688223.SH,晶科能源,C38电气机械和器材制造业
688256.SH,寒武纪,I65软件和信息技术服务业
688271.SH,联影医疗,C35专用设备制造业
688303.SH,大全能源,C38电气机械和器材制造业
688396.SH,华润微,C39计算机、通信和其他电子设备制造业
688472.SH,阿特斯,C38电气机械和器材制造业
688506.SH,百利天恒,C27医药制造业
688521.SH,芯原股份,I65软件和信息技术服务业
688981.SH,中芯国际,C39计算机、通信和其他电子设备制造业
000001.SZ,平安银行,J66货币金融服务
000002.SZ,万科A,K70房地产业
000063.SZ,中兴通讯,C39计算机、通信和其他电子设备制造业
000100.SZ,TCL科技,C39计算机、通信和其他电子设备制造业
000157.SZ,中联重科,C35专用设备制造业
000166.SZ,申万宏源,J67资本市场服务
000301.SZ,东方盛虹,C26化学原料和化学制品制造业
000333.SZ,美的集团,C38电气机械和器材制造业
000338.SZ,潍柴动力,C36汽车制造业
000408.SZ,藏格矿业,C26化学原料和化学制品制造业
000425.SZ,徐工机械,C35专用设备制造业
000538.SZ,云南白药,C27医药制造业
000568.SZ,泸州老窖,C15酒、饮料和精制茶制造业
000596.SZ,古井贡酒,C15酒、饮料和精制茶制造业
000617.SZ,中油资本,J66货币金融服务
000625.SZ,长安汽车,C36汽车制造业
000630.SZ,铜陵有色,C32有色金属冶炼和压延加工业
000651.SZ,格力电器,C38电气机械和器材制造业
000657.SZ,中钨高新,C33金属制品业
000708.SZ,中信特钢,C31黑色金属冶炼和压延加工业
000725.SZ,京东方A,C39计算机、通信和其他电子设备制造业
000768.SZ,中航西飞,C37铁路、船舶、航空航天和其他运输设备制造业
000776.SZ,广发证券,J67资本市场服务
000792.SZ,盐湖股份,C26化学原料和化学制品制造业
000807.SZ,云铝股份,C32有色金属冶炼和压延加工业
000858.SZ,五粮液,C15酒、饮料和精制茶制造业
000895.SZ,双汇发展,C13农副食品加工业
000938.SZ,紫光股份,C39计算机、通信和其他电子设备制造业
000963.SZ,华东医药,F52零售业
000975.SZ,山金国际,B09有色金属矿采选业
000977.SZ,浪潮信息,C39计算机、通信和其他电子设备制造业
000988.SZ,华工科技,C39计算机、通信和其他电子设备制造业
000999.SZ,华润三九,C27医药制造业
001280.SZ,中国铀业,B09有色金属矿采选业
001391.SZ,国货航,G56航空运输业
001965.SZ,招商公路,G54道路运输业
001979.SZ,招商蛇口,K70房地产业
002001.SZ,新和成,C27医药制造业
002027.SZ,分众传媒,L72商务服务业
002028.SZ,思源电气,C38电气机械和器材制造业
002049.SZ,紫光国微,C39计算机、通信和其他电子设备制造业
002050.SZ,三花智控,C34通用设备制造业
002074.SZ,国轩高科,C38电气机械和器材制造业
002142.SZ,宁波银行,J66货币金融服务
002179.SZ,中航光电,C39计算机、通信和其他电子设备制造业
002202.SZ,金风科技,C34通用设备制造业
002230.SZ,科大讯飞,I65软件和信息技术服务业
002236.SZ,大华股份,C39计算机、通信和其他电子设备制造业
002241.SZ,歌尔股份,C39计算机、通信和其他电子设备制造业
002304.SZ,洋河股份,C15酒、饮料和精制茶制造业
002311.SZ,海大集团,C13农副食品加工业
002352.SZ,顺丰控股,G60邮政业
002353.SZ,杰瑞股份,C35专用设备制造业
002371.SZ,北方华创,C35专用设备制造业
002384.SZ,东山精密,C39计算机、通信和其他电子设备制造业
002415.SZ,海康威视,C39计算机、通信和其他电子设备制造业
002422.SZ,科伦药业,C27医药制造业
002460.SZ,赣锋锂业,C32有色金属冶炼和压延加工业
002463.SZ,沪电股份,C39计算机、通信和其他电子设备制造业
002466.SZ,天齐锂业,C32有色金属冶炼和压延加工业
002475.SZ,立讯精密,C39计算机、通信和其他电子设备制造业
002493.SZ,荣盛石化,C26化学原料和化学制品制造业
002532.SZ,天山铝业,C32有色金属冶炼和压延加工业
002558.SZ,巨人网络,I64互联网和相关服务
002594.SZ,比亚迪,C36汽车制造业
002600.SZ,领益智造,C39计算机、通信和其他电子设备制造业
002602.SZ,世纪华通,I64互联网和相关服务
002625.SZ,光启技术,C37铁路、船舶、航空航天和其他运输设备制造业
002648.SZ,卫星化学,C26化学原料和化学制品制造业
002709.SZ,天赐材料,C39计算机、通信和其他电子设备制造业
002714.SZ,牧原股份,A03畜牧业
002736.SZ,国信证券,J67资本市场服务
002837.SZ,英维克,C35专用设备制造业
002916.SZ,深南电路,C39计算机、通信和其他电子设备制造业
002920.SZ,德赛西威,C39计算机、通信和其他电子设备制造业
002938.SZ,鹏鼎控股,C39计算机、通信和其他电子设备制造业
003816.SZ,中国广核,D44电力、热力生产和供应业
300014.SZ,亿纬锂能,C38电气机械和器材制造业
300015.SZ,爱尔眼科,Q84卫生
300033.SZ,同花顺,J69其他金融业
300059.SZ,东方财富,J67资本市场服务
300122.SZ,智飞生物,C27医药制造业
300124.SZ,汇川技术,C38电气机械和器材制造业
300251.SZ,光线传媒,R87广播、电视、电影和录音制作业
300274.SZ,阳光电源,C38电气机械和器材制造业
300308.SZ,中际旭创,C39计算机、通信和其他电子设备制造业
300316.SZ,晶盛机电,C35专用设备制造业
300394.SZ,天孚通信,C39计算机、通信和其他电子设备制造业
300408.SZ,三环集团,C39计算机、通信和其他电子设备制造业
300413.SZ,芒果超媒,I64互联网和相关服务
300418.SZ,昆仑万维,I64互联网和相关服务
300433.SZ,蓝思科技,C39计算机、通信和其他电子设备制造业
300442.SZ,润泽科技,I65软件和信息技术服务业
300450.SZ,先导智能,C35专用设备制造业
300476.SZ,胜宏科技,C39计算机、通信和其他电子设备制造业
300498.SZ,温氏股份,A03畜牧业
300502.SZ,新易盛,C39计算机、通信和其他电子设备制造业
300628.SZ,亿联网络,C39计算机、通信和其他电子设备制造业
300661.SZ,圣邦股份,C39计算机、通信和其他电子设备制造业
300750.SZ,宁德时代,C38电气机械和器材制造业
300760.SZ,迈瑞医疗,C35专用设备制造业
300803.SZ,指南针,J69其他金融业
300832.SZ,新产业,C27医药制造业
300866.SZ,安克创新,C39计算机、通信和其他电子设备制造业
300896.SZ,爱美客,C35专用设备制造业
300999.SZ,金龙鱼,C13农副食品加工业
301165.SZ,锐捷网络,C39计算机、通信和其他电子设备制造业
301236.SZ,软通动力,I65软件和信息技术服务业
301269.SZ,华大九天,I65软件和信息技术服务业
301308.SZ,江波龙,C39计算机、通信和其他电子设备制造业
302132.SZ,中航成飞,C39计算机、通信和其他电子设备制造业
