ts_code,name,bao_code
600000.SH,浦发银行,sh.600000
600009.SH,上海机场,sh.600009
600010.SH,包钢股份,sh.600010
600011.SH,华能国际,sh.600011
600015.SH,华夏银行,sh.600015
600016.SH,民生银行,sh.600016
600018.SH,上港集团,sh.600018
600019.SH,宝钢股份,sh.600019
600023.SH,浙能电力,sh.600023
600025.SH,华能水电,sh.600025
600026.SH,中远海能,sh.600026
600027.SH,华电国际,sh.600027
600028.SH,中国石化,sh.600028
600029.SH,南方航空,sh.600029
600030.SH,中信证券,sh.600030
600031.SH,三一重工,sh.600031
600036.SH,招商银行,sh.600036
600039.SH,四川路桥,sh.600039
600048.SH,保利发展,sh.600048
600050.SH,中国联通,sh.600050
600061.SH,国投资本,sh.600061
600066.SH,宇通客车,sh.600066
600085.SH,同仁堂,sh.600085
600089.SH,特变电工,sh.600089
600104.SH,上汽集团,sh.600104
600111.SH,北方稀土,sh.600111
600115.SH,中国东航,sh.600115
600118.SH,中国卫星,sh.600118
600150.SH,中国船舶,sh.600150
600160.SH,巨化股份,sh.600160
600176.SH,中国巨石,sh.600176
600183.SH,生益科技,sh.600183
600188.SH,兖矿能源,sh.600188
600196.SH,复星医药,sh.600196
600219.SH,南山铝业,sh.600219
600221.SH,海航控股,sh.600221
600233.SH,圆通速递,sh.600233
600276.SH,恒瑞医药,sh.600276
600309.SH,万华化学,sh.600309
600346.SH,恒力石化,sh.600346
600362.SH,江西铜业,sh.600362
600372.SH,中航机载,sh.600372
600406.SH,国电南瑞,sh.600406
600415.SH,小商品城,sh.600415
600426.SH,华鲁恒升,sh.600426
600436.SH,片仔癀,sh.600436
600438.SH,通威股份,sh.600438
600460.SH,士兰微,sh.600460
600482.SH,中国动力,sh.600482
600489.SH,中金黄金,sh.600489
600515.SH,海南机场,sh.600515
600519.SH,贵州茅台,sh.600519
600522.SH,中天科技,sh.600522
600547.SH,山东黄金,sh.600547
600549.SH,厦门钨业,sh.600549
600570.SH,恒生电子,sh.600570
600584.SH,长电科技,sh.600584
600585.SH,海螺水泥,sh.600585
600588.SH,用友网络,sh.600588
600600.SH,青岛啤酒,sh.600600
600660.SH,福耀玻璃,sh.600660
600674.SH,川投能源,sh.600674
600690.SH,海尔智家,sh.600690
600741.SH,华域汽车,sh.600741
600760.SH,中航沈飞,sh.600760
600795.SH,国电电力,sh.600795
600803.SH,新奥股份,sh.600803
600809.SH,山西汾酒,sh.600809
600845.SH,宝信软件,sh.600845
600875.SH,东方电气,sh.600875
600886.SH,国投电力,sh.600886
600887.SH,伊利股份,sh.600887
600893.SH,航发动力,sh.600893
600900.SH,长江电力,sh.600900
600905.SH,三峡能源,sh.600905
600918.SH,中泰证券,sh.600918
600919.SH,江苏银行,sh.600919
600926.SH,杭州银行,sh.600926
600930.SH,华电新能,sh.600930
600938.SH,中国海油,sh.600938
600941.SH,中国移动,sh.600941
600958.SH,东方证券,sh.600958
600989.SH,宝丰能源,sh.600989
600999.SH,招商证券,sh.600999
601006.SH,大秦铁路,sh.601006
601009.SH,南京银行,sh.601009
601012.SH,隆基绿能,sh.601012
601018.SH,宁波港,sh.601018
601021.SH,春秋航空,sh.601021
601058.SH,赛轮轮胎,sh.601058
601059.SH,信达证券,sh.601059
601066.SH,中信建投,sh.601066
601077.SH,渝农商行,sh.601077
601088.SH,中国神华,sh.601088
601100.SH,恒立液压,sh.601100
601111.SH,中国国航,sh.601111
601117.SH,中国化学,sh.601117
601127.SH,赛力斯,sh.601127
601136.SH,首创证券,sh.601136
601138.SH,工业富联,sh.601138
601166.SH,兴业银行,sh.601166
601169.SH,北京银行,sh.601169
601186.SH,中国铁建,sh.601186
601211.SH,国泰海通,sh.601211
601225.SH,陕西煤业,sh.601225
601229.SH,上海银行,sh.601229
601238.SH,广汽集团,sh.601238
601288.SH,农业银行,sh.601288
601318.SH,中国平安,sh.601318
601319.SH,中国人保,sh.601319
601328.SH,交通银行,sh.601328
601336.SH,新华保险,sh.601336
601360.SH,三六零,sh.601360
601377.SH,兴业证券,sh.601377
601390.SH,中国中铁,sh.601390
601398.SH,工商银行,sh.601398
601456.SH,国联民生,sh.601456
601600.SH,中国铝业,sh.601600
601601.SH,中国太保,sh.601601
601607.SH,上海医药,sh.601607
601618.SH,中国中冶,sh.601618
601628.SH,中国人寿,sh.601628
601633.SH,长城汽车,sh.601633
601658.SH,邮储银行,sh.601658
601668.SH,中国建筑,sh.601668
601669.SH,中国电建,sh.601669
601688.SH,华泰证券,sh.601688
601689.SH,拓普集团,sh.601689
601698.SH,中国卫通,sh.601698
601727.SH,上海电气,sh.601727
601728.SH,中国电信,sh.601728
601766.SH,中国中车,sh.601766
601788.SH,光大证券,sh.601788
601800.SH,中国交建,sh.601800
601816.SH,京沪高铁,sh.601816
601818.SH,光大银行,sh.601818
601825.SH,沪农商行,sh.601825
601838.SH,成都银行,sh.601838
601857.SH,中国石油,sh.601857
601868.SH,中国能建,sh.601868
601872.SH,招商轮船,sh.601872
601877.SH,正泰电器,sh.601877
601878.SH,浙商证券,sh.601878
601881.SH,中国银河,sh.601881
601888.SH,中国中免,sh.601888
601898.SH,中煤能源,sh.601898
601899.SH,紫金矿业,sh.601899
601901.SH,方正证券,sh.601901
601916.SH,浙商银行,sh.601916
601919.SH,中远海控,sh.601919
601939.SH,建设银行,sh.601939
601985.SH,中国核电,sh.601985
601988.SH,中国银行,sh.601988
601995.SH,中金公司,sh.601995
601998.SH,中信银行,sh.601998
603019.SH,中科曙光,sh.603019
603259.SH,药明康德,sh.603259
603260.SH,合盛硅业,sh.603260
603288.SH,海天味业,sh.603288
603296.SH,华勤技术,sh.603296
603369.SH,今世缘,sh.603369
603392.SH,万泰生物,sh.603392
603501.SH,豪威集团,sh.603501
603799.SH,华友钴业,sh.603799
603893.SH,瑞芯微,sh.603893
603986.SH,兆易创新,sh.603986
603993.SH,洛阳钼业,sh.603993
605117.SH,德业股份,sh.605117
605499.SH,东鹏饮料,sh.605499
688008.SH,澜起科技,sh.688008
688009.SH,中国通号,sh.688009
688012.SH,中微公司,sh.688012
688036.SH,传音控股,sh.688036
688041.SH,海光信息,sh.688041
688047.SH,龙芯中科,sh.688047
688072.SH,拓荆科技,sh.688072
688082.SH,盛美上海,sh.688082
688111.SH,金山办公,sh.688111
688126.SH,沪硅产业,sh.688126
688183.SH,生益电子,sh.688183
688223.SH,晶科能源,sh.688223
688256.SH,寒武纪,sh.688256
688271.SH,联影医疗,sh.688271
688303.SH,大全能源,sh.688303
688396.SH,华润微,sh.688396
688472.SH,阿特斯,sh.688472
688506.SH,百利天恒,sh.688506
688521.SH,芯原股份,sh.688521
688981.SH,中芯国际,sh.688981
000001.SZ,平安银行,sz.000001
000002.SZ,万科A,sz.000002
000063.SZ,中兴通讯,sz.000063
000100.SZ,TCL科技,sz.000100
000157.SZ,中联重科,sz.000157
000166.SZ,申万宏源,sz.000166
000301.SZ,东方盛虹,sz.000301
000333.SZ,美的集团,sz.000333
000338.SZ,潍柴动力,sz.000338
000408.SZ,藏格矿业,sz.000408
000425.SZ,徐工机械,sz.000425
000538.SZ,云南白药,sz.000538
000568.SZ,泸州老窖,sz.000568
000596.SZ,古井贡酒,sz.000596
000617.SZ,中油资本,sz.000617
000625.SZ,长安汽车,sz.000625
000630.SZ,铜陵有色,sz.000630
000651.SZ,格力电器,sz.000651
000657.SZ,中钨高新,sz.000657
000708.SZ,中信特钢,sz.000708
000725.SZ,京东方A,sz.000725
000768.SZ,中航西飞,sz.000768
000776.SZ,广发证券,sz.000776
000792.SZ,盐湖股份,sz.000792
000807.SZ,云铝股份,sz.000807
000858.SZ,五粮液,sz.000858
000895.SZ,双汇发展,sz.000895
000938.SZ,紫光股份,sz.000938
000963.SZ,华东医药,sz.000963
000975.SZ,山金国际,sz.000975
000977.SZ,浪潮信息,sz.000977
000988.SZ,华工科技,sz.000988
000999.SZ,华润三九,sz.000999
001280.SZ,中国铀业,sz.001280
001391.SZ,国货航,sz.001391
001965.SZ,招商公路,sz.001965
001979.SZ,招商蛇口,sz.001979
002001.SZ,新和成,sz.002001
002027.SZ,分众传媒,sz.002027
002028.SZ,思源电气,sz.002028
002049.SZ,紫光国微,sz.002049
002050.SZ,三花智控,sz.002050
002074.SZ,国轩高科,sz.002074
002142.SZ,宁波银行,sz.002142
002179.SZ,中航光电,sz.002179
002202.SZ,金风科技,sz.002202
002230.SZ,科大讯飞,sz.002230
002236.SZ,大华股份,sz.002236
002241.SZ,歌尔股份,sz.002241
002304.SZ,洋河股份,sz.002304
002311.SZ,海大集团,sz.002311
002352.SZ,顺丰控股,sz.002352
002353.SZ,杰瑞股份,sz.002353
002371.SZ,北方华创,sz.002371
002384.SZ,东山精密,sz.002384
002415.SZ,海康威视,sz.002415
002422.SZ,科伦药业,sz.002422
002460.SZ,赣锋锂业,sz.002460
002463.SZ,沪电股份,sz.002463
002466.SZ,天齐锂业,sz.002466
002475.SZ,立讯精密,sz.002475
002493.SZ,荣盛石化,sz.002493
002532.SZ,天山铝业,sz.002532
002558.SZ,巨人网络,sz.002558
002594.SZ,比亚迪,sz.002594
002600.SZ,领益智造,sz.002600
002602.SZ,世纪华通,sz.002602
002625.SZ,光启技术,sz.002625
002648.SZ,卫星化学,sz.002648
002709.SZ,天赐材料,sz.002709
002714.SZ,牧原股份,sz.002714
002736.SZ,国信证券,sz.002736
002837.SZ,英维克,sz.002837
002916.SZ,深南电路,sz.002916
002920.SZ,德赛西威,sz.002920
002938.SZ,鹏鼎控股,sz.002938
003816.SZ,中国广核,sz.003816
300014.SZ,亿纬锂能,sz.300014
300015.SZ,爱尔眼科,sz.300015
300033.SZ,同花顺,sz.300033
300059.SZ,东方财富,sz.300059
300122.SZ,智飞生物,sz.300122
300124.SZ,汇川技术,sz.300124
300251.SZ,光线传媒,sz.300251
300274.SZ,阳光电源,sz.300274
300308.SZ,中际旭创,sz.300308
300316.SZ,晶盛机电,sz.300316
300394.SZ,天孚通信,sz.300394
300408.SZ,三环集团,sz.300408
300413.SZ,芒果超媒,sz.300413
300418.SZ,昆仑万维,sz.300418
300433.SZ,蓝思科技,sz.300433
300442.SZ,润泽科技,sz.300442
300450.SZ,先导智能,sz.300450
300476.SZ,胜宏科技,sz.300476
300498.SZ,温氏股份,sz.300498
300502.SZ,新易盛,sz.300502
300628.SZ,亿联网络,sz.300628
300661.SZ,圣邦股份,sz.300661
300750.SZ,宁德时代,sz.300750
300760.SZ,迈瑞医疗,sz.300760
300803.SZ,指南针,sz.300803
300832.SZ,新产业,sz.300832
300866.SZ,安克创新,sz.300866
300896.SZ,爱美客,sz.300896
300999.SZ,金龙鱼,sz.300999
301165.SZ,锐捷网络,sz.301165
301236.SZ,软通动力,sz.301236
301269.SZ,华大九天,sz.301269
301308.SZ,江波龙,sz.301308
302132.SZ,中航成飞,sz.302132
