date,strategy_ret,benchmark_ret,excess_ret,n_hold,satellite_w,turnover,sat_ret,heat,nav,bench,excess_nav
2024-09-02,0.0,0.0,0.0,26,0.3,0.0,-0.0020234449594993802,0,1.0,1.0,1.0
2024-09-03,0.0027053080225433635,0.0025780005029079067,0.00012730751963545674,26,0.3,0.0,0.003002358901692763,0,1.0027053080225434,1.002578000502908,1.000126980164707
2024-09-04,-0.0059146590176516025,-0.006495728239892196,0.0005810692222405931,25,0.3,0.011538461538461645,-0.004547292370885092,0,0.9967746480304007,0.9960655262723466,1.0007119227996053
2024-09-05,0.0009924604393163762,0.0017197467446989911,-0.000727286305382615,25,0.3,0.0,-0.0007045409399097255,0,0.9977639074354844,0.9977785067186603,0.9999853682124062
2024-09-06,-0.007545804888878445,-0.008107447398330248,0.0005616425094518021,25,0.3,0.0,-0.006235305700157574,0,0.9902349756648112,0.9896890699602543,1.0005515931428635
2024-09-09,-0.012476459427589216,-0.01188176802005425,-0.0005946914075349655,25,0.3,0.0,-0.01386407271183747,0,0.9778803491671494,0.9779298140190034,0.9999494188119179
2024-09-10,0.001519816525655291,0.0008780590347814421,0.0006417574908738489,24,0.3,0.011999999999999985,0.0030292506710276057,0,0.9793665478819272,0.9787884941275848,1.0005905808638031
2024-09-11,-0.005347750083239117,-0.0030119015373893943,-0.002335848545849723,24,0.3,0.0,-0.010798063356888472,0,0.9741291403439701,0.9758404795573429,0.9982462920433993
2024-09-12,-0.002380810572354684,-0.004285826513225288,0.001905015940870604,24,0.3,0.0,0.0020642266230100578,0,0.9718099233878004,0.9716581965573775,1.0001561524731233
2024-09-13,-0.00196489944919623,-0.004169521036684776,0.0022046215874885456,22,0.3,0.025,0.003204217588277042,0,0.9699004146046123,0.9676068472663644,1.0023703504628223
2024-09-18,0.005986750060359159,0.003723418903301967,0.0022633311570571923,22,0.3,0.0,0.01126785609349261,0,0.9757069659702888,0.9712096528924403,1.0046306305383752
2024-09-19,0.004785479933447507,0.007891964522851236,-0.0031064845894037286,22,0.3,0.0,-0.002462984108494523,0,0.9803761920768645,0.9788744050173181,1.0015341979030699
2024-09-20,0.0026097423742668944,0.0015688185210196437,0.0010409238532472507,22,0.3,0.0,0.00503856469851048,0,0.9829347213680499,0.9804100813136614,1.0025750857753377
2024-09-23,0.005021880540759189,0.0036594870738808627,0.0013623934668783267,22,0.3,0.0,0.008200798630141953,0,0.9878709021181247,0.9839978793333312,1.0039360072477164
2024-09-24,0.041546045667924726,0.04331009197407876,-0.001764046306154031,22,0.3,0.0,0.03742993762023199,0,1.0289130317315383,1.0266149179895563,1.0022385353083338
2024-09-25,0.014425114677421294,0.014804697860234306,-0.0003795831828130123,22,0.12,0.1800000000000001,0.012091504670125866,1,1.0437552202073588,1.041813641669201,1.0018636524427218
2024-09-26,0.040715972938822446,0.04227135235789281,-0.0015553794190703643,21,0.12,0.005454545454545505,0.029323493562609413,1,1.0862527295080762,1.0858525132074592,1.0003685733520427
2024-09-27,0.040268333311293696,0.044668600332991026,-0.004400267021697331,21,0.12,0.0,0.007999708485513277,1,1.12999431648021,1.1343560251404972,0.9961549032546929
2024-09-30,0.08228853414581735,0.08482622266273232,-0.0025376885169149654,21,0.12,0.0,0.06367881835510764,1,1.2229798923764712,1.230579161907877,0.9938246398389975
2024-10-08,0.05674138252513996,0.05929575100342732,-0.0025543684782873624,21,0.12,0.0,0.03800934701769933,1,1.292373462270359,1.3035472774823726,0.9914281473291906
2024-10-09,-0.06807757158737235,-0.07051351423870533,0.002435942651332984,21,0.12,0.0,-0.05021399214426381,1,1.2043918153750284,1.2116295779707937,0.9940264229865641
2024-10-10,0.01264886027425442,0.010567282642378606,0.002081577631875813,21,0.12,0.0,0.027913762908010387,1,1.2196259991631628,1.224433210179077,0.9960739295733321
2024-10-11,-0.02704665103410821,-0.0276705274934671,0.0006238764593588901,21,0.12,0.0,-0.022471556998809664,1,1.1866392003716713,1.1905524973729027,0.9967130412057708
2024-10-14,0.019530323506897703,0.01908212330471004,0.00044820020218766174,21,0.12,0.0,0.022817124989607224,1,1.2098146478408964,1.213270766928503,0.9971514033125878
2024-10-15,-0.025612271659965907,-0.026593888980664726,0.0009816173206988188,21,0.3,0.18000000000000002,-0.023141831245002003,0,1.1788285464221893,1.1810051788493205,0.9981569662300278
2024-10-16,-0.003530650731116267,-0.0063293392841365925,0.0027986885530203254,21,0.3,0.0,0.0029996225592644897,0,1.1746665145529032,1.1735301963760607,1.0009682905308712
2024-10-17,-0.011389176561576354,-0.011318359041118442,-7.081752045791194e-05,21,0.3,0.0,-0.01155441744264482,0,1.1612880302176887,1.1602477602678822,1.0008965929393963
2024-10-18,0.03127857274358283,0.036167972956809846,-0.0048894002132270145,21,0.3,0.0,0.01986997224605313,0,1.1976114623471048,1.2022115698844502,0.9961736289580149
2024-10-21,-0.000922587626979061,0.0025382945322496298,-0.0034608821592286908,21,0.3,0.0,-0.008997979331846005,0,1.1965065608300152,1.205263136938895,0.992734718385962
2024-10-22,0.005776402482736946,0.005737475837933825,3.892664480312051e-05,21,0.3,0.0,0.005867231320610896,0,1.2034180642986048,1.2121783050654342,0.9927731417645224
2024-10-23,0.0030167688626444727,0.003899513754633155,-0.0008827448919886821,21,0.3,0.0,0.0009570307813375489,0,1.2070484984437249,1.2169052110391048,0.9919001804693043
2024-10-24,-0.009430949864044795,-0.011168680307748202,0.0017377304437034072,21,0.3,0.0,-0.005376245495403513,0,1.1956648845714315,1.2033139857721762,0.993643303999466
2024-10-25,0.0034934513153284706,0.007021829940663693,-0.0035283786253352224,21,0.3,0.0,-0.0047394321437870465,0,1.1998418816351295,1.2117634519454905,0.9901618007283345
2024-10-28,0.0011650278650530061,0.001955277256894483,-0.000790249391841477,21,0.3,0.0,-0.0006788873825771063,0,1.201239730860892,1.2141327854638155,0.9893808529369394
2024-10-29,-0.008300746574777284,-0.009966280598025845,0.0016655340232485608,21,0.3,0.0,-0.004414500520530644,0,1.191268544279462,1.2020323974406204,0.9910452886427379
2024-10-30,-0.009390493171969307,-0.008969031370703484,-0.0004214618012658225,20,0.3,0.014285714285714356,-0.01035961832730385,0,1.180081945148424,1.1912513311593735,0.9906238207515125
2024-10-31,-0.0027207082947548894,0.0004090296910201907,-0.00312973798577508,20,0.3,0.0,-0.01002343026156341,0,1.176871286411768,1.191738588323285,0.9875246953843843
2024-11-01,0.0018343381415243537,-0.00026196083946306015,0.0020962989809874136,20,0.3,0.0,0.006725702430494986,0,1.179030066300098,1.1914263994822674,0.9895953848365656
2024-11-04,0.011836576272730544,0.014072317308986726,-0.0022357410362561815,20,0.3,0.0,0.006619847188132789,0,1.1929857456077018,1.2081925298260854,0.9874136084746588
2024-11-05,0.021805990346098397,0.025302059422141587,-0.00349606907604319,20,0.3,0.0,0.013648495835330966,0,1.2189999812594563,1.2387622890091325,0.9840467312211418
2024-11-06,-0.006293581367160991,-0.005016451058795446,-0.0012771303083655454,20,0.3,0.0,-0.009273552086680598,0,1.2113281056908323,1.2325480986128368,0.9827836390759221
2024-11-07,0.029418657690146566,0.030169870504388685,-0.0007512128142421193,20,0.3,0.0,0.027665827790248298,0,1.2469637525826045,1.2697339151384166,0.9820669808970726
2024-11-08,-0.010437326301850916,-0.010046131707898032,-0.00039119459395288436,20,0.12,0.18000000000000008,-0.012856086657505402,1,1.2339487850103195,1.256978000992951,0.9816789029207834
2024-11-11,0.0049207978833643905,0.006599388359831204,-0.0016785904764668137,20,0.12,0.0,-0.007388865610725581,1,1.2400207975797781,1.2652732869812677,0.9800418694828072
2024-11-12,-0.010867059726166244,-0.010986869649649456,0.00011980992348321201,20,0.12,0.0,-0.009988453620622688,1,1.2265454175107904,1.251371894306021,0.9801605926198312
2024-11-13,0.008437237015179429,0.006154841359331531,0.002282395655847898,20,0.3,0.18000000000000008,0.013942826878824529,0,1.2368940719082113,1.2590738897970009,0.9823840220430863
2024-11-14,-0.013231279683558618,-0.017337121223454655,0.0041058415398960366,20,0.3,0.0,-0.00365098275713453,0,1.220528380503858,1.2372451731403036,0.9864886984412184
2024-11-15,-0.014597770070704914,-0.01752350859020335,0.002925738519498438,20,0.3,0.0,-0.007771046858541892,0,1.202711387840493,1.2155642967205917,0.9894263850009629
2024-11-18,-0.001610734809726458,-0.004648774646679343,0.0030380398369528857,20,0.3,0.0,0.005478024809830274,0,1.2007741387420439,1.2099134122365884,0.9924463408685997
2024-11-19,0.0028755782351387077,0.006710897679074179,-0.0038353194439354715,20,0.3,0.0,-0.006073500467377393,0,1.2042270587207278,1.2180330173466476,0.9886653658568348
2024-11-20,0.001976159730098611,0.002233277088395047,-0.0002571173582964362,20,0.3,0.0,0.001376219227406927,0,1.2066068037400668,1.2207532225771967,0.9884117292705035
2024-11-21,-0.00012180377039218166,0.000884445819000268,-0.0010062495893924496,20,0.3,0.0,-0.002469719478974564,0,1.2064598344819903,1.2218329126609362,0.9874180192564416
2024-11-22,-0.02915220734474321,-0.030982644840837792,0.0018304374960945828,20,0.3,0.0,-0.024881186520522524,0,1.1712888672340669,1.183977297473116,0.9892832149179472
2024-11-25,-0.005796414444868713,-0.0045549331325313025,-0.0012414813123374103,19,0.3,0.015000000000000088,-0.008678204173656003,0,1.1644995915249174,1.1785843600526908,0.9880494184335318
2024-11-26,0.0005509789837920115,-0.002054577245043876,0.0026055562288358875,19,0.3,0.0,0.006630610184409082,0,1.165141206326482,1.176162867445162,0.9906291369811555
2024-11-27,0.01634321037899525,0.01741062090060419,-0.0010674105216089413,19,0.3,0.0,0.013852585828574387,0,1.1841833541827123,1.1966405932476174,0.9895898240999021
2024-11-28,-0.008868701850102127,-0.008828719057143108,-3.99827929590188e-05,19,0.3,0.0,-0.008961995033673172,0,1.173681185078612,1.1860757896374612,0.9895499051012264
2024-11-29,0.009731254386065924,0.011370465020404508,-0.0016392106343385837,19,0.3,0.0,0.005906429572609228,0,1.1851025752587512,1.1995620229150825,0.9879460608287739
2024-12-02,0.007252028956941712,0.007927522132046061,-0.0006754931751043487,21,0.3,0.028571428571428616,0.005704449643602997,0,1.193696973451474,1.2090715774005039,0.9872839588355181
2024-12-03,0.002834159322137292,0.0010789252898952828,0.001755234032242009,22,0.3,0.01363636363636362,0.0069433417610050095,0,1.1970801008565886,1.210376075302655,0.9890150055694535
2024-12-04,-0.0034863026016262876,-0.00539852919027739,0.0019122265886511026,23,0.3,0.013043478260869566,0.0009886029168204866,0,1.1929067173866172,1.2038418247289202,0.9909164915874514
2024-12-05,-0.003274729476376844,-0.0022817886768612405,-0.0009929407995156033,23,0.3,0.0,-0.005591591341913251,0,1.1890002705966234,1.2010949120845218,0.9899303199387399
2024-12-06,0.0125312258273232,0.0131457967245463,-0.0006145708972230997,23,0.3,0.0,0.011097227067135966,0,1.203899901496218,1.2168842616456716,0.9893298314731311
2024-12-09,-0.00044195384396735567,-0.0016535282354097625,0.0012115743914424067,23,0.3,0.013043478260869565,0.0023980965476591296,0,1.2033678333069997,1.2148721091598147,0.9905304634404923
2024-12-10,0.0061083691212492075,0.007327765333219327,-0.0012193962119701196,23,0.3,0.0,0.003263111293318928,0,1.2107184482214766,1.2237744068856111,0.9893314007952162
2024-12-11,-0.0024536228470485155,-0.00170338300760009,-0.0007502398394484255,23,0.3,0.0,-0.004204182472428176,0,1.2077478017755772,1.2216898503557863,0.9885878984947376
2024-12-12,0.009567930303432264,0.00994627297803663,-0.0003783426746043657,23,0.3,0.0,0.00868513072935541,0,1.2193034485670893,1.2338411111019216,0.9882175570225172
2024-12-13,-0.02301585153005955,-0.023662377167826598,0.0006465256377670495,23,0.3,0.0,-0.021507291708603105,0,1.1912401414247795,1.2046454973658578,0.9888719494902101
2024-12-16,-0.004140056836042616,-0.005425430735347847,0.0012853738993052312,23,0.3,0.0,-0.0011408510709970782,0,1.1863083395339056,1.1981097766592508,0.9901499534055621
2024-12-17,0.0023145673761792588,0.002605371342234264,-0.00029080396605500516,23,0.3,0.0,0.0016360247887175806,0,1.1890541301146802,1.2012312975362094,0.9898627621120885
2024-12-18,0.005310231089431659,0.005062832968225184,0.0002473981212064748,23,0.3,0.0,0.005887493372246767,0,1.1953682823234324,1.2073129309518396,0.9901064187070455
2024-12-19,0.0004059833030417565,0.0009065448300180634,-0.0005005615269763068,24,0.3,0.012500000000000004,-0.0007494935932362928,0,1.1958535818870413,1.208407414247608,0.9896112584112344
2024-12-20,-0.005461251313281261,-0.004491081973005184,-0.0009701693402760763,24,0.3,0.0,-0.00772497977392544,0,1.1893227249424685,1.2029803574934348,0.9886468366121757
2024-12-23,0.004253503171312821,0.0014837270075716003,0.002769776163741221,25,0.3,0.011999999999999985,0.01072831422004234,0,1.1943815129247257,1.2047652519394259,0.9913811101391043
2024-12-24,0.013137183066536443,0.012740685196085622,0.00039649787045082166,32,0.3,0.06562500000000002,0.014127969764255035,0,1.2100723215113047,1.220114786749569,0.9917692455272854
2024-12-25,0.0009498355965777691,0.0004872118254637403,0.00046262377111402876,35,0.3,0.025714285714285835,0.002055005348224789,0,1.2112216912767098,1.2207092411020966,0.99222783812399
2024-12-26,-4.51059793857371e-05,0.00046441852805623185,-0.000509524507441969,35,0.3,0.0,-0.0012339964967503312,0,1.2111670579360714,1.2212761610910339,0.9917225084079825
2024-12-27,-0.001335985084746755,-0.0016174124605663476,0.00028142737581959257,35,0.3,0.0,-0.0006793212078343729,0,1.2095489568115323,1.2193008538102925,0.9920020584187359
2024-12-30,0.00638719722644939,0.004527520975912136,0.0018596762505372543,34,0.3,0.008571428571428702,0.010735013239607747,0,1.2172745845537336,1.224821264001866,0.9938385463496321
2024-12-31,-0.015774230061204045,-0.016039789801335358,0.0002655597401313124,34,0.3,0.0,-0.01515459066756432,0,1.1980730152093264,1.2051753883830703,0.9941067721410468
2025-01-02,-0.028457274841869787,-0.029102488699299323,0.0006452138574295357,33,0.3,0.0088235294117647,-0.026942952311789108,0,1.163979122134887,1.1701017852619784,0.9947674098063866
2025-01-03,-0.010626949431883857,-0.011839194018461785,0.001212244586577928,33,0.3,0.0,-0.007798378729868695,0,1.151609574864191,1.1562487232049132,0.9959877591666754
2025-01-06,-0.0005708167794202022,-0.0016410144531968651,0.0010701976737766629,33,0.3,0.0,0.0019263111260586776,0,1.1509522167955175,1.1543513023386436,0.9970554149882798
2025-01-07,0.0072431352255009716,0.0071997925586930744,4.3342666807897126e-05,33,0.3,0.0,0.0073442681147193965,0,1.1592887193398576,1.162662392255339,0.997098321113718
2025-01-08,-0.00024509632587415935,-0.0018150707349940953,0.0015699744091199359,34,0.3,0.0088235294117647,0.003427000824817456,0,1.1590045819341201,1.160552077772478,0.998666586473803
2025-01-09,-0.0029013546672588086,-0.0024643624763153182,-0.0004369921909434904,35,0.3,0.008571428571428702,-0.003912431684222191,0,1.1556418985809511,1.1576920567802058,0.9982290988460639
2025-01-10,-0.012351417018489777,-0.012539216550759513,0.00018779953226973588,36,0.3,0.008333333333333423,-0.011904884776527059,0,1.1413680835675386,1.1431755053811445,0.9984189463427986
2025-01-13,-0.004158151426130656,-0.0026705028286013732,-0.0014876485975292824,36,0.3,0.0,-0.007629331487032315,0,1.1366221022431122,1.1401226519604364,0.9969296726880174
2025-01-14,0.024733524821636328,0.026333420460855406,-0.0015998956392190775,36,0.3,0.0,0.02100043499679181,0,1.1647347732217626,1.170145981131456,0.9953756129603067
2025-01-15,-0.00666531041633084,-0.006416240428871345,-0.00024906998745949545,44,0.3,0.054545454545454605,-0.007191928265857544,0,1.1569714544055447,1.162638043179639,0.9951260937939059
2025-01-16,0.0024459059508206804,0.001147937342895089,0.0012979686079255914,44,0.3,0.0,0.005474499369313728,0,1.1598012977708048,1.1639726788056755,0.9964162552001213
2025-01-17,0.003359112203434065,0.003146866542629967,0.0002122456608040983,44,0.3,0.0,0.003854352078643628,0,1.1636972004637052,1.1676355454851444,0.9966270767992055
2025-01-20,0.003194173685283813,0.004546679156274047,-0.0013525054709902342,44,0.3,0.0,3.832758630660133e-05,0,1.1674142514390649,1.1729444096819264,0.9952852341532868
2025-01-21,0.00012089247307674075,0.0007671927581140991,-0.0006463002850373583,44,0.3,0.0,-0.0013871415253437621,0,1.1675553830350263,1.1738442841387047,0.9946424741435848
2025-01-22,-0.007783769771781278,-0.009288150425773356,0.001504380653992078,45,0.3,0.006666666666666761,-0.0042668815791330975,0,1.1584674007376776,1.16294144185119,0.9961528233903243
2025-01-23,0.002618137853884382,0.0017717331022466531,0.0008464047516377289,45,0.3,0.0,0.0045930822743724155,0,1.16150042809204,1.1650018636996924,0.9969944806813159
2025-01-24,0.007621530881434314,0.007655562720718434,-3.403183928411997e-05,45,0.3,0.0,0.007542123256438039,0,1.1703528394735425,1.1739206085369993,0.996960808901802
2025-01-27,-0.0017078175866755104,-0.004117939283883265,0.0024101216972077545,46,0.3,0.006521739130434967,0.003922321445939685,0,1.168354090311674,1.1690864747469447,0.9993735412639777
2025-02-05,-0.008014482981124338,-0.005762362551355316,-0.0022521204297690223,45,0.3,0.013043478260869748,-0.013256387172324522,0,1.158990336338944,1.1623497746255669,0.9971097871226369
2025-02-06,0.011142041126984473,0.012581168146756472,-0.0014391270197719984,45,0.3,0.0,0.007784078080849814,0,1.17190385433221,1.1769734925854756,0.9956926487425566
2025-02-07,0.0121728720942255,0.012977774668958997,-0.0008049025747334966,45,0.3,0.0,0.010294766086514008,0,1.1861692900577259,1.1922479893635876,0.9949014807656699
2025-02-10,0.002378806124701671,0.00214735119259557,0.00023145493210610093,47,0.3,0.012765957446808805,0.0029316335903960484,0,1.1889909568298482,1.1948081645054172,0.995131262198918
2025-02-11,-0.0038323289387835763,-0.004595312999142842,0.0007629840603592657,47,0.3,0.0,-0.0020520327979452906,0,1.1844343523780372,1.1893176470155835,0.9958940366774173
2025-02-12,0.008385787285620758,0.009457950369587964,-0.0010721630839672057,47,0.3,0.0,0.005884073423030609,0,1.1943667669108615,1.2005661542947321,0.9948362800652893
2025-02-13,-0.0043209067088165265,-0.0037557192387680516,-0.000565187470048475,47,0.3,0.0,-0.005639677472262968,0,1.1892060195349288,1.1960571648916336,0.9942718913796018
2025-02-14,0.008876096026456747,0.008672852121708985,0.0002032439047477616,47,0.3,0.0,0.009350331804201528,0,1.1997615263595611,1.2064303918118493,0.9944722335432277
2025-02-17,0.001473336539886306,0.002129926858497555,-0.000656590318611249,47,0.3,0.0,-5.870753687327421e-05,0,1.2015291788554963,1.209000000306277,0.9938206605054688
2025-02-18,-0.008635803827996958,-0.008769168289908702,0.00013336446191174363,47,0.3,0.006382978723404255,-0.008318237104812823,0,1.1911530085732858,1.1983980758410917,0.993954373414092
2025-02-19,0.0050162060444540624,0.006996887049368183,-0.001980681004914121,47,0.3,0.006382978723404255,0.0004010000117111864,0,1.1971280774947608,1.206783131817932,0.9919993459731024
2025-02-20,-0.002617836230144961,-0.0028588431505905954,0.00024100692044563441,47,0.3,0.0,-0.0020554867491051477,0,1.1939941922413713,1.203333128127286,0.9922391101286734
2025-02-21,0.01374445922831486,0.012611202042792646,0.0011332571855222143,45,0.3,0.012765957446808805,0.016401491951980172,0,1.2104049967354775,1.218508605330885,0.993349568021141
2025-02-24,-0.0005325195135410319,-0.00219359629040905,0.001661076776868018,44,0.3,0.006666666666666762,0.003349992965817677,0,1.2097604324554283,1.2158356893743996,0.9950032253765332
2025-02-25,-0.01205723245219306,-0.011100640451211952,-0.0009565920009811085,46,0.3,0.01304347826086962,-0.014276236976221447,0,1.1951740697098476,1.202339134538903,0.9940407289231228
2025-02-26,0.008390273783890052,0.008735061870637661,-0.0003447880867476095,46,0.3,0.0,0.007585768248145631,0,1.2052019073741194,1.2128416412685892,0.9937009633949582
2025-02-27,0.002075868216254202,0.0020643235292401307,1.1544687014071117e-05,47,0.3,0.006382978723404366,0.0021091887980104404,0,1.2077037477078063,1.2153453388059021,0.993712411728502
2025-02-28,-0.018704022574267367,-0.01967361890815733,0.0009695963338899639,47,0.3,0.0,-0.016441631128524124,0,1.1851148295476521,1.1914350977684294,0.9946952475778033
2025-03-03,0.0001699181975349163,-0.000404853543350181,0.0005747717408850973,47,0.3,0.0,0.0015110522596001432,0,1.1853162021233608,1.190952741047426,0.9952672018546193
2025-03-04,-0.0007881701298251434,-0.0008365750079118994,4.840487808675602e-05,47,0.3,0.006382978723404255,-0.000668842435565975,0,1.1843819712984494,1.1899564197486616,0.9953154179785931
2025-03-05,0.006560687948011093,0.004465589188650476,0.002095098759360617,46,0.3,0.006382978723404365,0.011455634698575938,0,1.1921523318233886,1.1952702762716565,0.9973914314526473
2025-03-06,0.012491763345979621,0.013751525725120839,-0.0012597623791412178,45,0.3,0.006521739130434967,0.009558839533780547,0,1.2070444166248842,1.2117070662242784,0.9961519993327074
2025-03-07,-0.0026730001282830227,-0.0030894509881347343,0.0004164508598517116,45,0.3,0.0,-0.001701281455295696,0,1.2038179867444025,1.207963556631202,0.996568133314915
2025-03-10,-0.0032365816564040757,-0.003857110761489757,0.0006205291050856813,44,0.3,0.006666666666666761,-0.0017820137445374875,0,1.1999217315308564,1.2033043073974323,0.9971889273180681
2025-03-11,0.003253882542759109,0.0032106226381793945,4.325990457971444e-05,42,0.3,0.013636363636363676,0.003368458683748141,0,1.2038261359057618,1.2071676634473814,0.9972319275583668
2025-03-12,-0.003273902306145156,-0.003598757674812214,0.000324855368667058,42,0.3,0.0,-0.002515906445922021,0,1.1998849267432221,1.202823359553765,0.9975570537542329
2025-03-13,-0.0033274967904945727,-0.003985555727998191,0.0006580589375036186,40,0.3,0.014285714285714523,-0.0017777402220337498,0,1.1958923135005213,1.1980294400233253,0.998216131881732
2025-03-14,0.0222920150076162,0.02428108769263604,-0.0019890726850198374,40,0.3,0.0075,0.017658345409236584,0,1.2225511629005679,1.2271188979148913,0.9962776752749185
2025-03-17,-0.0018943496934846545,-0.00243827823527365,0.0005439285417889953,41,0.3,0.00731707317073171,-0.0006178660228062672,0,1.220235223479858,1.2241268406140124,0.9968209036800447
2025-03-18,0.0034132585065118513,0.0027360222995087558,0.0006772362070030956,41,0.3,0.0,0.004993476322852409,0,1.224400201736346,1.2274760789473596,0.9974941448849648
2025-03-19,-0.0001266993099507937,0.0006100970703337705,-0.0007367963802845642,42,0.3,0.007142857142857378,-0.0018387480068052528,0,1.2242450710756825,1.2282249585070302,0.9967596429271511
2025-03-20,-0.008116162321654661,-0.008771752205892658,0.0006555898842379969,42,0.3,0.0,-0.006586452591766006,0,1.2143088993573465,1.2174512735179137,0.9974188912288152
2025-03-21,-0.014150211184608375,-0.015168886637703216,0.0010186754530948413,41,0.3,0.007142857142857378,-0.011766158936910895,0,1.1971261719880908,1.198983893162993,0.9984505870466688
2025-03-24,0.005639528112082938,0.005148037563891261,0.0004914905481916768,41,0.3,0.0,0.006786339391196851,0,1.203877398688728,1.2051563072834968,0.9989388027204109
2025-03-25,-0.0005270167727967192,-0.0006489449174740258,0.00012192814467730658,41,0.3,0.0,-0.00024251776854967077,0,1.203242935107228,1.2043742272231235,0.9990606805672819
2025-03-26,-0.003366129496781362,-0.00329031765698351,-7.581183979785177e-05,40,0.3,0.00731707317073171,-0.0035357067164722847,0,1.1991926635715697,1.2004114534376753,0.9989846899056025
2025-03-27,0.0021380808458085878,0.003330929367335367,-0.001192848521526779,41,0.3,0.00731707317073171,-0.0006379152979164979,0,1.2017566344359865,1.2044099392008165,0.9977970085778347
2025-03-28,-0.003660367898764981,-0.004385476729204085,0.0007251088304391041,40,0.3,0.00731707317073171,-0.00196113022123634,0,1.1973577630291692,1.1991280274400293,0.9985237069184019
2025-03-31,-0.005009801395121857,-0.007116070832446364,0.0021062694373245074,40,0.3,0.0,-9.517270803134056e-05,0,1.1913592384374856,1.1905949474595945,1.0006419403841096
2025-04-01,-0.0007271752206558423,9.736821308825583e-05,-0.0008245434337440981,40,0.3,0.0,-0.0026511098993920713,0,1.1904929115203944,1.1907108735621406,0.9998169479706739
2025-04-02,0.00056388052276084,-0.0008483971215664798,0.0014122776443273198,39,0.3,0.015000000000000218,0.003874195026191253,0,1.1911642072856856,1.1897006778843926,1.0012301660648757
2025-04-03,-0.0056819269434880545,-0.005890866967951491,0.00020894002446343683,39,0.3,0.0,-0.005194400219740036,0,1.1843960992821905,1.1826923094592938,1.001440602774931
2025-04-07,-0.07060104446172405,-0.07045514967046262,-0.00014589479126142502,39,0.3,0.0,-0.07094146564133406,0,1.100776497616476,1.0993655457822342,1.001283423734403
2025-04-08,0.018092756329583584,0.017082996163803488,0.0010097601657800964,38,0.3,0.007692307692307783,0.020456555690762792,0,1.1206925785611834,1.1181460031834498,1.002277498082078
2025-04-09,0.008321858048499471,0.009870632380828193,-0.0015487743323287211,36,0.3,0.015789473684210548,0.004723840746750007,0,1.1300188231159762,1.129182811328966,1.0007403688566836
2025-04-10,0.013354910588563295,0.013106454027012049,0.0002484565615512458,35,0.3,0.008333333333333423,0.01394297589884954,0,1.1451101234620837,1.1439823939337412,1.0009857927310093
2025-04-11,0.003982136949479853,0.00412346061303448,-0.00014132366355462667,35,0.3,0.0,0.003652381734519059,0,1.1496701087959456,1.148699560277132,1.0008449106732307
2025-04-14,0.0035239973538653924,0.0022998164492906703,0.001224180904574722,34,0.3,0.008571428571428702,0.0063889908931111725,0,1.1537215432171606,1.1513413584211503,1.002067314596667
2025-04-15,0.0007544517108855152,0.0005566695508354425,0.00019778216005007278,34,0.12,0.18000000000000005,0.002654854217919382,1,1.1545919704093262,1.1519822750980009,1.0022653953691287
2025-04-16,0.00259558408970177,0.003080265023603479,-0.0004846809339017089,34,0.3,0.18000000000000005,0.0016446619105977844,0,1.157588810957818,1.1555306858077965,1.0017811081741916
2025-04-17,-0.0013184543627007782,-0.00015858162768633832,-0.0011598727350144399,34,0.3,0.0,-0.004024824077734471,0,1.1560625829397972,1.1553474398707997,1.0006189852890293
2025-04-18,0.000908124812684391,7.976730744463367e-05,0.0008283575052397573,33,0.3,0.0088235294117647,0.002849782520988923,0,1.1571124320563808,1.1554395988252413,1.0014477894239044
2025-04-21,0.0034605089939662133,0.003275685794360994,0.00018482319960521926,33,0.3,0.0,0.0038917631263783933,0,1.161116630034542,1.1592244559053553,1.0016322758888907
2025-04-22,-0.00021871621964452814,-0.00024529175372134393,2.6575534076815795e-05,33,0.3,0.0,-0.00015670664013195802,0,1.1608626749946545,1.1589401077056096,1.0016589013325727
2025-04-23,0.001059446205880137,0.0007743755325448909,0.0002850706733352462,33,0.3,0.0,0.0017246111103290454,0,1.1620925465512255,1.1598375625687019,1.001944223963164
2025-04-24,-0.0015246681366123949,-0.0006667753928667475,-0.0008578927437456474,33,0.3,0.0,-0.0035264178720189054,0,1.1603207410737042,1.1590642114222585,1.001084089767472
2025-04-25,0.0007864453211129838,0.0006966308203342209,8.981450077876298e-05,33,0.3,0.0,0.0009960124895967645,0,1.161233269891512,1.1598716512746816,1.001173939043457
2025-04-28,-0.0006888156245344857,-0.001419305239403923,0.0007304896148694372,33,0.3,0.0,0.0010156601434942007,0,1.1604333942714815,1.1582254393629914,1.0019063256888092
2025-04-29,-0.0011187978866897062,-0.0017299734177331771,0.000611175531043471,33,0.3,0.0,0.00030727835241172607,0,1.1591351038423265,1.156221740141151,1.0025197274882756
2025-04-30,-0.002683715964436093,-0.0011936711113711418,-0.0014900448530649514,33,0.3,0.0,-0.006160487288254314,0,1.1560243144592066,1.1548415916516053,1.0010241428921085
2025-05-06,0.01150155515796434,0.01007059806997379,0.001430957087990549,33,0.3,0.0,0.01484045502994229,0,1.169320391875907,1.1664715371556174,1.002442283955969
2025-05-07,0.005628317394982562,0.006061269004120851,-0.0004329516091382884,32,0.3,0.009090909090909092,0.004627187882750797,0,1.1759016981778099,1.1735418349279678,1.0020108897523767
2025-05-08,0.004000633561866755,0.005550983955379785,-0.0015503503935130293,32,0.3,0.0,0.00038314931033635313,0,1.1806060499769961,1.18005614682462,1.0004659974475416
2025-05-09,-0.0009441853601431401,-0.0017492554886566758,0.0008050701285135357,32,0.3,0.0,0.0009343116063884431,0,1.1794913390285113,1.177991927132864,1.0012728541351694
2025-05-12,0.010402201188946695,0.011557771724635346,-0.0011555705356886513,32,0.3,0.0,0.007705869939006512,0,1.1917606452377059,1.191606888920129,1.0001290327531727
2025-05-13,0.0017958916696105055,0.0014518804456762346,0.00034401122393427084,32,0.3,0.0,0.002598584525457137,0,1.193900918252658,1.1933369596610852,1.0004725895624091
2025-05-14,0.011684737130591993,0.012050664094831687,-0.0003659269642396941,32,0.3,0.0,0.010830907547366042,0,1.2078513366424126,1.2077174625139087,1.0001108488803543
2025-05-15,-0.008833162962192909,-0.009132557660878726,0.00029939469868581724,32,0.3,0.0,-0.008134575331926006,0,1.1971821889517476,1.1966879131494503,1.0004130365125827
2025-05-16,-0.004678569509543894,-0.004636006272728532,-4.2563236815361394e-05,32,0.3,0.002750394321766598,-0.004775133334457969,0,1.1915810888651488,1.191140060477591,1.0003702573712288
2025-05-19,-0.0016570523827960824,-0.003070156289188164,0.0014131039063920816,32,0.3,0.0,0.0016401900654521068,0,1.18960657658255,1.1874830743296119,1.0017882379116325
2025-05-20,0.0058273732302148926,0.005422855831583195,0.00040451739863169717,32,0.3,0.0,0.00677124716035552,0,1.196538858101415,1.1939226238441465,1.0021912929741166
2025-05-21,0.004937171531507538,0.004671473451456354,0.0002656980800511844,32,0.3,0.0,0.005557133718293637,0,1.202446375687976,1.1995000016845276,1.0024563351390667
2025-05-22,-0.0009631310694495762,-0.0006423277491894863,-0.00032080332026008986,32,0.3,0.0,-0.0017116721500564527,0,1.2012882622242038,1.198729529548293,1.00213453711854
2025-05-23,-0.006810103038357365,-0.008071560769940644,0.0012614577315832797,31,0.3,0.009463722397476407,-0.0038572379422655697,0,1.1931073653796878,1.1890539113038214,1.0034089741746206
2025-05-26,-0.005862173983282851,-0.005709900802728041,-0.00015227318055481033,31,0.3,0.0,-0.006217478071244078,0,1.1861131624230958,1.1822645314211808,1.0032553044598984
2025-05-27,-0.005378788467519578,-0.0053650848563330245,-1.370361118655395e-05,31,0.3,0.0,-0.005410763560288206,0,1.1797333106238812,1.1759215818874733,1.0032414820810498
2025-05-28,-0.0008429743119622258,-0.0008231240693037378,-1.9850242658487997e-05,31,0.3,0.0,-0.0008892915448320312,0,1.178738825748059,1.174953652529808,1.0032215510885056
2025-05-29,0.004982874738626284,0.005855530391425834,-0.0008726556527995496,31,0.3,0.0,0.0029466782154273373,0,1.184612333666317,1.1818336293507132,1.0023511806117165
2025-05-30,-0.0037093507415103238,-0.004785938517424926,0.001076587775914602,30,0.3,0.009771986970684038,-0.0011875406107389012,0,1.1802181910280296,1.1761774462628156,1.0034354890735688
2025-06-03,0.0038945550064781276,0.0030676269245482057,0.0008269280819299218,30,0.3,0.0,0.005824053864314613,0,1.1848146156926345,1.1797855198650178,1.0042627204207355
2025-06-04,0.0031541391874364538,0.004343235940006185,-0.001189096752569731,29,0.3,0.0101010101010101,0.0003896811082080923,0,1.188551685901838,1.1849096067363944,1.0030737189948817
2025-06-05,0.0004792846933414374,0.002277949253231437,-0.0017986645598899998,29,0.3,0.0,-0.0037175992797352283,0,1.189121340532136,1.1876087706902063,1.0012736263652302
2025-06-06,0.0005677003863757858,-0.0009210957304880418,0.0014887961168638278,29,0.3,0.0,0.004041557992391384,0,1.1897964051766037,1.1865148693220333,1.0027656929882771
2025-06-09,0.0017248866547781127,0.0029070330980449643,-0.0011821464432668516,29,0.3,0.0,-0.0010334550461778736,0,1.1918486691177959,1.189964107318475,1.0015837131454053
2025-06-10,-0.003223564159230594,-0.005091235023245155,0.0018676708640145614,29,0.3,0.0,0.0011343345234700476,0,1.188006668464801,1.1839057203788905,1.003463914410852
2025-06-11,0.006334591095164565,0.007543723327272378,-0.001209132232107813,29,0.3,0.0,0.0035132825535796695,0,1.1955322049278543,1.1928367775790039,1.0022596782724298
2025-06-12,0.00032842157230973684,-0.0006229097475155543,0.0009513313198252912,28,0.3,0.010452961672473985,0.002558647613574557,0,1.1959248434943437,1.192093747923055,1.0032137535977885
2025-06-13,-0.006512187421140244,-0.007198244118646335,0.0006860566975060911,28,0.3,0.0,-0.004911388460292699,0,1.1881367567719108,1.1835127661131928,1.0039070053075168
2025-06-16,0.002524212802902897,0.002487693256285839,3.651954661705809e-05,28,0.3,0.0,0.0026094250783427002,0,1.1911358667849539,1.1864569828401808,1.0039435765581426
2025-06-17,-0.0008250303488178457,-0.0008819516551094031,5.692130629155736e-05,28,0.3,0.0,-0.0006922139674708788,0,1.1901531435452908,1.1854105851404488,1.0040007727822677
2025-06-18,0.0020853220834734553,0.0011864989125354164,0.0008988231709380389,28,0.3,0.0,0.004182576148995546,0,1.1926349961782412,1.186817073510626,1.004902122490036
2025-06-19,-0.008320344536251693,-0.008227055543231554,-9.328899302013874e-05,28,0.3,0.0,-0.008538018853298688,0,1.1827118621040469,1.1770530635271985,1.004807598529068
2025-06-20,0.0031493894772072475,0.0009245422018608895,0.002224847275346358,28,0.3,0.010830324909747292,0.008351530111258498,0,1.1864366823971255,1.1781412987582591,1.00704107703177
2025-06-23,0.0035273409365744104,0.002926524815408671,0.0006008161211657394,28,0.3,0.0,0.0049292452192944685,0,1.1906216490755983,1.181589158505133,1.0076443580287184
2025-06-24,0.010479260200107442,0.011957951441788905,-0.0014786912416814638,30,0.3,0.020202020202020318,0.007049182656386049,0,1.2030984831361424,1.1957185442866816,1.0061719698876657
2025-06-25,0.012329401166037512,0.014352333286424601,-0.002022932120387089,30,0.3,0.0,0.007609226218467641,0,1.2179319669769793,1.2128798953510425,1.0041653519407003
2025-06-26,-0.0030579914389838037,-0.00354708716738128,0.0004890957283974762,31,0.3,0.009771986970684038,-0.0019069960857523425,0,1.214207541448699,1.208577704638668,1.0046582332177922
2025-06-27,-0.005816373571393595,-0.006148398405025679,0.0003320248336320837,31,0.3,0.0,-0.005041648959585402,0,1.2071452567944299,1.201146887407118,1.0049938683188535
2025-06-30,0.0034763737792516468,0.003651755342974017,-0.00017538156372237006,31,0.3,0.0,0.0030671501305661176,0,1.211341744912898,1.2055331819709036,1.0048182522296882
2025-07-01,0.0033874123645911535,0.0016978571391006447,0.0016895552254905088,31,0.3,0.0,0.007329707890735675,0,1.2154450589173613,1.2075800050903356,1.0065130705989433
2025-07-02,0.00021321842277770197,0.00023407448889889437,-2.0856066121192402e-05,30,0.3,0.006840390879478844,0.00017139465937439862,0,1.2157042141957966,1.2078626687628315,1.0064920836083102
2025-07-03,0.004349154535464264,0.006182720125535335,-0.0018335655900710707,30,0.3,0.0,7.083482529843439e-05,0,1.2209914996927493,1.2153305455938743,1.0046579542655276
2025-07-04,0.0047667074643032185,0.003562388906882541,0.0012043185574206776,29,0.3,0.009999999999999995,0.007586784098284801,0,1.2268116089881855,1.2196600256476935,1.0058635875490747
2025-07-07,-0.002501918393248157,-0.004276225568990322,0.0017743071757421649,30,0.3,0.009999999999999995,0.0016481316834835598,0,1.2237422264586075,1.2144444842605435,1.00765596313258
2025-07-08,0.006915210102795215,0.008392593859549047,-0.001477383756753832,30,0.3,0.0,0.0034679813370362754,0,1.2322046610662312,1.2246368235819118,1.0061796586045684
2025-07-09,-0.0024361149320414085,-0.001763707246055457,-0.0006724076859859515,31,0.3,0.009677419354838731,-0.003995388779987124,0,1.2292028688920766,1.2224769227423742,1.0055019003014096
2025-07-10,0.002836807655567856,0.004665956105733837,-0.0018291484501659814,31,0.3,0.0,-0.0014312053948194346,0,1.2326898810007956,1.2281809464041626,1.0036712298866337
2025-07-11,-0.0011879416664625296,0.0011926860393338679,-0.0023806277057963976,31,0.3,0.0,-0.006742739646654124,0,1.231225517329328,1.2296457806727148,1.0012847087197332
2025-07-14,0.0018792508680649587,0.0007125622726074088,0.00116668859545755,31,0.3,0.0,0.004601524257465908,0,1.233539298951553,1.2305219798646931,1.0024520643566168
2025-07-15,-0.0008581630269959089,0.00034761460367627173,-0.0012057776306721806,31,0.3,0.0,-0.0036716441652309972,0,1.2324807211328463,1.2309497272750387,1.0012437501092728
2025-07-16,-0.0027232977711407207,-0.0029515575814113015,0.00022825981027058085,31,0.3,0.0,-0.0021906915471760335,0,1.2291243091320112,1.2273165082751638,1.0014729703745189
2025-07-17,0.004893602547165571,0.00681001374051049,-0.0019164111933449189,31,0.3,0.0,0.00042197642936076137,0,1.2351391549819626,1.235674550560473,0.999566717969333
2025-07-18,0.005807915684380357,0.005962982691001262,-0.0001550670066209044,31,0.3,0.0,0.00544609266893158,0,1.2423127390525748,1.2430428565171758,0.9994126369330123
2025-07-21,0.006410683360210027,0.006667063195941569,-0.0002563798357315423,31,0.3,0.0,0.005812463743503095,0,1.250276812656996,1.2513303017968396,0.9991581046680235
2025-07-22,0.006789925330282771,0.008163046119558537,-0.0013731207892757656,31,0.3,0.0,0.0035859768219726534,0,1.258766098857121,1.2615449687612084,0.9977972486333039
2025-07-23,1.4554614653116867e-06,0.00019672450184127221,-0.00019526904037596053,32,0.3,0.009374999999999984,-0.0004447972994119295,0,1.2587679309426718,1.2617931455667384,0.9976024480441223
2025-07-24,0.004594692183885465,0.0071043554995868785,-0.0025096633157014134,32,0.3,0.0,-0.0012611888860844973,0,1.2645515821162998,1.2707573726397865,0.99511646309744
2025-07-25,-0.006100639659997341,-0.005271922389312067,-0.0008287172706852742,32,0.3,0.0,-0.008034313291596314,0,1.2568370085823288,1.2640580383955835,0.9942874222591709
2025-07-28,0.001062759004822949,0.0020984873048641717,-0.0010357283000412226,31,0.3,0.009374999999999984,-0.0013445653619399032,0,1.2581727234307944,1.266710648141768,0.9932597671587442
2025-07-29,0.001260147181929034,0.003917115239085778,-0.0026569680571567438,31,0.3,0.0,-0.0049394449514367006,0,1.2597582062426058,1.2716724997251163,0.9906310048498447
2025-07-30,0.0009442774073889951,-0.00018949790929712051,0.0011337753166861158,31,0.3,0.0,0.0035897531463232654,0,1.2609477674555334,1.2714315204451077,0.9917543707065686
2025-07-31,-0.01847369827040886,-0.018222684852631565,-0.00025101341777729325,31,0.3,0.0,-0.01905939624522254,0,1.2376533988648142,1.2482626245363342,0.9915008064304891
2025-08-01,-0.003546231984247822,-0.0050698411558057765,0.0015236091715579545,30,0.3,0.009677419354838731,1.8533502075575824e-05,0,1.2332643927963467,1.2419341313092058,0.9930191639843896
2025-08-04,0.004252768534243292,0.0038900068425371526,0.00036276169170613905,30,0.3,0.0,0.005099212481557616,0,1.2385091808004336,1.2467652635779791,0.9933779974316479
2025-08-05,0.00863836215175743,0.008044729775498416,0.0005936323762590137,30,0.3,0.0,0.01002350436302846,0,1.2492078716324642,1.2567951532169421,0.9939629926443803
2025-08-06,0.002225767701542203,0.0024455519136337145,-0.00021978421209151167,31,0.3,0.009677419354838733,0.0017226152926835144,0,1.2519883181656561,1.2598687110089375,0.993745068216695
2025-08-07,0.0016338418839693509,0.00028705585229782393,0.001346786031671527,32,0.3,0.009374999999999984,0.0047857176245362475,0,1.2540338691181157,1.2602303636955596,0.9950830461192245
2025-08-08,-0.001040770664956954,-0.0023572022613742583,0.0013164315964173043,32,0.3,0.0,0.002030903060016756,0,1.252728707454275,1.257259745832404,0.9963961000158094
2025-08-11,0.00191858867243923,0.004273773803145531,-0.002355185130706301,31,0.3,0.009374999999999984,-0.003567468299208804,0,1.2551321785620364,1.2626329895978918,0.9940593893097596
2025-08-12,0.004576609459072727,0.005170295984199713,-0.0005936865251269866,31,0.3,0.0,0.003191340900443094,0,1.26087642836283,1.269161175873528,0.9934722652503172
2025-08-13,0.005153371560495447,0.00790390482687342,-0.002750533266377973,31,0.3,0.0,-0.001264539394386486,0,1.2673741930900542,1.279192505017595,0.9907611154058644
2025-08-14,-0.0007993304102015901,-0.0007816208179632911,-1.7709592238299068e-05,31,0.3,0.0,-0.0008406527920909548,0,1.2663611423564125,1.2781926615254906,0.9907435557054776
2025-08-15,0.005438266619537193,0.006958548113727536,-0.0015202814941903432,31,0.3,0.0,0.0018909431330930617,0,1.2732479518851683,1.2870870266593293,0.9892477552119527
2025-08-18,0.0063651680052223564,0.008818677858427604,-0.0024535098532052473,31,0.3,0.0,0.0006403116810767783,0,1.2813523890112226,1.2984374325231993,0.9868418430614897
2025-08-19,-0.003911990339330617,-0.003783165709871472,-0.000128824629459145,31,0.3,0.0,-0.004212581141401955,0,1.2763397508441325,1.293525228552064,0.9867142307481946
2025-08-20,0.012121616114393791,0.011370458515621573,0.0007511575987722181,31,0.3,0.0,0.013874317178195636,0,1.2918110513354062,1.308233203502225,0.9874470758555465
2025-08-21,0.004396791567996495,0.0039038526937729134,0.0004929388742235816,32,0.3,0.009374999999999984,0.005556357274518187,0,1.2974908752733625,1.3133403532178003,0.9879319340903482
2025-08-22,0.01678361948876968,0.020971435942042538,-0.004187816453272857,33,0.3,0.009090909090909092,0.007021138673557251,0,1.3192674684141013,1.3408829863054068,0.9838796389304157
2025-08-25,0.02008579870732455,0.02083692277864846,-0.0007511240713239074,34,0.12,0.1835294117647059,0.015036379047027653,1,1.3457660092257886,1.368822861546256,0.9831557077484651
2025-08-26,-0.00333147591039787,-0.0037212743328440823,0.00038979842244621235,35,0.12,0.003428571428571482,-0.000464382717220887,1,1.3412826221850207,1.3637290961653739,0.9835403717325752
2025-08-27,-0.01512672237350991,-0.014927018327870134,-0.00019970404563977515,35,0.12,0.0,-0.0165912187082016,1,1.3209934123348146,1.3433726869526637,0.9833409783932598
2025-08-28,0.014894238942002156,0.017704778516881126,-0.00281053957487897,36,0.3,0.17999999999999997,0.008516313267284562,0,1.3406686038589402,1.367156802840788,0.9806253394440135
2025-08-29,0.00625812051114491,0.00738770396941435,-0.0011295834582694397,36,0.12,0.18000000000000008,-0.0015754915161643132,1,1.3490586695473978,1.3772569525799467,0.9795257646151457
2025-09-01,0.004416072961325505,0.005993649960034597,-0.0015775769987090918,38,0.3,0.18000000000000005,0.0009150599643376261,0,1.3550162110612278,1.385511748658735,0.9779896939690127
2025-09-02,-0.005389971311452928,-0.00735199469302994,0.0019620233815770115,38,0.3,0.007894736842105262,-0.0008040220175977957,0,1.3477127125570543,1.3753254736354652,0.9799227443919724
2025-09-03,-0.007235363576189785,-0.006819624069982377,-0.00041573950620740763,39,0.3,0.007692307692307783,-0.008197730116314764,0,1.337961521085451,1.365946270931401,0.9795125544529156
2025-09-04,-0.017841320659617573,-0.021216303869546982,0.0033749832099294087,39,0.3,0.0,-0.009966359836448961,0,1.3140905205575357,1.3369659397778457,0.9828900508683781
2025-09-05,0.017998787663328176,0.021789657928137807,-0.003790870264809631,40,0.3,0.007500000000000219,0.009160923712105707,0,1.337742556807443,1.3660979702671763,0.9792434993119947
2025-09-08,0.0012007997654839451,0.0016250834104036826,-0.00042428364491973753,43,0.3,0.020930232558139642,0.0002317348265626976,0,1.3393489177559352,1.3683179934156435,0.9788286964001732
2025-09-09,-0.005490502663905351,-0.007009375761109604,0.001518873097204253,48,0.3,0.03125000000000006,-0.0019152154370954315,0,1.3319952189550974,1.3587269384391059,0.9803259074890224
2025-09-10,0.0013918196735369583,0.0020527433658958927,-0.0006609236923589344,50,0.3,0.012000000000000096,-0.0001383356086338877,0,1.3338491161058963,1.3615160561480508,0.9796793141606946
2025-09-11,0.0203377005969832,0.02309587678617797,-0.002758176189194772,50,0.3,0.0,0.01390195615552873,0,1.3609765400708087,1.3929614632232492,0.9770381851925546
2025-09-12,-0.005829645091734045,-0.0057247806717385386,-0.00010486441999550677,53,0.12,0.18905660377358494,-0.006126009328933795,1,1.3530425298640198,1.384987064362112,0.9769351387315628
2025-09-15,0.0005008747395690033,0.002445312890452467,-0.0019444381508834634,55,0.3,0.17999999999999985,-0.0038561476124924117,0,1.353720234688791,1.3883737910837066,0.9750401825376822
2025-09-16,-0.0033971509574982003,-0.0021440283647959912,-0.001253122592702209,55,0.3,0.0,-0.006321103673803356,0,1.3491214426973335,1.3853970782946838,0.9738157123573533
2025-09-17,0.005715810130909676,0.006120769210039123,-0.0004049590791294468,55,0.3,0.0,0.0047709056129409694,0,1.3568327647073302,1.393876774075188,0.9734237559181399
2025-09-18,-0.012024953343657512,-0.011626836427765741,-0.00039811691589177085,56,0.3,0.005357142857142979,-0.012948535671214503,0,1.3405169140165787,1.377670396822554,0.973031660626761
2025-09-19,0.00143913950691271,0.0008471337622097952,0.0005920057447029148,56,0.3,0.005357142857142856,0.0028258433874099875,0,1.3424461048672245,1.3788374679288995,0.9736072133894526
2025-09-22,0.0038821104605186413,0.004595484215122125,-0.0007133737546034841,57,0.3,0.0052631578947368775,0.002222834857671916,0,1.3476576289336122,1.3851738937479856,0.9729158447298899
2025-09-23,-0.0008076293262518387,-0.0006257230341430997,-0.00018190629210873902,55,0.3,0.015789473684210575,-0.0012162878674880193,0,1.3465692211107383,1.3843071585363738,0.9727387544065468
2025-09-24,0.0092935149457806,0.010242250609604042,-0.0009487356638234416,60,0.3,0.025000000000000154,0.007104798396859242,0,1.3590835822926592,1.3984855793747721,0.9718252389132761
2025-09-25,0.005833363155810803,0.006004440404209221,-0.00017107724839841854,60,0.3,0.0,0.005434182909547826,0,1.3670116103872725,1.406882702692274,0.97165997404851
2025-09-26,-0.007695646932068049,-0.00945660568359008,0.0017609587515220312,61,0.3,0.004918032786885403,-0.0035818251457297567,0,1.3564915716816943,1.3935783677298497,0.9733873624139487
2025-09-29,0.014277492048377778,0.015385351809531267,-0.0011078597611534884,62,0.3,0.004862236628849353,0.011697348175648489,0,1.375858869310071,1.4150190611915257,0.9723253255341454
2025-09-30,0.0043865468203987045,0.00446763292402208,-8.108610362337568e-05,62,0.3,0.00972447325769854,0.0042070703852018585,0,1.3818941386585606,1.4213408469374238,0.9722468341328124
2025-10-09,0.014695080516494735,0.014822892311246116,-0.00012781179475138127,59,0.3,0.015853056104438185,0.014412706051512618,0,1.4022011842914202,1.4424092292491526,0.9721243845765859
2025-10-10,-0.015361525401409785,-0.019672630662990076,0.004311105261580291,60,0.3,0.010101010101010105,-0.005292178780954765,0,1.3806612351810406,1.414033245217246,0.9763994162449283
2025-10-13,-0.003244695527722069,-0.004950491939920476,0.0017057964121984072,59,0.3,0.005050505050505054,0.0007405466057913864,0,1.3761814098459493,1.4070330850340185,0.9780732411225972
2025-10-14,-0.010718085381948224,-0.011953495211176945,0.001235409829228722,56,0.3,0.015410958904109647,-0.007820051488177097,0,1.3614313799941706,1.3902141217900967,0.9792961808222288
2025-10-15,0.013479585775362596,0.014809990358365388,-0.0013304045830027922,56,0.3,0.0,0.010375308415022747,0,1.3797829110580724,1.4108031795298714,0.9780123344475761
2025-10-16,0.002248050749721985,0.0026342035633508676,-0.00038615281362888243,56,0.3,0.0,0.0013470275179212603,0,1.3828847330657301,1.4145195222925757,0.9776356644582934
2025-10-17,-0.023261401702552618,-0.02255906985368905,-0.0007023318488635667,56,0.3,0.0,-0.02490017601656761,0,1.350716895781561,1.3826092775797707,0.9769331926847499
2025-10-20,0.005071452724642132,0.005313326102133198,-0.00024187337749106627,56,0.3,0.0,0.004507081510496313,0,1.3575669926628924,1.389955531543387,0.9766981474259606
2025-10-21,0.013923334034480562,0.015347735117563044,-0.0014244010830824824,56,0.3,0.0,0.010599731507288107,0,1.3764688513759231,1.4112882008667063,0.9753279666978015
2025-10-22,-0.0035285445216327637,-0.003320730623673107,-0.00020781389795965655,56,0.3,0.0,-0.0040134436168719635,0,1.3716119197512024,1.4066016929192597,0.9751246046807753
2025-10-23,0.003192218791009859,0.002999344593550113,0.00019287419745974603,56,0.3,0.0,0.0036422585850826,0,1.3759904050954053,1.4108205761021955,0.9753121186373545
2025-10-24,0.010732816243010826,0.011796511885009409,-0.0010636956419985827,57,0.3,0.005319148936170289,0.008256178893950306,0,1.3907586572654405,1.4274633377958008,0.9742867788205073
2025-10-27,0.012358483000362856,0.011872743557892473,0.00048573944247038217,57,0.3,0.0,0.013491875032793747,0,1.407946324488863,1.4444112439437435,0.9747544754945838
2025-10-28,-0.006219470195525274,-0.005098707625962318,-0.0011207625695629567,58,0.3,0.006675209262878578,-0.008827907648575963,0,1.3991896442868053,1.437046613319222,0.9736564084410759
2025-10-29,0.012675234199853391,0.011906462377341054,0.0007687718225123374,58,0.3,0.0,0.014469035119048852,0,1.4169247007181502,1.4541567547551926,0.9743961206965542
2025-10-30,-0.006844728129368166,-0.00798822571402924,0.0011434975846610742,58,0.3,0.0,-0.004176567098492328,0,1.407226236361948,1.4425406223746278,0.9755193126176599
2025-10-31,-0.014149091517953082,-0.014701636612666436,0.0005525450947133533,57,0.3,0.005199306759098903,-0.012854620323529497,0,1.3873152635571981,1.4213329143454663,0.9760663737222088
2025-11-03,0.0027462795374502465,0.0027442603301301993,2.01920732004722e-06,58,0.3,0.005226480836237104,0.0027562175020332605,0,1.3911252190774976,1.4252334218782128,0.9760683392087688
2025-11-04,-0.007807590570396249,-0.0074577253445586855,-0.0003498652258375635,57,0.3,0.005226480836237196,-0.008618716283180996,0,1.3802638829347877,1.4146044224659595,0.9757242809468184
2025-11-05,0.0022638894487500426,0.0018529027329989844,0.00041098671575105815,57,0.3,0.0,0.003222858452169179,0,1.3833886477758546,1.4172255468664592,0.9761245490067412
2025-11-06,0.013949355128417973,0.01429490516735954,-0.000345550038941567,57,0.3,0.0,0.013143071704220985,0,1.402686027304302,1.4374846516596744,0.9757920028466426
2025-11-07,-0.002111065760728889,-0.0031126241188909054,0.0010015583581620166,57,0.3,0.0,0.00022590374164914938,0,1.3997248648590073,1.433010302262383,0.9767723669879931
2025-11-10,0.003573661308180897,0.003474463421602847,9.919788657805021e-05,56,0.3,0.005319148936170344,0.003810442192465852,0,1.4047270074506526,1.4379892441403737,0.9768689252543018
2025-11-11,-0.00885319344692914,-0.009134129265100266,0.00028093581817112585,57,0.3,0.005347593582887725,-0.008192328944280293,0,1.392290687513566,1.4248544645025716,0.9771458925804231
2025-11-12,-0.0021966716717109957,-0.001345094021268145,-0.0008515776504428507,57,0.3,0.0,-0.0041836861894109815,0,1.389232282001518,1.422937901281192,0.9763126561958002
2025-11-13,0.012234346616532603,0.012089327039823683,0.0001450195767089199,56,0.3,0.005347593582887814,0.0125780732224363,0,1.406228631270401,1.4401402629271407,0.9764525494288918
2025-11-14,-0.015483589108985814,-0.01572370046595184,0.00024011135696602563,54,0.3,0.01088929219600726,-0.014912439983869085,0,1.3844551649505186,1.4174959288039173,0.9766907522046441
2025-11-17,-0.006602752651024052,-0.006500948826135278,-0.00010180382488877461,54,0.3,0.0,-0.006840294909097861,0,1.3753139499399176,1.4082808603095078,0.9765906707257636
2025-11-18,-0.007037982373511844,-0.006493988487517255,-0.0005439938859945889,54,0.3,0.0,-0.008307301440832552,0,1.3656345146021955,1.399135500615467,0.9760559388289878
2025-11-19,0.004048617777104692,0.004399858079545238,-0.00035124030244054576,55,0.3,0.005514705882353006,0.0032345717772924395,0,1.3711634467750415,1.4052914982522287,0.9757146104422945
2025-11-20,-0.004980579267057201,-0.005087709976273946,0.00010713070921674565,55,0.3,0.0,-0.004730607612218128,0,1.3643342585402871,1.3981417826769977,0.9758196739732791
2025-11-21,-0.024688459155608595,-0.024390352898410628,-0.00029810625719796716,55,0.3,0.0,-0.02538404042240386,0,1.3306509479237176,1.3640406111954928,0.9755215035404912
2025-11-24,-0.0004654854363036496,-0.0012483811999961514,0.0007828957636925018,55,0.3,0.0,0.0013612713456455212,0,1.3300315492866555,1.3623377685404452,0.9762861898129703
2025-11-25,0.009572847581797933,0.009522582019015013,5.026556278291995e-05,56,0.3,0.010830324909747318,0.00970096421986783,0,1.3427637385869593,1.3753107416789734,0.976334800488593
2025-11-26,0.004787115121389428,0.006061992586102516,-0.001274877464713088,56,0.3,0.0,0.0018124010370588917,0,1.3491917031844023,1.3836478651986184,0.9750975931948769
2025-11-27,-0.0005803059264443382,-0.0004920283896928668,-8.827753675147139e-05,55,0.3,0.005415162454873671,-0.0007808716830762314,0,1.3484087592431349,1.3829670711676028,0.9750114716069912
2025-11-28,0.0027306782626669614,0.0024934431651024713,0.00023723509756449004,56,0.3,0.005415162454873671,0.003289641986105645,0,1.35209082973119,1.3864154209587674,0.9752422032323902
2025-12-01,0.013493097810361409,0.0110067869884507,0.002486310821910708,57,0.3,0.005319148936170288,0.019299808877089233,0,1.3703347235452457,1.4016754001747638,0.9776405602712223
2025-12-02,-0.005875142229116322,-0.004840155074452679,-0.0010349871546636432,60,0.3,0.015151515151515135,-0.00827496074151331,0,1.3622838121429206,1.3948910738738725,0.9766237935408136
2025-12-03,-0.003491680305777518,-0.005112953160864575,0.0016212728550870571,60,0.3,0.0,0.00029128968942561406,0,1.3575271525851818,1.3877590611486472,0.9782153045079435
2025-12-04,0.002453675930577972,0.0034247701514389384,-0.0009710942208609663,59,0.3,0.0050505050505050535,0.00019283992028622243,0,1.360858084284586,1.392511816958658,0.977268607498638
2025-12-05,0.007915865026536255,0.00835144516969999,-0.000435580143163734,59,0.3,0.0,0.006899511359154209,0,1.3716304532000536,1.4041413030461476,0.9768464542880657
2025-12-08,0.006836992406375141,0.008118093849742936,-0.0012811014433677945,58,0.3,0.005136986301370081,0.0038528926914849905,0,1.3810082801929353,1.4155402539225765,0.9756050923780158
2025-12-09,-0.005435089972678944,-0.005091421450446942,-0.00034366852223200166,58,0.3,0.001548722517498146,-0.006235434468702783,0,1.3735023759370721,1.408333141909784,0.9752680918056936
2025-12-10,-0.0007463206749838461,-0.0013909503131558365,0.0006446296381719904,59,0.3,0.0051635111876076195,0.0007629786586050723,0,1.372477302716771,1.406374220485017,0.9758976542128623
2025-12-11,-0.007992996713124445,-0.008633273294054389,0.0006402765809299434,59,0.3,0.0,-0.006499018024287911,0,1.361507096147318,1.394232607485857,0.976527940056178
2025-12-12,0.0069566200264487895,0.006318987752869765,0.0006376322735790248,59,0.3,0.005163511187607573,0.008449592175987456,0,1.3709785836785284,1.403042746257212,0.9771466958763597
2025-12-15,-0.005174543481355914,-0.006306639452515306,0.0011320959711593921,57,0.3,0.010327022375215184,-0.00252265919294212,0,1.3638843953852762,1.3941942615201008,0.9782599405467517
2025-12-16,-0.011218843210745608,-0.01197372283965692,0.0007548796289113119,58,0.3,0.005253940455341608,-0.00945220346949721,0,1.3485831901958663,1.377500565848019,0.9790073584221356
2025-12-17,0.01795410372235802,0.01830339132077219,-0.0003492875984141691,56,0.3,0.010507880910683005,0.017149607206968974,0,1.3727957926708714,1.4027134977493205,0.9786715497309659
2025-12-18,-0.00528794729771148,-0.005913349163459758,0.000625401865748278,56,0.3,0.005444646098003629,-0.0038232316315341616,0,1.3655365208687078,1.394418763060831,0.9792872536161771
2025-12-19,0.0031372416519613207,0.003379354464773998,-0.00024211281281267746,57,0.3,0.005347593582887813,0.0025776593489812943,0,1.3698205389192515,1.3991309983335452,0.9790509541642604
2025-12-22,0.008655095205075224,0.009510443561734139,-0.0008553483566589148,59,0.3,0.010327022375215184,0.006669609395246304,0,1.381676466097465,1.412437354728669,0.9782214138360046
2025-12-23,0.0017505978733162813,0.001975573244433315,-0.0002249753711170339,59,0.3,0.005163511187607573,0.0012308188518974767,0,1.3840952259806265,1.4152277281761092,0.9780017720288698
2025-12-24,0.0037727471996992193,0.0028836327110881577,0.0008891144886110616,58,0.3,0.005163511187607618,0.005852511184312638,0,1.3893170673685618,1.419308725146717,0.9788688273053103
2025-12-25,0.002213886709310885,0.0018293035828247373,0.0003845831264861479,57,0.3,0.005253940455341608,0.0031165012782339062,0,1.392392857959028,1.4219050716827621,0.9792445963436871
2025-12-26,0.0029886738397041797,0.0031672992843112535,-0.00017862544460707378,57,0.3,0.005347593582887699,0.0025772287292038956,0,1.396554266068201,1.4264086705986616,0.9790702306107473
2025-12-29,-0.003957128442962449,-0.0038365856172325463,-0.00012054282572990238,55,0.3,0.010695187165775518,-0.004227699849166447,0,1.391027921459802,1.420936131608747,0.9789517561812693
2025-12-30,0.002562708054602852,0.0025670930770997913,-4.3850224969391866e-06,54,0.3,0.00554528650646959,0.002558021621949797,0,1.3945927199183046,1.4245838069152008,0.9789474744474044
2025-12-31,-0.0028372336669178974,-0.0045884770946363895,0.0017512434277184921,55,0.3,0.00554528650646959,0.001254546284265054,0,1.3906359345017139,1.4180471367477805,0.9806697524110991
2026-01-05,0.016637172854124395,0.018964869843331567,-0.0023276969892071717,55,0.3,0.0,0.01120587987930766,0,1.4137721849211757,1.4449402161279112,0.9784295357975029
2026-01-06,0.01573969735303545,0.0154624909095884,0.0002772064434470485,55,0.3,0.0,0.01638651238774523,0,1.4360245312379747,1.4672825910846878,0.9786966327845507
2026-01-07,-0.0013114789177247651,-0.0029281771254092703,0.0016166982076845052,55,0.3,0.0,0.002460816900205747,0,1.4341412153399204,1.4629861277649625,0.9802835366121283
2026-01-08,-0.007274692431735312,-0.008167245026855396,0.0008925525951200847,55,0.3,0.0,-0.005192069709788449,0,1.4237082790946476,1.4510375615886157,0.981165696038876
2026-01-09,0.005653433116197669,0.004489247588721934,0.0011641855274757348,55,0.3,0.0,0.00836986601364105,0,1.431757118627486,1.4575516284631225,0.9823028499766867
2026-01-12,0.006888186308657946,0.006512693284052684,0.0003754930246052616,54,0.3,0.005545286506469591,0.007769881985910027,0,1.4416193284093393,1.4670442151649743,0.9826693111953848
2026-01-13,-0.00579817616358246,-0.006029981113445548,0.00023180494986308874,53,0.3,0.005649717514124431,-0.00525164822972113,0,1.4332605655823965,1.45819796625494,0.9828984806935441
2026-01-14,-0.002818541878391132,-0.004012113003053819,0.001193571124662687,53,0.3,0.0,-3.354258751152928e-05,0,1.4292208606556558,1.452347511233502,0.9840763657465117
2026-01-15,0.003466654421640764,0.0020031292739712825,0.0014635251476694815,52,0.3,0.0057581573896353586,0.006887304590259189,0,1.434175475471749,1.4552567510492331,0.9855137070745182
2026-01-16,-0.0010915168419128902,-0.0041159193929286575,0.0030244025510157676,51,0.3,0.00587084148727995,0.005971293285277847,0,1.4326100487860132,1.4492670315658993,0.9885066158153831
2026-01-19,0.002885305088350544,0.0005458303951026977,0.002339474693247846,52,0.3,0.00587084148727995,0.008349950214082798,0,1.4367435658493977,1.4500580855623482,0.9908179404359605
2026-01-20,-0.0032630831567060517,-0.003290219893497426,2.7136736791374093e-05,52,0.3,0.0,-0.003199764104192846,0,1.4320553521191686,1.445287075602504,0.9908449167596551
2026-01-21,0.0004963755923865802,0.0008881348113625176,-0.0003917592189759374,52,0.3,0.011741682974559685,-0.00040598756891604737,0,1.4327661894429071,1.446570685366759,0.9904570885726528
2026-01-22,-3.7098346928525434e-05,0.00013548393489548616,-0.0001725822818240116,52,0.3,0.0,-0.00043979033785121913,0,1.4327130361857436,1.446766672455317,0.990286176384114
2026-01-23,-0.002902347034058694,-0.004490644862106263,0.0015882978280475695,51,0.3,0.005870841487279951,0.0008095520728729157,0,1.4285548057545128,1.440269757130989,0.9918661408264154
2026-01-26,0.00252690749793037,0.0009500060031939483,0.0015769014947364214,51,0.3,0.0,0.006206344318982021,0,1.4321646316043783,1.4416380220464822,0.9934287315558896
2026-01-27,-0.0008255616632874436,-0.0002702803760555872,-0.0005552812872318564,51,0.3,0.0,-0.0021212180001617753,0,1.4309822913890096,1.4412483755797474,0.9928769500353413
2026-01-28,0.0038411798169936335,0.0026137708381157587,0.0012274089788778747,51,0.3,0.0,0.006705134101042009,0,1.4364789516851684,1.4450154685543195,0.9940924391088412
2026-01-29,0.0048761403907616446,0.00760457087734423,-0.0027284304865825854,49,0.3,0.011976047904191748,-0.001478221363360198,0,1.4434834247219592,1.4560041911037995,0.9914005972933716
2026-01-30,-0.009776603589952833,-0.009998086401063921,0.0002214828111110883,50,0.3,0.0061099796334014,-0.009253700384393562,0,1.429371059489785,1.4414469354008326,0.9916223930174096
2026-02-02,-0.024142882779927086,-0.021324468242318484,-0.0028184145376086017,50,0.3,0.0,-0.030719183367680494,0,1.394861921551503,1.4107088460038901,0.9887666937814442
2026-02-03,0.015175363546042424,0.011751571039204878,0.003423792506837546,50,0.3,0.0,0.023164212728663373,0,1.4160294583075783,1.4272868912233396,0.9921127048913674
2026-02-04,0.00846301050422563,0.008277877887535423,0.0001851326166902069,50,0.3,0.0,0.008894986609836113,0,1.4280133304875282,1.4391017978193665,0.992294869377107
2026-02-05,-0.008045911919339727,-0.006015387460044153,-0.0020305244592955744,51,0.3,0.005988023952095873,-0.01277781430041064,0,1.4165236610107828,1.430445042911037,0.990267796746722
2026-02-06,-0.004280004284855629,-0.005743146631732476,0.0014631423468768473,50,0.3,0.004191616766467246,-0.0008618138587098532,0,1.4104609336720573,1.422229787280964,0.9917250688221019
2026-02-09,0.01772210352948587,0.01625033737324122,0.001471766156244652,50,0.3,0.0,0.021156224560723396,0,1.4354572683628888,1.4453415011465527,0.9931613167020922
2026-02-10,0.0039024901000309768,0.001110328021331597,0.00279216207869938,48,0.3,0.012145748987854265,0.010429680699317384,0,1.4410591261416925,1.4469463043156692,0.9959313084691411
2026-02-11,-0.0009596411065305892,-0.0022177062756191246,0.0012580651690885353,48,0.3,0.0,0.0019758442880093265,0,1.439676226567306,1.4437374024161045,0.9971870398023892
2026-02-12,0.005043552566574062,0.0012218332122886366,0.003821719354285425,48,0.3,0.0,0.01396089772657339,0,1.446937309294845,1.4455014087241997,1.0009933581261001
2026-02-13,-0.015058091694123771,-0.012537646374315758,-0.002520445319808013,47,0.3,0.006329113924050668,-0.02093280165975175,0,1.4251491946158346,1.4273782232280405,0.9984383756344797
2026-02-24,0.01372800888088406,0.010114656114909693,0.0036133527659743675,47,0.3,0.0,0.022159165334824257,0,1.4447136554161053,1.441815663101903,1.0020099603495551
2026-02-25,0.007045696369385348,0.006020506659098812,0.0010251897102865363,46,0.3,0.006465517241379483,0.009444271210628649,0,1.454892669172872,1.450496123902801,1.0030310630946337
2026-02-26,0.0016968143011342148,-0.0019028963916318808,0.0035997106927660957,46,0.3,0.0,0.010096139250921772,0,1.45736135186054,1.4477359800625502,1.0066485684755682
2026-02-27,-0.0014602268662897407,-0.0034329242419604,0.0019726973756706593,45,0.3,0.006607929515418543,0.0031493416064572156,0,1.4552332736606608,1.4427660121206352,1.0086412220937342
2026-03-02,0.006985703061148128,0.003825780276590196,0.0031599227845579315,45,0.3,0.0,0.014358856225116635,0,1.4653991011951568,1.4482857178735409,1.0118163033097798
2026-03-03,-0.01563100209583335,-0.015389658924727434,-0.00024134317110591566,46,0.3,0.006607929515418543,-0.016187528232231737,0,1.442493444773143,1.425997094649913,1.011568291537985
2026-03-04,-0.01084845473467152,-0.01144172844746838,0.0005932737127968598,46,0.3,0.0066079295154185015,-0.00945754147529676,0,1.4268446199324611,1.4096812231260498,1.0121753744923625
2026-03-05,0.010008091912655934,0.00979167386817359,0.00021641804448234436,45,0.3,0.006607929515418543,0.01051967527929683,0,1.441124612033824,1.423484361920988,1.012392303410366
2026-03-06,0.001985108475546583,0.0027426300464266085,-0.0007575215708800253,44,0.3,0.006756756756756978,0.00022431490024994895,0,1.443985400715491,1.4273884529026108,1.0116274919971016
2026-03-09,-0.012029778111357105,-0.009652288121355102,-0.002377489990002004,44,0.3,0.0,-0.017577254754695116,0,1.4266145767488447,1.4136108882940996,1.009198916450366
2026-03-10,0.011701966631992012,0.012848375450559502,-0.0011464088185674896,44,0.3,0.0,0.009027012722001205,0,1.443308772922673,1.4317734917279012,1.008056638331005
2026-03-11,0.00496700554064061,0.0063617649194198655,-0.001394759378779256,42,0.3,0.013824884792626831,0.0017263918749483075,0,1.450477695594635,1.4408820981001311,1.0066595299554044
2026-03-12,-0.004246609963671425,-0.0035999181123742563,-0.0006466918512971686,42,0.3,0.0,-0.005755557616698153,0,1.4443180825604396,1.4356950405373847,1.0060061794319686
2026-03-13,-0.006747071401348206,-0.003929570950994221,-0.0028175004503539847,44,0.3,0.013824884792626776,-0.013307414234048213,0,1.434573165331146,1.4300533750116025,1.0031605745621257
2026-03-16,-0.0016123858144240753,0.000518103976321127,-0.002130489790745202,44,0.3,0.0,-0.0065835286594962145,0,1.4322600799096126,1.4307942913515475,1.0010244579300638
2026-03-17,-0.008958044689101372,-0.007303750047816027,-0.0016542946412853449,44,0.3,0.0,-0.012818065518767177,0,1.4194298301073665,1.4203441274776738,0.9993562846125671
2026-03-18,0.006465616158062343,0.004505331304397675,0.001960284853664668,43,0.3,0.006912442396313431,0.011046526592342884,0,1.4286073185521442,1.4267432483382163,1.001306521139034
2026-03-19,-0.01882570831911738,-0.01611763471408778,-0.0027080736050295977,42,0.3,0.007075471698113317,-0.025137471259155,0,1.401712773870525,1.4037475218307098,0.9985504886537352
2026-03-20,-0.006522161695467791,-0.0035418526381852944,-0.002980309057282497,42,0.3,0.0,-0.013476216162460286,0,1.3925705765087388,1.3987756549671677,0.9955639216078761
2026-03-23,-0.030604234744572672,-0.032629782335646285,0.0020255475910736127,42,0.3,0.0,-0.02587795703206758,0,1.3499520196868806,1.353133909809188,0.9976485031531314
2026-03-24,0.014579099430403728,0.01283959647687416,0.0017395029535295682,42,0.3,0.0,0.01863793965530606,0,1.36963310440817,1.370507603190313,0.999361916139606
2026-03-25,0.013923270051726444,0.014021696630834857,-9.842657910841268e-05,42,0.3,0.0,0.013693608033806814,0,1.3887028759926294,1.3897244450325001,0.9992649125202322
2026-03-26,-0.013982088693390337,-0.013208100134136647,-0.00077398855925369,41,0.3,0.007246376811594377,-0.01578081562150402,0,1.3692859092117342,1.3713688254036533,0.998481140774579
2026-03-27,0.0046083717854464605,0.005591358618961317,-0.0009829868335148569,41,0.3,0.0,0.002314735840578461,0,1.3755960877619549,1.379036640305349,0.9975051043294744
2026-03-30,-0.000815910043455132,-0.002358608632785697,0.0015426985893305652,41,0.3,0.0,0.0027837199983161863,0,1.3744737250982122,1.375784032580597,0.9990475921719145
2026-03-31,-0.00993417279713448,-0.009327953338750472,-0.0006062194583840077,41,0.3,0.0,-0.011348684866697165,0,1.3608194656079655,1.3629507833204872,0.9984362474869934
2026-04-01,0.018930526514456508,0.0170823950197585,0.0018481314946980076,41,0.3,0.0,0.02324283333541852,0,1.3865804945830458,1.3862332469936571,1.0002504972306367
2026-04-02,-0.009664702968505894,-0.010418030065309614,0.0007533270968037194,41,0.3,0.0,-0.00790693974263055,0,1.3731796059609767,1.3717914273489455,1.0010119458281743
2026-04-03,-0.007593536128591579,-0.008512152532686557,0.0009186164040949777,41,0.3,0.0,-0.0054500978523699655,0,1.3627523170120668,1.3601145294763195,1.0019393863373864
2026-04-07,0.000640785117542071,-3.88894865052114e-05,0.0006796746040472824,41,0.3,0.0,0.00222669252698573,0,1.363625548415704,1.3600616353206798,1.0026204055775634
2026-04-08,0.03560062107060697,0.03489150897571358,0.0007091120948933896,41,0.3,0.0,0.037255215958691544,0,1.4121714648470503,1.407516238076995,1.0033074053741755
2026-04-09,-0.004691257031740202,-0.006382753251184425,0.001691496219444223,41,0.3,0.0,-0.000744432519703683,0,1.4055466055325636,1.3985324092323141,1.005015397751204
2026-04-10,0.011676146925058117,0.015404808135002224,-0.0037286612099441067,41,0.3,0.0,0.0029759374351885372,0,1.4219579742087785,1.4200765326671203,1.001324887425697
2026-04-13,0.0010517175210394032,0.002068147209394633,-0.0010164296883552297,40,0.3,0.007425742574257533,-0.0013125260092152085,0,1.4234534723244354,1.4230134599852826,1.0003092116494507
2026-04-14,0.011411147685887748,0.011865532843009508,-0.0004543851571217599,40,0.12,0.18000000000000002,0.008528989866994846,1,1.4396967101211193,1.4398982729307825,0.999860015937617
2026-04-15,-0.00412319017430485,-0.003411259779961817,-0.0007119303943430326,41,0.12,0.002970297029703024,-0.009336587323579502,1,1.4337605667919688,1.4349864058650972,0.9991457486509154
2026-04-16,0.009168753593598377,0.010962347679302376,-0.0017935940857039985,41,0.3,0.18000000000000008,0.005163700726955716,0,1.4469063641411024,1.4507172257612628,0.9973731189287005
2026-04-17,-0.0023166291151419265,-0.0016754818010366046,-0.0006411473141053219,41,0.3,0.0,-0.003812639514721012,0,1.443554418731049,1.4482865754510494,0.9967325826254195
2026-04-20,0.0075606574409700445,0.006084224584341991,0.0014764328566280538,40,0.3,0.007425742574257534,0.011013093182343095,0,1.4544686391884731,1.4570982762385811,0.9981952919079032
2026-04-21,0.0012123437510679347,0.0022186503212999753,-0.0010063065702320406,40,0.3,0.0,-0.0011357049128068266,0,1.4562319551543175,1.4603310677973236,0.9971930251068417
2026-04-22,0.006269116482395956,0.006633812898791724,-0.00036469641639576885,40,0.3,0.0,0.005418158177472497,0,1.4653612429065672,1.4700186308713838,0.9968317490220815
2026-04-23,-0.0030575189312766356,-0.002770986162049738,-0.0002865327692268978,40,0.3,0.0,-0.0037260953928060646,0,1.4608808731652214,1.465945229587284,0.9965453303985387
2026-04-24,-0.0036842956123735848,-0.003543113317804214,-0.00014118229456937074,40,0.3,0.0,-0.004013720966368785,0,1.4554985561740184,1.4607512195211616,0.9964041355728834
2026-04-27,0.0010501182155124643,0.0003308823591079424,0.0007192358564045219,40,0.3,0.0,0.002728335213789682,0,1.457027001720509,1.4612345563307465,0.9971205481063882
2026-04-28,-0.0043545263590030565,-0.002670036004802201,-0.0016844903542008556,41,0.3,0.007425742574257532,-0.008277578109564128,0,1.4506823392357378,1.4573330074538822,0.995436411455633
2026-04-29,0.011604720062240385,0.010957590906644388,0.0006471291555959977,41,0.3,0.0,0.013114688091964385,0,1.4675171016818047,1.4733018663643116,0.9960736052708723
2026-04-30,-0.0019012955242361843,-0.000631950278512261,-0.0012693452457239233,41,0.3,0.0,-0.0048631010975920055,0,1.464726917984637,1.47237081283953,0.9948084444569018
2026-05-06,0.016859286886864857,0.014516714129485075,0.0023425727573797815,41,0.3,0.007425742574257425,0.022332715729991934,0,1.4894211693058534,1.493744799022119,0.9971055097771078
2026-05-07,0.004430971205743899,0.0048013435543941,-0.0003703723486502006,41,0.3,0.0,0.0035667690588934322,0,1.4960207516202733,1.5009167809848136,0.996737974132498
2026-05-08,-0.0039016205413975945,-0.005835637753443534,0.00193401721204594,40,0.3,0.007425742574257533,0.0006185120292838571,0,1.4901838463253945,1.4921579743529216,0.9986769979710873
2026-05-11,0.015820003169193,0.016405139649273703,-0.0005851364800807043,40,0.3,0.0,0.014454684715671351,0,1.5137585594969425,1.5166370343009588,0.9981020674433531
2026-05-12,-0.002079295692211879,-0.0007653927837600882,-0.0013139029084517908,41,0.3,0.007425742574257533,-0.0051376434026918,0,1.5106110078451316,1.5154762112593214,0.9967896537220159
2026-05-13,0.011655590504008426,0.010164657910955333,0.0014909325930530931,40,0.3,0.008354669861890821,0.015142787890994205,0,1.5282180711634217,1.5308805085189632,0.9982608457415678
2026-05-14,-0.01773832067684343,-0.016754476789772044,-0.0009838438870713867,40,0.3,0.0,-0.020033956413343337,0,1.5011100489529778,1.5052314065710677,0.997261977394241
2026-05-15,-0.011312761542417499,-0.011192046648137222,-0.0001207148942802775,41,0.3,0.007453416149068342,-0.01158697621292241,0,1.4841283489202461,1.488384786452483,0.9971402304222808
2026-05-18,-0.004736079491199862,-0.005364441345053539,0.000628361853853677,40,0.3,0.007453416149068342,-0.003262448416058884,0,1.4770993990846166,1.4804004335666887,0.9977701746046379
2026-05-19,0.004079981197794847,0.004005256041260452,7.472515653439513e-05,39,0.3,0.007643312101910882,0.004261983208477014,0,1.4831259368601561,1.4863298163467162,0.9978444357024102
2026-05-20,0.0015384000382405786,-0.0004498768896807892,0.001988276927921368,39,0.3,0.01568627450980392,0.0061933991445669075,0,1.4854075778581375,1.4856611509118984,0.9998293197250225
2026-05-21,-0.015507848477090698,-0.013936627703218019,-0.0015712207738726794,36,0.3,0.023529411764706108,-0.01915050087102891,0,1.462372102213991,1.4649560445585048,0.9982361639080493
2026-05-22,0.01416586116284654,0.012961893146399506,0.0012039680164470344,36,0.3,0.0,0.01697511986788962,0,1.4830878623823744,1.4839446482722443,0.9994226294822605
2026-05-25,0.014995939522589258,0.015789533647179166,-0.0007935941245899077,35,0.3,0.008510638297872433,0.013152730536844013,0,1.5053281582733467,1.5073754422266903,0.9986418221393342
2026-05-26,0.004219127564829447,0.005334020210592705,-0.0011148926457632581,35,0.3,0.0,0.0016177113913818455,0,1.5116793298000315,1.5154158133004785,0.9975343509895749
2026-05-27,-0.011426940259151804,-0.00801922160402091,-0.0034077186551308945,35,0.3,0.0,-0.019378283787790558,0,1.494405460407412,1.5032633580713843,0.994107554330775
2026-05-28,0.0030269622738460485,0.0012309879805745272,0.0017959742932715213,35,0.3,0.0,0.007217568958146266,0,1.4989289693578949,1.5051138571968083,0.9958907508496184
2026-05-29,-0.007612286512252321,-0.004495531360024674,-0.003116755152227647,35,0.3,0.0,-0.014884715200783497,0,1.4875186925816275,1.4983475706513725,0.9927727863135004
2026-06-01,-0.007420200783149616,-0.009784242267255161,0.0023640414841055446,36,0.3,0.008510638297872433,-0.001895593348605477,0,1.4764810052139836,1.4836873750195663,0.9951429324486315
2026-06-02,0.011402733049407306,0.014512756098171264,-0.003110023048763958,35,0.3,0.008510638297872433,0.004154523240589278,0,1.4933169239689592,1.5052197680191612,0.9920922882471402
2026-06-03,0.003919662506668042,0.004934318523100112,-0.0010146560164320702,35,0.3,0.0,0.0015521318016598795,0,1.4991702223264132,1.5126470018018345,0.9910905984943162
2026-06-04,-0.00460712850595732,-0.006897148545385257,0.002290020039427937,33,0.3,0.017518248175182605,0.0007537698342163811,0,1.4922633524598508,1.5022140507336756,0.9933759784306604
2026-06-05,-0.017921770576213428,-0.017906230158246328,-1.5540417967099818e-05,33,0.3,0.0,-0.017958031551469994,0,1.4655193510177742,1.4753150601942868,0.993360259485711
2026-06-08,-0.020464661151472184,-0.021441938447014586,0.0009772772955424017,32,0.3,0.00930232558139545,-0.018175045136291857,0,1.4355279940882701,1.4436814454836473,0.9943523196056276
2026-06-09,0.017609692515336957,0.018706324319753387,-0.00109663180441643,32,0.3,0.0096,0.015060484971698629,0,1.460807200661323,1.4706874188172747,0.9932819047545145
2026-06-10,-0.013859017641098384,-0.011082777817184142,-0.002776239823914242,32,0.3,0.0,-0.02033691056356495,0,1.4405618478971143,1.454388116915995,0.990493411725476
2026-06-11,-0.003422750734703637,-0.00551342237528385,0.0020906716405802127,31,0.3,0.00960000000000002,0.0014650830933168571,0,1.4356311637738384,1.4463694609298434,0.9925756886839262
2026-06-12,0.010342397179174637,0.011627193407640402,-0.001284796228465765,30,0.3,0.009917355371900818,0.007354456668126423,0,1.4504790314723883,1.4631866783909793,0.9913150884256511
2026-06-15,0.022071268659996073,0.023944802867113424,-0.0018735342071173507,30,0.3,0.010256410256410258,0.017709945253645335,0,1.4824929438617063,1.4982223949628377,0.9895012575209026
2026-06-16,-0.0035529984732437106,-0.0015291985878318481,-0.0020237998854118625,31,0.3,0.009917355371900818,-0.008265280850499488,0,1.477225648695571,1.4959313153922025,0.9874956379987759
2026-06-17,0.01275084126809059,0.009654311684853756,0.0030965295832368345,30,0.3,0.009917355371900886,0.01998599431768177,0,1.4960615184592403,1.5103735025701321,0.9905242086897461
2026-06-18,-0.0001465882694319235,0.002070918762576923,-0.0022175070320088466,29,0.3,0.010204081632653213,-0.005310567262486579,0,1.4958422133902856,1.5135013633951035,0.9883322536524151
2026-06-22,0.02383392901861679,0.023890973257115533,-5.704423849874421e-05,26,0.12,0.1799999999999999,0.023865604602959303,1,1.53149401052728,1.5496603839925838,0.9882771905038319
2026-06-23,-0.025703864689905903,-0.027723651372339675,0.002019786682433772,26,0.12,0.0,-0.01089209568539157,1,1.4921286957072855,1.5066981397612473,0.9903302170026768
2026-06-24,0.007079900239773092,0.004804197109151254,0.0022757031306218384,26,0.3,0.18000000000000002,0.01256987421122405,0,1.5026928180177956,1.513936614608652,0.9925731391378213
2026-06-25,0.012663517211972088,0.01559453627101659,-0.002931019059044502,26,0.3,0.0,0.005824472740868251,0,1.5217221943830708,1.5375457540571866,0.9897085601307398
2026-06-26,-0.027608818394976472,-0.030255011858519643,0.0026461934635431707,26,0.3,0.0,-0.021434366980042408,0,1.4797092426707437,1.49102728903517,0.9924092292289634
2026-06-29,0.010134329795360742,0.012057896720166994,-0.0019235669248062522,25,0.3,0.014908354298036408,0.005660915325110864,0,1.4947051041372124,1.5090059420933066,0.9905230075262288
2026-06-30,0.008625966041355269,0.010658137201712714,-0.0020321711603574454,23,0.3,0.024896265560165987,0.003909129599414732,0,1.5075983796073402,1.5250891344623367,0.988531322884834
2026-07-01,-0.003298812525943484,-0.004107998003306745,0.0008091854773632614,23,0.3,0.0,-0.0014107130787625421,0,1.5026250951885995,1.5188240713431007,0.9893345276387565
2026-07-02,-0.02858146284291097,-0.029579002105938224,0.000997539263027255,21,0.3,0.027149321266968417,-0.02622672190791375,0,1.459677871863641,1.4738987709382936,0.9903515089672003
2026-07-03,0.006573205912763609,0.006208679154940722,0.00036452675782288734,22,0.3,0.014218009478673084,0.007437986357162356,0,1.4692726350817054,1.483049735513911,0.9907102910291599
2026-07-06,0.0018187724732903335,-3.6285356719178985e-05,0.0018550578300095125,21,0.3,0.014218009478673084,0.0061614587527912025,0,1.4719449077061506,1.4829959225252256,0.9925481826003557
2026-07-07,-0.011332192822784616,-0.010271710149405311,-0.0010604826733793052,21,0.3,0.0,-0.013806652394002996,0,1.4552645441875085,1.4677630182562966,0.9914846784437747
2026-07-08,-0.009168934559623605,-0.0076641462704545305,-0.001504788289169074,20,0.3,0.01492537313432855,-0.01266518186121712,0,1.4419213188149127,1.4565138677940166,0.9899811808855584
2026-07-09,0.024318645346736462,0.025397506374573497,-0.0010788610278370352,20,0.3,0.0,0.02180130294845005,0,1.4769868919850713,1.4935056880359698,0.9889395827660881
2026-07-10,-0.02034354213416006,-0.01958976173081617,-0.000753780403343892,20,0.3,0.0,-0.02210236307529581,0,1.446939746916371,1.4642482674637265,0.9881792446458986
2026-07-13,-0.018707337841550147,-0.01786394276908443,-0.0008433950724657177,19,0.3,0.015706806282722544,-0.02065955287102077,0,1.4198713562344394,1.4380910202140234,0.9873306600740248
2026-07-14,0.0220665771120099,0.021535836373731465,0.0005307407382784332,19,0.3,0.016574585635359122,0.023321546753628263,0,1.4512030570059207,1.469061513115885,0.9878436294528699
2026-07-15,-0.00641282718579254,-0.0020263100067507978,-0.004386517179041742,19,0.3,0.0,-0.016648033936889937,0,1.441896742589848,1.4660847390713259,0.983501638181706
2026-07-16,-0.023607982640820792,-0.018456738835110675,-0.0051512438057101165,19,0.3,0.0,-0.03562755152081106,0,1.4078564693209308,1.439025595932145,0.9783401166043721
2026-07-17,-0.03310993802963279,-0.03604160143217072,0.0029316634025379346,18,0.3,0.016574585635359115,-0.026252815504742236,0,1.3612424288670972,1.3871608089528666,0.9813155187787244
2026-07-20,0.006833586529086107,0.015284619866577032,-0.008451033337490924,18,0.3,0.0,-0.012885491258392712,0,1.3705445967918237,1.4083630346115248,0.9731472376863877
2026-07-21,0.034185219940543424,0.030643338324720437,0.0035418816158229866,18,0.3,0.0,0.04244961037746372,0,1.4173969652714757,1.4515199795651557,0.9764915297246529
2026-07-22,-0.004364408417802266,-0.0046388350070549755,0.0002744265892527095,18,0.3,0.0,-0.0037240797095459436,0,1.4112108660248774,1.444786617870509,0.9767607538508909
2026-07-23,0.0010750560766789974,0.0022804840164942775,-0.00120542793981528,18,0.3,0.0,-0.001737609116223323,0,1.412727996841873,1.4480814306598075,0.9755860181137561
2026-07-24,-0.014735884737399028,-0.016668796530491914,0.0019329117930928855,18,0.3,0.0,-0.010225757220182298,0,1.3919101999151144,1.4239436559325556,0.9775037053720625
2026-07-27,0.013562411471238628,0.011450485038076552,0.0021119264331620757,18,0.3,0.0,0.018490239815283468,0,1.4107878587773774,1.4402485014598754,0.9795447503311854
2026-07-28,-0.03093758251140706,-0.02826278735373078,-0.0026747951576762824,18,0.3,0.0,-0.037178771212651736,0,1.367141492990361,1.3995430643265856,0.9768484642151292
2026-07-29,0.0057871356615002666,0.00672693772118671,-0.0009398020596864433,18,0.3,0.0,0.0035942641888985646,0,1.375053326278762,1.4089577033584293,0.9759365543771458
2026-07-30,-0.013450622246198016,-0.010986829794752628,-0.0024637924514453874,18,0.3,0.0,-0.01919947129957059,0,1.3565580034186084,1.3934777248836248,0.9735053378997504
2026-07-31,0.010573322993170781,0.008456937823493771,0.0021163851696770104,18,0.3,0.0,0.015511555055750477,0,1.3709013293477244,1.4052622793613891,0.9755483723442148
2026-08-03,-0.014087350719458167,-0.009811850267625766,-0.004275500451832401,18,0.3,0.0,-0.024063518440400437,0,1.3515889615194314,1.3914740562895527,0.9713360844998596
2026-08-04,0.01485850168042609,0.012711872334478791,0.002146629345947299,18,0.3,0.0,0.019867303487636455,0,1.3716715483754134,1.4091622968498447,0.9733950102424389
2026-08-05,0.0182355759686285,0.012437593057265106,0.005797982911363395,18,0.3,0.0,0.03176420276180975,0,1.3966847690998196,1.426688884049704,0.9789694058141697
2026-08-06,0.0014263423630298767,-0.0014694874144267622,0.002895829777456639,18,0.3,0.0,0.008183278510428701,0,1.3986769197537854,1.4245923826902904,0.9818085065936092
2026-08-07,0.01115667058396981,0.009271947441557238,0.0018847231424125727,18,0.3,0.0,0.015554357916265818,0,1.41428149740088,1.4378011283882377,0.9836419442696341
2026-08-10,0.003945493285726957,0.001616424037262032,0.0023290692484649253,18,0.3,0.0,0.009379988198811784,0,1.419861535553003,1.440125224692967,0.9859292172704744
2026-08-11,-0.010679559470213096,-0.008131816066385134,-0.0025477434038279623,18,0.3,0.0,-0.016624294079145008,0,1.4046980398445967,1.4284143912532021,0.983396728880757
2026-08-12,0.005249607985605187,0.00581668719253936,-0.0005670792069341736,18,0.3,0.0,0.0039264231694254486,0,1.412072153891929,1.4367230309484436,0.9828422900409403
2026-08-13,-0.007460441932276695,-0.005748386269506245,-0.0017120556627704502,18,0.3,0.0,-0.011455238478741081,0,1.4015374715836333,1.4284641920042562,0.9811498807101056
2026-08-14,0.0019764227961041317,0.0004137907700709764,0.0015626320260331552,19,0.3,0.016574585635359115,0.005639138775816853,0,1.4043075021920652,1.4290552773022844,0.9826824227842766
2026-08-17,0.017254851118838854,0.01612062047357754,0.001134230645261313,19,0.3,0.0,0.01990138929111525,0,1.4285386190674578,1.4520925350634377,0.9837793285019877
